Store,Date,Weekly_Sales,Holiday_Flag,Temperature,Fuel_Price,CPI,Unemployment,Year,Month,Week,Predicted_Sales,Prediction_Error,Month_Name,Holiday_Label,Data_Type
1,2010-02-05,1643690.9,0,42.31,2.572,211.0963582,8.106,2010,2,5,1608337.7065000022,35353.193499997724,February,Regular Week,Actual
1,2010-02-12,1641957.44,1,38.51,2.548,211.2421698,8.106,2010,2,6,1624091.7507,17865.68929999997,February,Holiday Week,Actual
1,2010-02-19,1611968.17,0,39.93,2.514,211.2891429,8.106,2010,2,7,1610537.6487999996,1430.5212000003085,February,Regular Week,Actual
1,2010-02-26,1409727.59,0,46.63,2.561,211.3196429,8.106,2010,2,8,1470061.2165000022,-60333.62650000211,February,Regular Week,Actual
1,2010-03-05,1554806.68,0,46.5,2.625,211.3501429,8.106,2010,3,9,1526113.411100003,28693.268899996998,March,Regular Week,Actual
1,2010-03-12,1439541.59,0,57.79,2.667,211.3806429,8.106,2010,3,10,1465508.406800002,-25966.81680000201,March,Regular Week,Actual
1,2010-03-19,1472515.79,0,54.58,2.72,211.215635,8.106,2010,3,11,1470189.8466000017,2325.9433999983594,March,Regular Week,Actual
1,2010-03-26,1404429.92,0,51.45,2.732,211.0180424,8.106,2010,3,12,1437084.2439000013,-32654.323900001356,March,Regular Week,Actual
1,2010-04-02,1594968.28,0,62.27,2.719,210.8204499,7.808,2010,4,13,1480149.9606000003,114818.31939999969,April,Regular Week,Actual
1,2010-04-09,1545418.53,0,65.86,2.77,210.6228574,7.808,2010,4,14,1505594.0545000008,39824.475499999244,April,Regular Week,Actual
1,2010-04-16,1466058.28,0,66.32,2.808,210.4887,7.808,2010,4,15,1470902.068400001,-4843.788400000893,April,Regular Week,Actual
1,2010-04-23,1391256.12,0,64.84,2.795,210.4391228,7.808,2010,4,16,1422976.0283000015,-31719.908300001407,April,Regular Week,Actual
1,2010-04-30,1425100.71,0,67.41,2.78,210.3895456,7.808,2010,4,17,1463943.0258999998,-38842.31589999981,April,Regular Week,Actual
1,2010-05-07,1603955.12,0,72.55,2.835,210.3399684,7.808,2010,5,18,1559548.4672000017,44406.65279999841,May,Regular Week,Actual
1,2010-05-14,1494251.5,0,74.78,2.854,210.3374261,7.808,2010,5,19,1559364.3779000016,-65112.87790000159,May,Regular Week,Actual
1,2010-05-21,1399662.07,0,76.44,2.826,210.6170934,7.808,2010,5,20,1481452.9552000007,-81790.8852000006,May,Regular Week,Actual
1,2010-05-28,1432069.95,0,80.44,2.759,210.8967606,7.808,2010,5,21,1446813.5444,-14743.59440000006,May,Regular Week,Actual
1,2010-06-04,1615524.71,0,80.69,2.705,211.1764278,7.808,2010,6,22,1450190.8951999992,165333.81480000075,June,Regular Week,Actual
1,2010-06-11,1542561.09,0,80.43,2.668,211.4560951,7.808,2010,6,23,1509811.456600001,32749.633399999002,June,Regular Week,Actual
1,2010-06-18,1503284.06,0,84.11,2.637,211.4537719,7.808,2010,6,24,1463236.0822999997,40047.977700000396,June,Regular Week,Actual
1,2010-06-25,1422711.6,0,84.34,2.653,211.3386526,7.808,2010,6,25,1432699.6344999978,-9988.034499997739,June,Regular Week,Actual
1,2010-07-02,1492418.14,0,80.91,2.669,211.2235333,7.787,2010,7,26,1480533.397999999,11884.742000000784,July,Regular Week,Actual
1,2010-07-09,1546074.18,0,80.48,2.642,211.108414,7.787,2010,7,27,1502320.564500002,43753.61549999798,July,Regular Week,Actual
1,2010-07-16,1448938.92,0,83.15,2.623,211.1003854,7.787,2010,7,28,1446632.4667000002,2306.4532999997027,July,Regular Week,Actual
1,2010-07-23,1385065.2,0,83.36,2.608,211.2351443,7.787,2010,7,29,1405906.287800001,-20841.087800001027,July,Regular Week,Actual
1,2010-07-30,1371986.6,0,81.84,2.64,211.3699032,7.787,2010,7,30,1408032.5698999984,-36045.96989999828,July,Regular Week,Actual
1,2010-08-06,1605491.78,0,87.16,2.627,211.5046621,7.787,2010,8,31,1545217.9693000005,60273.810699999565,August,Regular Week,Actual
1,2010-08-13,1508237.76,0,87.0,2.692,211.6394211,7.787,2010,8,32,1520841.3969000005,-12603.636900000507,August,Regular Week,Actual
1,2010-08-20,1513080.49,0,86.65,2.664,211.6033633,7.787,2010,8,33,1505942.7648999998,7137.725100000156,August,Regular Week,Actual
1,2010-08-27,1449142.92,0,85.22,2.619,211.5673056,7.787,2010,8,34,1498156.8283000002,-49013.90830000024,August,Regular Week,Actual
1,2010-09-03,1540163.53,0,81.21,2.577,211.5312479,7.787,2010,9,35,1502090.0070000007,38073.522999999346,September,Regular Week,Actual
1,2010-09-10,1507460.69,1,78.69,2.565,211.4951902,7.787,2010,9,36,1540910.3835000012,-33449.693500001216,September,Holiday Week,Actual
1,2010-09-17,1430378.67,0,82.11,2.582,211.5224596,7.787,2010,9,37,1445418.6178000006,-15039.947800000664,September,Regular Week,Actual
1,2010-09-24,1351791.03,0,80.94,2.624,211.5972246,7.787,2010,9,38,1477439.6276000002,-125648.59760000021,September,Regular Week,Actual
1,2010-10-01,1453329.5,0,71.89,2.603,211.6719895,7.838,2010,10,39,1464905.5875000004,-11576.087500000373,October,Regular Week,Actual
1,2010-10-08,1508239.93,0,63.93,2.633,211.7467544,7.838,2010,10,40,1500622.8016000025,7617.128399997484,October,Regular Week,Actual
1,2010-10-15,1459409.1,0,67.18,2.72,211.8137436,7.838,2010,10,41,1462505.1472999984,-3096.0472999983467,October,Regular Week,Actual
1,2010-10-22,1345454.0,0,69.86,2.725,211.8612937,7.838,2010,10,42,1453950.140599999,-108496.14059999911,October,Regular Week,Actual
1,2010-10-29,1384209.22,0,69.64,2.716,211.9088438,7.838,2010,10,43,1433139.7563999996,-48930.53639999963,October,Regular Week,Actual
1,2010-11-05,1551659.28,0,58.74,2.689,211.9563939,7.838,2010,11,44,1546413.958000001,5245.321999998996,November,Regular Week,Actual
1,2010-11-12,1494479.49,0,59.61,2.728,212.003944,7.838,2010,11,45,1512339.6481000003,-17860.15810000035,November,Regular Week,Actual
1,2010-11-19,1483784.18,0,51.41,2.771,211.8896737,7.838,2010,11,46,1555017.857,-71233.67700000014,November,Regular Week,Actual
1,2010-11-26,1955624.11,1,64.52,2.735,211.7484333,7.838,2010,11,47,1879265.004900003,76359.10509999702,November,Holiday Week,Actual
1,2010-12-03,1548033.78,0,49.27,2.708,211.607193,7.838,2010,12,48,1652587.076900001,-104553.29690000089,December,Regular Week,Actual
1,2010-12-10,1682614.26,0,46.33,2.843,211.4659526,7.838,2010,12,49,1681741.2006000006,873.0593999994453,December,Regular Week,Actual
1,2010-12-17,1891034.93,0,49.84,2.869,211.4053124,7.838,2010,12,50,1737146.5347000002,153888.39529999974,December,Regular Week,Actual
1,2010-12-24,2387950.2,0,52.33,2.886,211.4051222,7.838,2010,12,51,2047162.177299998,340788.0227000022,December,Regular Week,Actual
1,2010-12-31,1367320.01,1,48.43,2.943,211.4049321,7.838,2010,12,52,1566058.557400001,-198738.54740000097,December,Holiday Week,Actual
1,2011-01-07,1444732.28,0,48.27,2.976,211.4047419,7.742,2011,1,1,1466824.447100001,-22092.167100000894,January,Regular Week,Actual
1,2011-01-14,1391013.96,0,35.4,2.983,211.4574109,7.742,2011,1,2,1463665.9020999991,-72651.94209999917,January,Regular Week,Actual
1,2011-01-21,1327405.42,0,44.04,3.016,211.8272343,7.742,2011,1,3,1518686.1305000002,-191280.71050000028,January,Regular Week,Actual
1,2011-01-28,1316899.31,0,43.83,3.01,212.1970577,7.742,2011,1,4,1538891.609200001,-221992.29920000094,January,Regular Week,Actual
1,2011-02-04,1606629.58,0,42.27,2.989,212.5668812,7.742,2011,2,5,1602718.4781000016,3911.1018999984954,February,Regular Week,Actual
1,2011-02-11,1649614.93,1,36.39,3.022,212.9367046,7.742,2011,2,6,1633728.371100003,15886.558899997035,February,Holiday Week,Actual
1,2011-02-18,1686842.78,0,57.36,3.045,213.2478853,7.742,2011,2,7,1635145.2181000006,51697.56189999939,February,Regular Week,Actual
1,2011-02-25,1456800.28,0,62.9,3.065,213.535609,7.742,2011,2,8,1525246.3493000004,-68446.06930000032,February,Regular Week,Actual
1,2011-03-04,1636263.41,0,59.58,3.288,213.8233327,7.742,2011,3,9,1605649.5250999983,30613.884900001576,March,Regular Week,Actual
1,2011-03-11,1553191.63,0,53.56,3.459,214.1110564,7.742,2011,3,10,1568491.6455999985,-15300.015599998645,March,Regular Week,Actual
1,2011-03-18,1576818.06,0,62.76,3.488,214.3627114,7.742,2011,3,11,1559984.3628000002,16833.69719999982,March,Regular Week,Actual
1,2011-03-25,1541102.38,0,69.97,3.473,214.5999389,7.742,2011,3,12,1553481.6207999983,-12379.240799998399,March,Regular Week,Actual
1,2011-04-01,1495064.75,0,59.17,3.524,214.8371664,7.682,2011,4,13,1533739.2841999996,-38674.534199999645,April,Regular Week,Actual
1,2011-04-08,1614259.35,0,67.84,3.622,215.0743939,7.682,2011,4,14,1592001.890099998,22257.459900001995,April,Regular Week,Actual
1,2011-04-15,1559889.0,0,71.27,3.743,215.2918561,7.682,2011,4,15,1546908.0509999997,12980.949000000255,April,Regular Week,Actual
1,2011-04-22,1564819.81,0,72.99,3.807,215.4599053,7.682,2011,4,16,1493305.3043999998,71514.50560000027,April,Regular Week,Actual
1,2011-04-29,1455090.69,0,72.03,3.81,215.6279544,7.682,2011,4,17,1482434.623699999,-27343.933699999005,April,Regular Week,Actual
1,2011-05-06,1629391.28,0,64.61,3.906,215.7960035,7.682,2011,5,18,1493026.5189000003,136364.76109999977,May,Regular Week,Actual
1,2011-05-13,1604775.58,0,75.64,3.899,215.9640526,7.682,2011,5,19,1564323.9954000008,40451.584599999245,May,Regular Week,Actual
1,2011-05-20,1428218.27,0,67.63,3.907,215.7339202,7.682,2011,5,20,1460273.962699999,-32055.692699999083,May,Regular Week,Actual
1,2011-05-27,1466046.67,0,77.72,3.786,215.5037878,7.682,2011,5,21,1479353.5655,-13306.8955000001,May,Regular Week,Actual
1,2011-06-03,1635078.41,0,83.0,3.699,215.2736553,7.682,2011,6,22,1509791.8331999995,125286.57680000039,June,Regular Week,Actual
1,2011-06-10,1588948.32,0,83.13,3.648,215.0435229,7.682,2011,6,23,1556751.0111999973,32197.308800002793,June,Regular Week,Actual
1,2011-06-17,1532114.86,0,86.41,3.637,214.9980596,7.682,2011,6,24,1532949.8321000005,-834.9721000003628,June,Regular Week,Actual
1,2011-06-24,1438830.15,0,83.58,3.594,215.0910982,7.682,2011,6,25,1475078.5442000013,-36248.39420000138,June,Regular Week,Actual
1,2011-07-01,1488538.09,0,85.55,3.524,215.1841368,7.962,2011,7,26,1486249.2898000013,2288.8001999987755,July,Regular Week,Actual
1,2011-07-08,1534849.64,0,85.83,3.48,215.2771754,7.962,2011,7,27,1504274.7226999998,30574.91730000009,July,Regular Week,Actual
1,2011-07-15,1455119.97,0,88.54,3.575,215.3611087,7.962,2011,7,28,1498380.4293,-43260.45929999999,July,Regular Week,Actual
1,2011-07-22,1396926.82,0,85.77,3.651,215.4222784,7.962,2011,7,29,1413767.3256999976,-16840.505699997535,July,Regular Week,Actual
1,2011-07-29,1352219.79,0,86.83,3.682,215.4834482,7.962,2011,7,30,1408202.274100001,-55982.48410000093,July,Regular Week,Actual
1,2011-08-05,1624383.75,0,91.65,3.684,215.544618,7.962,2011,8,31,1573255.6369000005,51128.11309999949,August,Regular Week,Actual
1,2011-08-12,1525147.09,0,90.76,3.638,215.6057878,7.962,2011,8,32,1554027.5659,-28880.47589999996,August,Regular Week,Actual
1,2011-08-19,1530761.43,0,89.94,3.554,215.6693107,7.962,2011,8,33,1553551.9424999997,-22790.51249999972,August,Regular Week,Actual
1,2011-08-26,1464693.46,0,87.96,3.523,215.7332258,7.962,2011,8,34,1496332.7103999988,-31639.250399998855,August,Regular Week,Actual
1,2011-09-02,1550229.22,0,87.83,3.533,215.7971409,7.962,2011,9,35,1527410.2250999992,22818.994900000747,September,Regular Week,Actual
1,2011-09-09,1540471.24,1,76.0,3.546,215.861056,7.962,2011,9,36,1534440.9134999993,6030.326500000665,September,Holiday Week,Actual
1,2011-09-16,1514259.78,0,79.94,3.526,216.0410526,7.962,2011,9,37,1452286.1589999988,61973.62100000121,September,Regular Week,Actual
1,2011-09-23,1380020.27,0,75.8,3.467,216.3758246,7.962,2011,9,38,1407920.281799999,-27900.011799999047,September,Regular Week,Actual
1,2011-09-30,1394561.83,0,79.69,3.355,216.7105965,7.962,2011,9,39,1428694.962699999,-34133.13269999903,September,Regular Week,Actual
1,2011-10-07,1630989.95,0,69.31,3.285,217.0453684,7.866,2011,10,40,1553218.6178999997,77771.33210000023,October,Regular Week,Actual
1,2011-10-14,1493525.93,0,71.74,3.274,217.3552733,7.866,2011,10,41,1543378.2327999996,-49852.302799999714,October,Regular Week,Actual
1,2011-10-21,1502562.78,0,63.71,3.353,217.5159762,7.866,2011,10,42,1532636.8285000003,-30074.048500000266,October,Regular Week,Actual
1,2011-10-28,1445249.09,0,66.57,3.372,217.6766791,7.866,2011,10,43,1533976.5033999998,-88727.41339999973,October,Regular Week,Actual
1,2011-11-04,1697229.58,0,54.98,3.332,217.837382,7.866,2011,11,44,1595262.697299999,101966.88270000112,November,Regular Week,Actual
1,2011-11-11,1594938.89,0,59.11,3.297,217.9980849,7.866,2011,11,45,1606570.2042999985,-11631.314299998572,November,Regular Week,Actual
1,2011-11-18,1539483.7,0,62.25,3.308,218.2205088,7.866,2011,11,46,1609430.2931999993,-69946.5931999993,November,Regular Week,Actual
1,2011-11-25,2033320.66,1,60.14,3.236,218.4676211,7.866,2011,11,47,1913806.6367999986,119514.02320000133,November,Holiday Week,Actual
1,2011-12-02,1584083.95,0,48.91,3.172,218.7147333,7.866,2011,12,48,1689965.1316999996,-105881.18169999961,December,Regular Week,Actual
1,2011-12-09,1799682.38,0,43.93,3.158,218.9618456,7.866,2011,12,49,1718748.2918999996,80934.08810000028,December,Regular Week,Actual
1,2011-12-16,1881176.67,0,51.63,3.159,219.1794533,7.866,2011,12,50,1926106.0242999983,-44929.35429999838,December,Regular Week,Actual
1,2011-12-23,2270188.99,0,47.96,3.112,219.3577216,7.866,2011,12,51,1959368.1431999994,310820.8468000009,December,Regular Week,Actual
1,2011-12-30,1497462.72,1,44.55,3.129,219.5359898,7.866,2011,12,52,1634610.3414999994,-137147.62149999943,December,Holiday Week,Actual
1,2012-01-06,1550369.92,0,49.01,3.157,219.7142581,7.348,2012,1,1,1529067.7648000002,21302.15519999969,January,Regular Week,Actual
1,2012-01-13,1459601.17,0,48.53,3.261,219.8925263,7.348,2012,1,2,1499285.765300001,-39684.59530000109,January,Regular Week,Actual
1,2012-01-20,1394393.84,0,54.11,3.268,219.9856893,7.348,2012,1,3,1413139.9793000019,-18746.139300001785,January,Regular Week,Actual
1,2012-01-27,1319325.59,0,54.26,3.29,220.0788523,7.348,2012,1,4,1422448.6045000022,-103123.01450000214,January,Regular Week,Actual
1,2012-02-03,1636339.65,0,56.55,3.36,220.1720153,7.348,2012,2,5,1597993.2645000026,38346.3854999973,February,Regular Week,Actual
1,2012-02-10,1802477.43,1,48.02,3.409,220.2651783,7.348,2012,2,6,1759500.5476000032,42976.88239999674,February,Holiday Week,Actual
1,2012-02-17,1819870.0,0,45.32,3.51,220.4257586,7.348,2012,2,7,1776132.764000001,43737.2359999991,February,Regular Week,Actual
1,2012-02-24,1539387.83,0,57.25,3.555,220.636902,7.348,2012,2,8,1673315.7196000004,-133927.88960000034,February,Regular Week,Actual
1,2012-03-02,1688420.76,0,60.96,3.63,220.8480454,7.348,2012,3,9,1664664.0977999992,23756.662200000836,March,Regular Week,Actual
1,2012-03-09,1675431.16,0,58.76,3.669,221.0591887,7.348,2012,3,10,1657633.7837999973,17797.376200002618,March,Regular Week,Actual
1,2012-03-16,1677472.78,0,64.74,3.734,221.2118132,7.348,2012,3,11,1591302.2687999976,86170.5112000024,March,Regular Week,Actual
1,2012-03-23,1511068.07,0,65.93,3.787,221.2864126,7.348,2012,3,12,1558670.0222999973,-47601.95229999721,March,Regular Week,Actual
1,2012-03-30,1649604.63,0,67.61,3.845,221.3610119,7.348,2012,3,13,1620357.8091999975,29246.82080000243,March,Regular Week,Actual
1,2012-04-06,1899676.88,0,70.43,3.891,221.4356112,7.143,2012,4,14,1788053.5784999975,111623.30150000239,April,Regular Week,Actual
1,2012-04-13,1621031.7,0,69.07,3.891,221.5102105,7.143,2012,4,15,1671996.3911999993,-50964.6911999993,April,Regular Week,Actual
1,2012-04-20,1521577.87,0,66.76,3.877,221.5640737,7.143,2012,4,16,1547098.601500001,-25520.731500000926,April,Regular Week,Actual
1,2012-04-27,1468928.37,0,67.23,3.814,221.6179368,7.143,2012,4,17,1507969.6636000008,-39041.293600000674,April,Regular Week,Actual
1,2012-05-04,1684519.99,0,75.55,3.749,221.6718,7.143,2012,5,18,1638110.1996000006,46409.79039999936,May,Regular Week,Actual
1,2012-05-11,1611096.05,0,73.77,3.688,221.7256632,7.143,2012,5,19,1608939.3173000005,2156.7326999995857,May,Regular Week,Actual
1,2012-05-18,1595901.87,0,70.33,3.63,221.742674,7.143,2012,5,20,1593002.4452000016,2899.4247999985237,May,Regular Week,Actual
1,2012-05-25,1555444.55,0,77.22,3.561,221.744944,7.143,2012,5,21,1573377.2852000005,-17932.73520000046,May,Regular Week,Actual
1,2012-06-01,1624477.58,0,77.95,3.501,221.7472139,7.143,2012,6,22,1578301.6766000004,46175.90339999972,June,Regular Week,Actual
1,2012-06-08,1697230.96,0,78.3,3.452,221.7494839,7.143,2012,6,23,1590338.533400001,106892.42659999896,June,Regular Week,Actual
1,2012-06-15,1630607.0,0,79.35,3.393,221.7626421,7.143,2012,6,24,1595538.5325000002,35068.467499999795,June,Regular Week,Actual
1,2012-06-22,1527845.81,0,78.39,3.346,221.8030211,7.143,2012,6,25,1579801.1662,-51955.35620000004,June,Regular Week,Actual
1,2012-06-29,1540421.49,0,84.88,3.286,221.8434,7.143,2012,6,26,1565192.7539999995,-24771.2639999995,June,Regular Week,Actual
1,2012-07-06,1769854.16,0,81.57,3.227,221.8837789,6.908,2012,7,27,1684167.7544999986,85686.40550000127,July,Regular Week,Actual
1,2012-07-13,1527014.04,0,77.12,3.256,221.9241579,6.908,2012,7,28,1574864.2395000001,-47850.199500000104,July,Regular Week,Actual
1,2012-07-20,1497954.76,0,80.42,3.311,221.9327267,6.908,2012,7,29,1510847.8559000012,-12893.095900001237,July,Regular Week,Actual
1,2012-07-27,1439123.71,0,82.66,3.407,221.9412954,6.908,2012,7,30,1503395.628499999,-64271.91849999898,July,Regular Week,Actual
1,2012-08-03,1631135.79,0,86.11,3.417,221.9498642,6.908,2012,8,31,1594548.9363000002,36586.85369999986,August,Regular Week,Actual
1,2012-08-10,1592409.97,0,85.05,3.494,221.9584329,6.908,2012,8,32,1579907.7401999994,12502.229800000554,August,Regular Week,Actual
1,2012-08-17,1597868.05,0,84.85,3.571,222.0384109,6.908,2012,8,33,1565532.9203999997,32335.129600000335,August,Regular Week,Actual
1,2012-08-24,1494122.38,0,77.66,3.62,222.1719457,6.908,2012,8,34,1517544.6837999993,-23422.303799999412,August,Regular Week,Actual
1,2012-08-31,1582083.4,0,80.49,3.638,222.3054805,6.908,2012,8,35,1555989.9271000018,26093.472899998073,August,Regular Week,Actual
1,2012-09-07,1661767.33,1,83.96,3.73,222.4390153,6.908,2012,9,36,1557852.4694000005,103914.86059999955,September,Holiday Week,Actual
1,2012-09-14,1517428.87,0,74.97,3.717,222.5820193,6.908,2012,9,37,1523178.3390000018,-5749.469000001671,September,Regular Week,Actual
1,2012-09-21,1506126.06,0,69.87,3.721,222.7818386,6.908,2012,9,38,1516647.7887000013,-10521.728700001258,September,Regular Week,Actual
1,2012-09-28,1437059.26,0,76.08,3.666,222.9816579,6.908,2012,9,39,1476911.8292000007,-39852.569200000726,September,Regular Week,Actual
1,2012-10-05,1670785.97,0,68.55,3.617,223.1814772,6.573,2012,10,40,1609454.0496999996,61331.92030000035,October,Regular Week,Actual
1,2012-10-12,1573072.81,0,62.99,3.601,223.3812965,6.573,2012,10,41,1569301.6832000008,3771.1267999992706,October,Regular Week,Actual
1,2012-10-19,1508068.77,0,67.97,3.594,223.4257233,6.573,2012,10,42,1532664.7478000002,-24595.977800000226,October,Regular Week,Actual
1,2012-10-26,1493659.74,0,69.16,3.506,223.4442513,6.573,2012,10,43,1520060.0913999996,-26400.351399999578,October,Regular Week,Actual
2,2010-02-05,2136989.46,0,40.19,2.572,210.7526053,8.324,2010,2,5,2072920.6574000004,64068.80259999959,February,Regular Week,Actual
2,2010-02-12,2137809.5,1,38.49,2.548,210.8979935,8.324,2010,2,6,2045365.0526999992,92444.44730000081,February,Holiday Week,Actual
2,2010-02-19,2124451.54,0,39.69,2.514,210.9451605,8.324,2010,2,7,2104922.6629999992,19528.877000000793,February,Regular Week,Actual
2,2010-02-26,1865097.27,0,46.1,2.561,210.9759573,8.324,2010,2,8,1926108.8407000015,-61011.57070000144,February,Regular Week,Actual
2,2010-03-05,1991013.13,0,47.17,2.625,211.0067542,8.324,2010,3,9,1961418.2046999983,29594.925300001632,March,Regular Week,Actual
2,2010-03-12,1990483.78,0,57.56,2.667,211.037551,8.324,2010,3,10,1970929.5407,19554.239300000016,March,Regular Week,Actual
2,2010-03-19,1946070.88,0,54.52,2.72,210.8733316,8.324,2010,3,11,1911279.8325000003,34791.04749999964,March,Regular Week,Actual
2,2010-03-26,1750197.81,0,51.26,2.732,210.6766095,8.324,2010,3,12,1825283.9348000004,-75086.12480000034,March,Regular Week,Actual
2,2010-04-02,2066187.72,0,63.27,2.719,210.4798874,8.2,2010,4,13,1898208.4741999996,167979.24580000038,April,Regular Week,Actual
2,2010-04-09,1954689.21,0,65.41,2.77,210.2831653,8.2,2010,4,14,1923058.5504000008,31630.6595999992,April,Regular Week,Actual
2,2010-04-16,1874957.94,0,68.07,2.808,210.1495463,8.2,2010,4,15,1866374.5378999987,8583.402100001229,April,Regular Week,Actual
2,2010-04-23,1821990.93,0,65.11,2.795,210.1000648,8.2,2010,4,16,1845978.4171000018,-23987.48710000189,April,Regular Week,Actual
2,2010-04-30,1802450.29,0,66.98,2.78,210.0505833,8.2,2010,4,17,1834841.1624999992,-32390.872499999125,April,Regular Week,Actual
2,2010-05-07,2042581.71,0,71.28,2.835,210.0011018,8.2,2010,5,18,1857176.7603999996,185404.9496000004,May,Regular Week,Actual
2,2010-05-14,1880752.36,0,73.31,2.854,209.9984585,8.2,2010,5,19,1856660.2277999995,24092.132200000575,May,Regular Week,Actual
2,2010-05-21,1896937.1,0,74.83,2.826,210.2768443,8.2,2010,5,20,1887229.3049999988,9707.795000001322,May,Regular Week,Actual
2,2010-05-28,1957113.89,0,81.13,2.759,210.5552301,8.2,2010,5,21,1936715.061499997,20398.828500002855,May,Regular Week,Actual
2,2010-06-04,2102539.93,0,81.81,2.705,210.833616,8.2,2010,6,22,2038852.451700002,63687.47829999821,June,Regular Week,Actual
2,2010-06-11,2025538.76,0,83.4,2.668,211.1120018,8.2,2010,6,23,2014124.3456999988,11414.414300001226,June,Regular Week,Actual
2,2010-06-18,2001636.96,0,85.81,2.637,211.1096543,8.2,2010,6,24,1984664.1174000008,16972.84259999916,June,Regular Week,Actual
2,2010-06-25,1939927.09,0,86.26,2.653,210.9950134,8.2,2010,6,25,1966449.9454000017,-26522.85540000163,June,Regular Week,Actual
2,2010-07-02,2003940.64,0,82.74,2.669,210.8803726,8.099,2010,7,26,1983530.5199999982,20410.12000000174,July,Regular Week,Actual
2,2010-07-09,1880902.62,0,82.59,2.642,210.7657317,8.099,2010,7,27,1926042.4230000023,-45139.80300000217,July,Regular Week,Actual
2,2010-07-16,1845879.79,0,85.32,2.623,210.7577954,8.099,2010,7,28,1875484.0046000013,-29604.21460000123,July,Regular Week,Actual
2,2010-07-23,1781717.71,0,87.66,2.608,210.8921319,8.099,2010,7,29,1897184.2750000004,-115466.56500000041,July,Regular Week,Actual
2,2010-07-30,1804246.16,0,83.49,2.64,211.0264684,8.099,2010,7,30,1926383.0079999994,-122136.84799999953,July,Regular Week,Actual
2,2010-08-06,1991909.98,0,89.53,2.627,211.1608049,8.099,2010,8,31,1945309.078999998,46600.90100000193,August,Regular Week,Actual
2,2010-08-13,1895601.05,0,89.05,2.692,211.2951413,8.099,2010,8,32,1917063.6833000013,-21462.633300001267,August,Regular Week,Actual
2,2010-08-20,1964335.23,0,88.7,2.664,211.2596586,8.099,2010,8,33,1944672.4027999989,19662.827200001106,August,Regular Week,Actual
2,2010-08-27,1863840.49,0,87.12,2.619,211.2241759,8.099,2010,8,34,1891968.7204999991,-28128.230499999132,August,Regular Week,Actual
2,2010-09-03,1904608.09,0,81.83,2.577,211.1886931,8.099,2010,9,35,1864939.123700001,39668.96629999904,September,Regular Week,Actual
2,2010-09-10,1839128.83,1,79.09,2.565,211.1532104,8.099,2010,9,36,1843908.1150000019,-4779.285000001779,September,Holiday Week,Actual
2,2010-09-17,1793903.6,0,82.05,2.582,211.1806415,8.099,2010,9,37,1818889.207799998,-24985.60779999802,September,Regular Week,Actual
2,2010-09-24,1724557.22,0,81.79,2.624,211.2552578,8.099,2010,9,38,1774513.2525999986,-49956.03259999864,September,Regular Week,Actual
2,2010-10-01,1827440.43,0,69.24,2.603,211.3298742,8.163,2010,10,39,1793781.500999999,33658.929000000935,October,Regular Week,Actual
2,2010-10-08,1849921.44,0,63.19,2.633,211.4044906,8.163,2010,10,40,1853150.9737999989,-3229.533799998928,October,Regular Week,Actual
2,2010-10-15,1794355.49,0,65.8,2.72,211.4713286,8.163,2010,10,41,1833312.0274999982,-38956.53749999823,October,Regular Week,Actual
2,2010-10-22,1737947.64,0,68.5,2.725,211.5187208,8.163,2010,10,42,1794310.4385999977,-56362.79859999777,October,Regular Week,Actual
2,2010-10-29,1802755.11,0,66.24,2.716,211.5661131,8.163,2010,10,43,1821720.3886999981,-18965.278699998045,October,Regular Week,Actual
2,2010-11-05,1939061.41,0,57.85,2.689,211.6135053,8.163,2010,11,44,1930763.1550999982,8298.254900001688,November,Regular Week,Actual
2,2010-11-12,1916812.74,0,59.69,2.728,211.6608975,8.163,2010,11,45,1914470.0806999998,2342.659300000174,November,Regular Week,Actual
2,2010-11-19,1956739.17,0,50.81,2.771,211.5470304,8.163,2010,11,46,1937842.8679999984,18896.30200000154,November,Regular Week,Actual
2,2010-11-26,2658725.29,1,62.98,2.735,211.4062867,8.163,2010,11,47,2244076.416700002,414648.87329999823,November,Holiday Week,Actual
2,2010-12-03,2015781.27,0,49.33,2.708,211.265543,8.163,2010,12,48,2158401.579100002,-142620.30910000205,December,Regular Week,Actual
2,2010-12-10,2378726.55,0,45.5,2.843,211.1247993,8.163,2010,12,49,2311411.716000003,67314.833999997,December,Regular Week,Actual
2,2010-12-17,2609166.75,0,47.55,2.869,211.0645458,8.163,2010,12,50,2616609.001700002,-7442.251700001769,December,Regular Week,Actual
2,2010-12-24,3436007.68,0,49.97,2.886,211.0646599,8.163,2010,12,51,3145583.9216000047,290423.7583999955,December,Regular Week,Actual
2,2010-12-31,1750434.55,1,47.3,2.943,211.064774,8.163,2010,12,52,2073061.207100003,-322626.657100003,December,Holiday Week,Actual
2,2011-01-07,1758050.79,0,44.69,2.976,211.0648881,8.028,2011,1,1,1775051.1730000007,-17000.383000000613,January,Regular Week,Actual
2,2011-01-14,1744193.58,0,33.02,2.983,211.1176713,8.028,2011,1,2,1789392.2675000022,-45198.687500002095,January,Regular Week,Actual
2,2011-01-21,1751384.9,0,41.4,3.016,211.4864691,8.028,2011,1,3,1790874.5290000024,-39489.62900000252,January,Regular Week,Actual
2,2011-01-28,1695371.68,0,42.83,3.01,211.8552668,8.028,2011,1,4,1758785.1748000034,-63413.49480000348,January,Regular Week,Actual
2,2011-02-04,1929346.23,0,38.25,2.989,212.2240646,8.028,2011,2,5,1944295.6586999989,-14949.428699998884,February,Regular Week,Actual
2,2011-02-11,2168041.61,1,33.19,3.022,212.5928624,8.028,2011,2,6,1981160.435199998,186881.17480000178,February,Holiday Week,Actual
2,2011-02-18,2080884.82,0,57.83,3.045,212.9033115,8.028,2011,2,7,2026104.0082999978,54780.81170000229,February,Regular Week,Actual
2,2011-02-25,1833511.08,0,60.8,3.065,213.190421,8.028,2011,2,8,1938209.0664999993,-104697.98649999918,February,Regular Week,Actual
2,2011-03-04,1981607.78,0,57.77,3.288,213.4775305,8.028,2011,3,9,1889364.5576,92243.22240000009,March,Regular Week,Actual
2,2011-03-11,1879107.31,0,52.7,3.459,213.7646401,8.028,2011,3,10,1871333.5576000009,7773.752399999183,March,Regular Week,Actual
2,2011-03-18,1902557.66,0,62.32,3.488,214.0156238,8.028,2011,3,11,1877671.0320999988,24886.627900001127,March,Regular Week,Actual
2,2011-03-25,1766162.05,0,69.42,3.473,214.2521573,8.028,2011,3,12,1809547.5401000006,-43385.49010000052,March,Regular Week,Actual
2,2011-04-01,1800171.36,0,55.43,3.524,214.4886908,7.931,2011,4,13,1830014.900000003,-29843.54000000283,April,Regular Week,Actual
2,2011-04-08,1847552.61,0,67.0,3.622,214.7252242,7.931,2011,4,14,1857611.6358000026,-10059.025800002506,April,Regular Week,Actual
2,2011-04-15,1856467.84,0,69.48,3.743,214.9420631,7.931,2011,4,15,1862643.526400002,-6175.686400001869,April,Regular Week,Actual
2,2011-04-22,1886339.6,0,69.39,3.807,215.1096657,7.931,2011,4,16,1859900.4839999983,26439.116000001784,April,Regular Week,Actual
2,2011-04-29,1745545.28,0,69.21,3.81,215.2772683,7.931,2011,4,17,1786877.8368000002,-41332.55680000014,April,Regular Week,Actual
2,2011-05-06,1837743.6,0,61.48,3.906,215.4448709,7.931,2011,5,18,1774349.5773000016,63394.02269999846,May,Regular Week,Actual
2,2011-05-13,1838513.07,0,74.61,3.899,215.6124735,7.931,2011,5,19,1838165.9938999978,347.0761000022758,May,Regular Week,Actual
2,2011-05-20,1688281.86,0,67.14,3.907,215.3834778,7.931,2011,5,20,1758483.7874000017,-70201.92740000156,May,Regular Week,Actual
2,2011-05-27,1797732.56,0,76.42,3.786,215.1544822,7.931,2011,5,21,1810532.516600001,-12799.956600000849,May,Regular Week,Actual
2,2011-06-03,1933756.21,0,83.07,3.699,214.9254865,7.931,2011,6,22,1919322.6685999997,14433.54140000022,June,Regular Week,Actual
2,2011-06-10,1929153.16,0,83.4,3.648,214.6964908,7.931,2011,6,23,1913401.3986999982,15751.761300001759,June,Regular Week,Actual
2,2011-06-17,1953771.99,0,86.53,3.637,214.6513538,7.931,2011,6,24,1918825.9176000003,34946.07239999971,June,Regular Week,Actual
2,2011-06-24,1790925.8,0,85.17,3.594,214.7441108,7.931,2011,6,25,1850510.5895000012,-59584.78950000112,June,Regular Week,Actual
2,2011-07-01,1866243.0,0,85.69,3.524,214.8368678,7.852,2011,7,26,1855470.780700001,10772.219299999066,July,Regular Week,Actual
2,2011-07-08,1853161.99,0,87.7,3.48,214.9296249,7.852,2011,7,27,1865539.7988000002,-12377.808800000232,July,Regular Week,Actual
2,2011-07-15,1785187.29,0,89.83,3.575,215.0134426,7.852,2011,7,28,1800015.4944,-14828.20439999993,July,Regular Week,Actual
2,2011-07-22,1743816.41,0,89.34,3.651,215.0749122,7.852,2011,7,29,1775885.0831999984,-32068.673199998448,July,Regular Week,Actual
2,2011-07-29,1680693.06,0,90.07,3.682,215.1363819,7.852,2011,7,30,1721223.437800001,-40530.37780000083,July,Regular Week,Actual
2,2011-08-05,1876704.26,0,93.34,3.684,215.1978515,7.852,2011,8,31,1757761.8520000004,118942.40799999959,August,Regular Week,Actual
2,2011-08-12,1812768.26,0,91.58,3.638,215.2593211,7.852,2011,8,32,1808722.7536999998,4045.506300000241,August,Regular Week,Actual
2,2011-08-19,1844094.59,0,89.86,3.554,215.3229307,7.852,2011,8,33,1839219.5576000013,4875.032399998745,August,Regular Week,Actual
2,2011-08-26,1821139.91,0,90.45,3.523,215.386897,7.852,2011,8,34,1817144.6774999986,3995.2325000013225,August,Regular Week,Actual
2,2011-09-02,1809119.7,0,89.64,3.533,215.4508632,7.852,2011,9,35,1818087.5952999992,-8967.895299999276,September,Regular Week,Actual
2,2011-09-09,1748000.65,1,77.97,3.546,215.5148295,7.852,2011,9,36,1768055.024000002,-20054.374000002164,September,Holiday Week,Actual
2,2011-09-16,1691439.52,0,78.85,3.526,215.6944378,7.852,2011,9,37,1770026.9185000015,-78587.39850000152,September,Regular Week,Actual
2,2011-09-23,1669299.78,0,75.58,3.467,216.0282356,7.852,2011,9,38,1750592.1279999998,-81292.34799999977,September,Regular Week,Actual
2,2011-09-30,1650394.44,0,78.14,3.355,216.3620333,7.852,2011,9,39,1719269.9521999997,-68875.51219999976,September,Regular Week,Actual
2,2011-10-07,1837553.43,0,69.92,3.285,216.6958311,7.441,2011,10,40,1807148.5800999997,30404.849900000263,October,Regular Week,Actual
2,2011-10-14,1743882.19,0,71.67,3.274,217.0048261,7.441,2011,10,41,1824885.6493999998,-81003.45939999982,October,Regular Week,Actual
2,2011-10-21,1834680.25,0,64.53,3.353,217.1650042,7.441,2011,10,42,1839501.4570000002,-4821.2070000001695,October,Regular Week,Actual
2,2011-10-28,1769296.25,0,65.87,3.372,217.3251824,7.441,2011,10,43,1829684.1570999997,-60387.90709999972,October,Regular Week,Actual
2,2011-11-04,1959707.9,0,55.53,3.332,217.4853605,7.441,2011,11,44,1937468.7098000022,22239.19019999774,November,Regular Week,Actual
2,2011-11-11,1920725.15,0,59.33,3.297,217.6455387,7.441,2011,11,45,1920322.2642000022,402.885799997719,November,Regular Week,Actual
2,2011-11-18,1902762.5,0,62.01,3.308,217.8670218,7.441,2011,11,46,1910046.830200001,-7284.330200000899,November,Regular Week,Actual
2,2011-11-25,2614202.3,1,56.36,3.236,218.1130269,7.441,2011,11,47,2374229.7077000034,239972.5922999964,November,Holiday Week,Actual
2,2011-12-02,1954952.0,0,48.74,3.172,218.3590319,7.441,2011,12,48,2183576.3838000013,-228624.38380000135,December,Regular Week,Actual
2,2011-12-09,2290549.32,0,41.76,3.158,218.605037,7.441,2011,12,49,2361283.5131000024,-70734.1931000026,December,Regular Week,Actual
2,2011-12-16,2432736.52,0,50.13,3.159,218.8217928,7.441,2011,12,50,2798186.647400004,-365450.12740000384,December,Regular Week,Actual
2,2011-12-23,3224369.8,0,46.66,3.112,218.9995495,7.441,2011,12,51,2940246.3111000047,284123.4888999951,December,Regular Week,Actual
2,2011-12-30,1874226.52,1,44.57,3.129,219.1773063,7.441,2011,12,52,2099717.532200003,-225491.01220000302,December,Holiday Week,Actual
2,2012-01-06,1799520.14,0,46.75,3.157,219.355063,7.057,2012,1,1,1784661.3083999977,14858.831600002246,January,Regular Week,Actual
2,2012-01-13,1744725.48,0,45.99,3.261,219.5328198,7.057,2012,1,2,1748484.082099998,-3758.602099997923,January,Regular Week,Actual
2,2012-01-20,1711769.11,0,51.7,3.268,219.6258417,7.057,2012,1,3,1754076.7022999981,-42307.59229999804,January,Regular Week,Actual
2,2012-01-27,1660906.14,0,50.5,3.29,219.7188636,7.057,2012,1,4,1692030.8304999985,-31124.69049999863,January,Regular Week,Actual
2,2012-02-03,1935299.94,0,55.21,3.36,219.8118854,7.057,2012,2,5,1948283.104799998,-12983.164799998049,February,Regular Week,Actual
2,2012-02-10,2103322.68,1,46.98,3.409,219.9049073,7.057,2012,2,6,2046593.890099999,56728.78990000114,February,Holiday Week,Actual
2,2012-02-17,2196688.46,0,43.82,3.51,220.0651993,7.057,2012,2,7,2107437.657599999,89250.80240000086,February,Regular Week,Actual
2,2012-02-24,1861802.7,0,54.63,3.555,220.275944,7.057,2012,2,8,1915249.5368999986,-53446.8368999986,February,Regular Week,Actual
2,2012-03-02,1952555.66,0,58.79,3.63,220.4866886,7.057,2012,3,9,1947078.2497999975,5477.41020000237,March,Regular Week,Actual
2,2012-03-09,1937628.26,0,57.11,3.669,220.6974332,7.057,2012,3,10,1940331.7918999984,-2703.53189999843,March,Regular Week,Actual
2,2012-03-16,1976082.13,0,63.68,3.734,220.8498468,7.057,2012,3,11,1949521.071899998,26561.058100001886,March,Regular Week,Actual
2,2012-03-23,1790439.16,0,64.01,3.787,220.9244858,7.057,2012,3,12,1928117.5521999989,-137678.39219999895,March,Regular Week,Actual
2,2012-03-30,1857480.84,0,66.83,3.845,220.9991248,7.057,2012,3,13,1871778.1122000022,-14297.272200002102,March,Regular Week,Actual
2,2012-04-06,2129035.91,0,68.43,3.891,221.0737638,6.891,2012,4,14,2045840.7024999978,83195.20750000235,April,Regular Week,Actual
2,2012-04-13,1935869.1,0,68.08,3.891,221.1484028,6.891,2012,4,15,2020820.5847999982,-84951.48479999811,April,Regular Week,Actual
2,2012-04-20,1847344.45,0,65.69,3.877,221.2021074,6.891,2012,4,16,1897647.7207999995,-50303.27079999959,April,Regular Week,Actual
2,2012-04-27,1764133.09,0,67.2,3.814,221.255812,6.891,2012,4,17,1859926.5377000005,-95793.44770000037,April,Regular Week,Actual
2,2012-05-04,1923957.09,0,76.73,3.749,221.3095166,6.891,2012,5,18,1916237.7289000014,7719.3610999986995,May,Regular Week,Actual
2,2012-05-11,1917520.99,0,73.87,3.688,221.3632212,6.891,2012,5,19,1925198.5332999998,-7677.5432999997865,May,Regular Week,Actual
2,2012-05-18,2000940.67,0,71.27,3.63,221.380331,6.891,2012,5,20,1968000.6619999977,32940.00800000224,May,Regular Week,Actual
2,2012-05-25,1912791.09,0,78.19,3.561,221.3828029,6.891,2012,5,21,1919765.9695000006,-6974.879500000505,May,Regular Week,Actual
2,2012-06-01,1910092.37,0,78.38,3.501,221.3852748,6.891,2012,6,22,1915719.062900002,-5626.692900002003,June,Regular Week,Actual
2,2012-06-08,2010216.49,0,78.69,3.452,221.3877467,6.891,2012,6,23,1918360.8943000012,91855.59569999878,June,Regular Week,Actual
2,2012-06-15,1962924.3,0,80.56,3.393,221.4009901,6.891,2012,6,24,1933108.421100002,29815.87889999803,June,Regular Week,Actual
2,2012-06-22,1887733.21,0,81.04,3.346,221.4411622,6.891,2012,6,25,1900425.2544000007,-12692.044400000712,June,Regular Week,Actual
2,2012-06-29,1881046.12,0,86.32,3.286,221.4813343,6.891,2012,6,26,1885103.2468000024,-4057.1268000022974,June,Regular Week,Actual
2,2012-07-06,2041507.4,0,84.2,3.227,221.5215064,6.565,2012,7,27,1974033.8485000024,67473.5514999975,July,Regular Week,Actual
2,2012-07-13,1830075.13,0,80.17,3.256,221.5616784,6.565,2012,7,28,1847108.4755999986,-17033.34559999872,July,Regular Week,Actual
2,2012-07-20,1819666.46,0,83.23,3.311,221.5701123,6.565,2012,7,29,1833153.2368999994,-13486.776899999473,July,Regular Week,Actual
2,2012-07-27,1757923.88,0,86.37,3.407,221.5785461,6.565,2012,7,30,1799867.0916999981,-41943.21169999824,July,Regular Week,Actual
2,2012-08-03,1946104.64,0,90.22,3.417,221.5869799,6.565,2012,8,31,1900496.1709999973,45608.4690000026,August,Regular Week,Actual
2,2012-08-10,1866719.96,0,88.55,3.494,221.5954138,6.565,2012,8,32,1874849.7240999993,-8129.764099999331,August,Regular Week,Actual
2,2012-08-17,1928016.01,0,84.79,3.571,221.6751459,6.565,2012,8,33,1907490.306799999,20525.703200001037,August,Regular Week,Actual
2,2012-08-24,1876788.15,0,76.91,3.62,221.8083518,6.565,2012,8,34,1893823.7729000014,-17035.622900001472,August,Regular Week,Actual
2,2012-08-31,1947083.3,0,82.64,3.638,221.9415576,6.565,2012,8,35,1922239.4207000015,24843.879299998516,August,Regular Week,Actual
2,2012-09-07,1898777.07,1,87.65,3.73,222.0747635,6.565,2012,9,36,1889556.263799998,9220.806200002087,September,Holiday Week,Actual
2,2012-09-14,1814806.63,0,75.88,3.717,222.2174395,6.565,2012,9,37,1851547.1436999983,-36740.51369999838,September,Regular Week,Actual
2,2012-09-21,1829415.67,0,71.09,3.721,222.4169362,6.565,2012,9,38,1843505.6985999984,-14090.028599998448,September,Regular Week,Actual
2,2012-09-28,1746470.56,0,79.45,3.666,222.6164329,6.565,2012,9,39,1809611.4213000003,-63140.86130000022,September,Regular Week,Actual
2,2012-10-05,1998321.04,0,70.27,3.617,222.8159296,6.17,2012,10,40,1933011.0868999988,65309.95310000121,October,Regular Week,Actual
2,2012-10-12,1900745.13,0,60.97,3.601,223.0154263,6.17,2012,10,41,1899903.3857999977,841.7442000021692,October,Regular Week,Actual
2,2012-10-19,1847990.41,0,68.08,3.594,223.0598077,6.17,2012,10,42,1866327.0413999977,-18336.631399997743,October,Regular Week,Actual
2,2012-10-26,1834458.35,0,69.79,3.506,223.0783366,6.17,2012,10,43,1851499.208999997,-17040.85899999691,October,Regular Week,Actual
3,2010-02-05,461622.22,0,45.71,2.572,214.4248812,7.368,2010,2,5,446048.7734999997,15573.446500000253,February,Regular Week,Actual
3,2010-02-12,420728.96,1,47.93,2.548,214.5747916,7.368,2010,2,6,417811.2661000003,2917.693899999722,February,Holiday Week,Actual
3,2010-02-19,421642.19,0,47.07,2.514,214.6198868,7.368,2010,2,7,423039.60000000015,-1397.410000000149,February,Regular Week,Actual
3,2010-02-26,407204.86,0,52.05,2.561,214.6475127,7.368,2010,2,8,401813.7589999998,5391.101000000199,February,Regular Week,Actual
3,2010-03-05,415202.04,0,53.04,2.625,214.6751386,7.368,2010,3,9,401049.0166999999,14153.023300000059,March,Regular Week,Actual
3,2010-03-12,384200.69,0,63.08,2.667,214.7027646,7.368,2010,3,10,389122.3534000002,-4921.663400000194,March,Regular Week,Actual
3,2010-03-19,375328.59,0,60.42,2.72,214.5301219,7.368,2010,3,11,385709.9058000001,-10381.315800000099,March,Regular Week,Actual
3,2010-03-26,359949.27,0,57.06,2.732,214.3241011,7.368,2010,3,12,394696.93650000007,-34747.66650000005,March,Regular Week,Actual
3,2010-04-02,423294.4,0,65.56,2.719,214.1180803,7.343,2010,4,13,412347.3732999996,10947.026700000395,April,Regular Week,Actual
3,2010-04-09,415870.28,0,68.0,2.77,213.9120595,7.343,2010,4,14,404226.8720000004,11643.407999999647,April,Regular Week,Actual
3,2010-04-16,354993.26,0,66.98,2.808,213.7726889,7.343,2010,4,15,399781.7526000004,-44788.492600000405,April,Regular Week,Actual
3,2010-04-23,339976.65,0,67.87,2.795,213.7221852,7.343,2010,4,16,395854.5549000004,-55877.90490000037,April,Regular Week,Actual
3,2010-04-30,361248.39,0,70.24,2.78,213.6716815,7.343,2010,4,17,367601.4106000003,-6353.02060000028,April,Regular Week,Actual
3,2010-05-07,399323.86,0,73.47,2.835,213.6211778,7.343,2010,5,18,385515.02060000005,13808.839399999939,May,Regular Week,Actual
3,2010-05-14,384357.94,0,77.18,2.854,213.6196139,7.343,2010,5,19,377415.37870000035,6942.561299999652,May,Regular Week,Actual
3,2010-05-21,343763.17,0,75.81,2.826,213.9116886,7.343,2010,5,20,358812.82980000065,-15049.659800000663,May,Regular Week,Actual
3,2010-05-28,350089.23,0,78.6,2.759,214.2037634,7.343,2010,5,21,355598.51530000026,-5509.28530000028,May,Regular Week,Actual
3,2010-06-04,396968.8,0,78.53,2.705,214.4958382,7.343,2010,6,22,355878.87400000007,41089.92599999992,June,Regular Week,Actual
3,2010-06-11,355017.09,0,82.1,2.668,214.787913,7.343,2010,6,23,357187.6005000001,-2170.5105000000913,June,Regular Week,Actual
3,2010-06-18,364076.85,0,83.52,2.637,214.7858259,7.343,2010,6,24,362393.19540000043,1683.6545999995433,June,Regular Week,Actual
3,2010-06-25,357346.48,0,83.79,2.653,214.6660741,7.343,2010,6,25,358553.67210000014,-1207.1921000001603,June,Regular Week,Actual
3,2010-07-02,381151.72,0,82.2,2.669,214.5463222,7.346,2010,7,26,371247.0533999998,9904.666600000171,July,Regular Week,Actual
3,2010-07-09,349214.18,0,81.75,2.642,214.4265704,7.346,2010,7,27,358294.03080000007,-9079.850800000073,July,Regular Week,Actual
3,2010-07-16,352728.78,0,84.32,2.623,214.4176476,7.346,2010,7,28,360781.9514000001,-8053.17140000005,July,Regular Week,Actual
3,2010-07-23,352864.49,0,83.32,2.608,214.5564968,7.346,2010,7,29,355749.54879999964,-2885.0587999996496,July,Regular Week,Actual
3,2010-07-30,347955.05,0,82.04,2.64,214.695346,7.346,2010,7,30,353139.09320000024,-5184.043200000247,July,Regular Week,Actual
3,2010-08-06,402635.76,0,85.13,2.627,214.8341952,7.346,2010,8,31,387166.1494000001,15469.610599999898,August,Regular Week,Actual
3,2010-08-13,339597.38,0,86.74,2.692,214.9730444,7.346,2010,8,32,351385.11979999987,-11787.739799999865,August,Regular Week,Actual
3,2010-08-20,351728.21,0,88.02,2.664,214.9314191,7.346,2010,8,33,357594.17460000044,-5865.964600000414,August,Regular Week,Actual
3,2010-08-27,362134.09,0,86.15,2.619,214.8897938,7.346,2010,8,34,369464.4538000003,-7330.363800000283,August,Regular Week,Actual
3,2010-09-03,366473.97,0,84.16,2.577,214.8481685,7.346,2010,9,35,365264.0921999996,1209.8778000003658,September,Regular Week,Actual
3,2010-09-10,352260.97,1,80.84,2.565,214.8065431,7.346,2010,9,36,356880.05909999966,-4619.089099999692,September,Holiday Week,Actual
3,2010-09-17,363064.64,0,82.36,2.582,214.8322484,7.346,2010,9,37,362661.10749999975,403.5325000002631,September,Regular Week,Actual
3,2010-09-24,355626.87,0,76.9,2.624,214.9084516,7.346,2010,9,38,357136.47220000013,-1509.6022000001394,September,Regular Week,Actual
3,2010-10-01,358784.1,0,73.6,2.603,214.9846548,7.564,2010,10,39,358046.6962000006,737.4037999993889,October,Regular Week,Actual
3,2010-10-08,395107.35,0,66.99,2.633,215.060858,7.564,2010,10,40,380260.7268000003,14846.623199999682,October,Regular Week,Actual
3,2010-10-15,345584.39,0,69.71,2.72,215.1293114,7.564,2010,10,41,357182.1083000004,-11597.718300000357,October,Regular Week,Actual
3,2010-10-22,348895.98,0,71.64,2.725,215.17839,7.564,2010,10,42,358134.11540000036,-9238.135400000378,October,Regular Week,Actual
3,2010-10-29,348591.74,0,72.04,2.716,215.2274686,7.564,2010,10,43,359615.46540000034,-11023.725400000345,October,Regular Week,Actual
3,2010-11-05,423175.56,0,62.94,2.689,215.2765472,7.564,2010,11,44,390956.4083000003,32219.151699999697,November,Regular Week,Actual
3,2010-11-12,386635.03,0,62.79,2.728,215.3256258,7.564,2010,11,45,389964.7356000004,-3329.705600000394,November,Regular Week,Actual
3,2010-11-19,372545.32,0,57.72,2.771,215.2074519,7.564,2010,11,46,385506.1715000001,-12960.851500000106,November,Regular Week,Actual
3,2010-11-26,565567.84,1,68.71,2.735,215.0614025,7.564,2010,11,47,471437.5539000006,94130.28609999939,November,Holiday Week,Actual
3,2010-12-03,476420.77,0,53.76,2.708,214.9153531,7.564,2010,12,48,483807.42390000075,-7386.653900000732,December,Regular Week,Actual
3,2010-12-10,467642.03,0,51.13,2.843,214.7693037,7.564,2010,12,49,485026.94670000044,-17384.91670000041,December,Regular Week,Actual
3,2010-12-17,498159.39,0,52.2,2.869,214.704919,7.564,2010,12,50,503804.5498000003,-5645.159800000314,December,Regular Week,Actual
3,2010-12-24,605990.41,0,57.16,2.886,214.7017828,7.564,2010,12,51,560073.3342999994,45917.07570000063,December,Regular Week,Actual
3,2010-12-31,382677.76,1,53.2,2.943,214.6986466,7.564,2010,12,52,543614.3493999998,-160936.58939999982,December,Holiday Week,Actual
3,2011-01-07,378241.34,0,53.35,2.976,214.6955104,7.551,2011,1,1,376896.86050000036,1344.4794999996666,January,Regular Week,Actual
3,2011-01-14,381061.1,0,44.76,2.983,214.7470729,7.551,2011,1,2,394123.2861000005,-13062.186100000516,January,Regular Week,Actual
3,2011-01-21,350876.7,0,50.74,3.016,215.1268275,7.551,2011,1,3,357315.1921999997,-6438.492199999688,January,Regular Week,Actual
3,2011-01-28,364866.24,0,48.71,3.01,215.5065821,7.551,2011,1,4,367665.7109999997,-2799.4709999997285,January,Regular Week,Actual
3,2011-02-04,438516.53,0,45.95,2.989,215.8863367,7.551,2011,2,5,433649.1312000004,4867.398799999617,February,Regular Week,Actual
3,2011-02-11,430526.21,1,43.57,3.022,216.2660913,7.551,2011,2,6,429226.4394000007,1299.7705999993486,February,Holiday Week,Actual
3,2011-02-18,432782.1,0,61.58,3.045,216.5843571,7.551,2011,2,7,423103.3237000004,9678.776299999561,February,Regular Week,Actual
3,2011-02-25,397211.19,0,67.4,3.065,216.8780275,7.551,2011,2,8,403088.6152000002,-5877.4252000001725,February,Regular Week,Actual
3,2011-03-04,437084.51,0,65.11,3.288,217.1716979,7.551,2011,3,9,418486.0976,18598.41240000003,March,Regular Week,Actual
3,2011-03-11,404753.3,0,61.29,3.459,217.4653683,7.551,2011,3,10,404429.53290000005,323.7670999999391,March,Regular Week,Actual
3,2011-03-18,392109.51,0,69.47,3.488,217.7235226,7.551,2011,3,11,390416.0161000004,1693.4938999995939,March,Regular Week,Actual
3,2011-03-25,380683.67,0,72.94,3.473,217.9674705,7.551,2011,3,12,385054.9825000008,-4371.312500000815,March,Regular Week,Actual
3,2011-04-01,374556.08,0,68.76,3.524,218.2114184,7.574,2011,4,13,392383.9869000001,-17827.90690000006,April,Regular Week,Actual
3,2011-04-08,384075.31,0,72.55,3.622,218.4553663,7.574,2011,4,14,385219.9115000002,-1144.6015000002226,April,Regular Week,Actual
3,2011-04-15,366250.69,0,75.88,3.743,218.6788642,7.574,2011,4,15,374191.25999999995,-7940.569999999949,April,Regular Week,Actual
3,2011-04-22,391860.04,0,76.91,3.807,218.851237,7.574,2011,4,16,367769.66349999973,24090.376500000246,April,Regular Week,Actual
3,2011-04-29,367405.4,0,78.69,3.81,219.0236099,7.574,2011,4,17,370436.61589999945,-3031.215899999428,April,Regular Week,Actual
3,2011-05-06,413042.12,0,69.45,3.906,219.1959827,7.574,2011,5,18,381885.6940999998,31156.425900000206,May,Regular Week,Actual
3,2011-05-13,386312.68,0,79.87,3.899,219.3683556,7.574,2011,5,19,382253.8943999998,4058.7856000001775,May,Regular Week,Actual
3,2011-05-20,364603.13,0,75.79,3.907,219.127216,7.574,2011,5,20,370936.90569999994,-6333.77569999994,May,Regular Week,Actual
3,2011-05-27,369350.6,0,84.41,3.786,218.8860765,7.574,2011,5,21,375418.71339999966,-6068.113399999682,May,Regular Week,Actual
3,2011-06-03,394507.84,0,84.29,3.699,218.6449369,7.574,2011,6,22,387741.2365000003,6766.6034999997355,June,Regular Week,Actual
3,2011-06-10,391638.75,0,84.84,3.648,218.4037974,7.574,2011,6,23,390245.9356,1392.8143999999738,June,Regular Week,Actual
3,2011-06-17,403423.34,0,86.96,3.637,218.3551748,7.574,2011,6,24,397469.89730000036,5953.442699999665,June,Regular Week,Actual
3,2011-06-24,385520.71,0,84.94,3.594,218.45094,7.574,2011,6,25,386425.3510000004,-904.6410000003525,June,Regular Week,Actual
3,2011-07-01,368962.72,0,85.1,3.524,218.5467052,7.567,2011,7,26,374898.15319999965,-5935.433199999679,July,Regular Week,Actual
3,2011-07-08,395146.24,0,85.38,3.48,218.6424704,7.567,2011,7,27,386130.7605999996,9015.479400000419,July,Regular Week,Actual
3,2011-07-15,373454.33,0,87.14,3.575,218.7275216,7.567,2011,7,28,375050.9381999994,-1596.6081999993767,July,Regular Week,Actual
3,2011-07-22,360617.37,0,86.19,3.651,218.7857881,7.567,2011,7,29,365330.4828,-4713.112800000003,July,Regular Week,Actual
3,2011-07-29,345381.29,0,88.07,3.682,218.8440545,7.567,2011,7,30,362120.0475999995,-16738.757599999546,July,Regular Week,Actual
3,2011-08-05,409981.25,0,88.45,3.684,218.9023209,7.567,2011,8,31,393682.6803999999,16298.569600000104,August,Regular Week,Actual
3,2011-08-12,380376.85,0,88.88,3.638,218.9605873,7.567,2011,8,32,382949.7680000004,-2572.9180000004126,August,Regular Week,Actual
3,2011-08-19,379716.91,0,88.44,3.554,219.023271,7.567,2011,8,33,380116.2829,-399.37290000001667,August,Regular Week,Actual
3,2011-08-26,366367.55,0,87.67,3.523,219.0866908,7.567,2011,8,34,371216.1765999997,-4848.626599999727,August,Regular Week,Actual
3,2011-09-02,375988.69,0,89.12,3.533,219.1501106,7.567,2011,9,35,378771.95010000037,-2783.2601000003633,September,Regular Week,Actual
3,2011-09-09,377347.49,1,81.72,3.546,219.2135305,7.567,2011,9,36,375501.56879999966,1845.9212000003317,September,Holiday Week,Actual
3,2011-09-16,375629.51,0,83.63,3.526,219.3972867,7.567,2011,9,37,374620.17860000004,1009.3313999999664,September,Regular Week,Actual
3,2011-09-23,365248.94,0,80.19,3.467,219.7414914,7.567,2011,9,38,373237.37679999997,-7988.436799999967,September,Regular Week,Actual
3,2011-09-30,368477.93,0,82.58,3.355,220.085696,7.567,2011,9,39,370387.8337999999,-1909.9037999999127,September,Regular Week,Actual
3,2011-10-07,403342.4,0,75.54,3.285,220.4299007,7.197,2011,10,40,370748.20950000006,32594.190499999968,October,Regular Week,Actual
3,2011-10-14,368282.57,0,73.75,3.274,220.7486167,7.197,2011,10,41,373961.65050000005,-5679.08050000004,October,Regular Week,Actual
3,2011-10-21,394976.36,0,69.03,3.353,220.9144005,7.197,2011,10,42,391855.59689999983,3120.7631000001566,October,Regular Week,Actual
3,2011-10-28,389540.62,0,71.04,3.372,221.0801842,7.197,2011,10,43,383808.3821999998,5732.237800000177,October,Regular Week,Actual
3,2011-11-04,459443.22,0,59.31,3.332,221.245968,7.197,2011,11,44,439191.7740999996,20251.4459000004,November,Regular Week,Actual
3,2011-11-11,407764.25,0,61.7,3.297,221.4117517,7.197,2011,11,45,420243.1839999996,-12478.933999999601,November,Regular Week,Actual
3,2011-11-18,398838.97,0,63.91,3.308,221.6432852,7.197,2011,11,46,409472.72209999955,-10633.752099999576,November,Regular Week,Actual
3,2011-11-25,556925.19,1,68.0,3.236,221.9011185,7.197,2011,11,47,465814.59870000015,91110.5912999998,November,Holiday Week,Actual
3,2011-12-02,472511.32,0,54.97,3.172,222.1589519,7.197,2011,12,48,484805.4088000001,-12294.088800000085,December,Regular Week,Actual
3,2011-12-09,468772.8,0,49.26,3.158,222.4167852,7.197,2011,12,49,461304.1122999998,7468.687700000184,December,Regular Week,Actual
3,2011-12-16,510747.62,0,57.95,3.159,222.6426418,7.197,2011,12,50,511277.2206999995,-529.6006999994861,December,Regular Week,Actual
3,2011-12-23,551221.21,0,53.41,3.112,222.8258628,7.197,2011,12,51,529242.6177000005,21978.592299999436,December,Regular Week,Actual
3,2011-12-30,410553.88,1,48.29,3.129,223.0090839,7.197,2011,12,52,461765.6105000004,-51211.73050000041,December,Holiday Week,Actual
3,2012-01-06,398178.21,0,52.42,3.157,223.1923049,6.833,2012,1,1,387512.1614000004,10666.04859999963,January,Regular Week,Actual
3,2012-01-13,367438.62,0,51.86,3.261,223.3755259,6.833,2012,1,2,374881.02120000013,-7442.4012000001385,January,Regular Week,Actual
3,2012-01-20,365818.61,0,56.2,3.268,223.4700552,6.833,2012,1,3,366601.3842999999,-782.7742999999318,January,Regular Week,Actual
3,2012-01-27,349518.1,0,58.06,3.29,223.5645845,6.833,2012,1,4,361579.6424000005,-12061.5424000005,January,Regular Week,Actual
3,2012-02-03,424960.66,0,59.33,3.36,223.6591137,6.833,2012,2,5,423560.2957999996,1400.3642000003601,February,Regular Week,Actual
3,2012-02-10,473292.47,1,51.65,3.409,223.753643,6.833,2012,2,6,461341.3795999993,11951.090400000685,February,Holiday Week,Actual
3,2012-02-17,475591.08,0,52.39,3.51,223.9170153,6.833,2012,2,7,466393.083299999,9197.996700001007,February,Regular Week,Actual
3,2012-02-24,418925.47,0,60.12,3.555,224.1320199,6.833,2012,2,8,458228.3685999995,-39302.89859999955,February,Regular Week,Actual
3,2012-03-02,469752.56,0,61.65,3.63,224.3470245,6.833,2012,3,9,457635.6496,12116.910399999993,March,Regular Week,Actual
3,2012-03-09,445162.05,0,60.71,3.669,224.5620291,6.833,2012,3,10,448906.25949999975,-3744.2094999997644,March,Regular Week,Actual
3,2012-03-16,411775.8,0,64.0,3.734,224.7166953,6.833,2012,3,11,423210.26660000003,-11434.466600000043,March,Regular Week,Actual
3,2012-03-23,413907.25,0,66.53,3.787,224.7909104,6.833,2012,3,12,416552.6606000002,-2645.4106000001775,March,Regular Week,Actual
3,2012-03-30,407488.84,0,69.36,3.845,224.8651254,6.833,2012,3,13,418594.62490000034,-11105.784900000319,March,Regular Week,Actual
3,2012-04-06,503232.13,0,73.01,3.891,224.9393405,6.664,2012,4,14,470844.1873000004,32387.942699999607,April,Regular Week,Actual
3,2012-04-13,420789.74,0,72.83,3.891,225.0135556,6.664,2012,4,15,438824.6642000001,-18034.924200000125,April,Regular Week,Actual
3,2012-04-20,434822.13,0,72.05,3.877,225.0689541,6.664,2012,4,16,433702.03070000006,1120.0992999999435,April,Regular Week,Actual
3,2012-04-27,394616.11,0,73.39,3.814,225.1243526,6.664,2012,4,17,405166.1187999997,-10550.00879999972,April,Regular Week,Actual
3,2012-05-04,439913.57,0,79.51,3.749,225.1797511,6.664,2012,5,18,433077.2804,6836.289600000018,May,Regular Week,Actual
3,2012-05-11,431985.36,0,75.19,3.688,225.2351496,6.664,2012,5,19,425977.84809999965,6007.511900000332,May,Regular Week,Actual
3,2012-05-18,418112.76,0,72.38,3.63,225.2512024,6.664,2012,5,20,420267.12500000006,-2154.365000000049,May,Regular Week,Actual
3,2012-05-25,413701.29,0,78.58,3.561,225.2515168,6.664,2012,5,21,421307.11429999955,-7605.824299999571,May,Regular Week,Actual
3,2012-06-01,432268.53,0,81.55,3.501,225.2518313,6.664,2012,6,22,430578.2678000003,1690.2621999997064,June,Regular Week,Actual
3,2012-06-08,446336.8,0,81.65,3.452,225.2521458,6.664,2012,6,23,429286.2399000002,17050.56009999977,June,Regular Week,Actual
3,2012-06-15,442074.79,0,84.66,3.393,225.2644795,6.664,2012,6,24,434755.20319999947,7319.586800000514,June,Regular Week,Actual
3,2012-06-22,419497.95,0,82.7,3.346,225.3068615,6.664,2012,6,25,430674.1815999996,-11176.231599999592,June,Regular Week,Actual
3,2012-06-29,422965.33,0,86.42,3.286,225.3492435,6.664,2012,6,26,421729.4880999994,1235.8419000006397,June,Regular Week,Actual
3,2012-07-06,411206.5,0,83.14,3.227,225.3916254,6.334,2012,7,27,412856.86860000005,-1650.3686000000453,July,Regular Week,Actual
3,2012-07-13,416913.1,0,82.28,3.256,225.4340074,6.334,2012,7,28,414254.34310000046,2658.756899999513,July,Regular Week,Actual
3,2012-07-20,432424.85,0,81.38,3.311,225.4438827,6.334,2012,7,29,413685.9745000003,18738.875499999675,July,Regular Week,Actual
3,2012-07-27,389427.9,0,84.94,3.407,225.4537579,6.334,2012,7,30,398271.32659999945,-8843.426599999424,July,Regular Week,Actual
3,2012-08-03,419990.29,0,86.55,3.417,225.4636332,6.334,2012,8,31,408877.5920999997,11112.697900000261,August,Regular Week,Actual
3,2012-08-10,391811.6,0,85.85,3.494,225.4735085,6.334,2012,8,32,398034.7287000003,-6223.12870000035,August,Regular Week,Actual
3,2012-08-17,394918.83,0,87.36,3.571,225.5558664,6.334,2012,8,33,407234.3240000001,-12315.494000000064,August,Regular Week,Actual
3,2012-08-24,412449.67,0,83.01,3.62,225.6925864,6.334,2012,8,34,408551.75390000077,3897.9160999992164,August,Regular Week,Actual
3,2012-08-31,408838.73,0,85.18,3.638,225.8293063,6.334,2012,8,35,404722.7621000004,4115.967899999581,August,Regular Week,Actual
3,2012-09-07,408229.73,1,84.99,3.73,225.9660263,6.334,2012,9,36,405884.82480000006,2344.905199999921,September,Holiday Week,Actual
3,2012-09-14,407589.16,0,78.36,3.717,226.1122067,6.334,2012,9,37,404131.86110000045,3457.2988999995287,September,Regular Week,Actual
3,2012-09-21,414392.09,0,72.78,3.721,226.3151496,6.334,2012,9,38,411830.2838000004,2561.8061999996426,September,Regular Week,Actual
3,2012-09-28,389813.02,0,77.46,3.666,226.5180926,6.334,2012,9,39,398668.6515000004,-8855.631500000367,September,Regular Week,Actual
3,2012-10-05,443557.65,0,72.74,3.617,226.7210356,6.034,2012,10,40,413973.64449999994,29584.005500000087,October,Regular Week,Actual
3,2012-10-12,410804.39,0,70.31,3.601,226.9239785,6.034,2012,10,41,415472.5499999997,-4668.159999999683,October,Regular Week,Actual
3,2012-10-19,424513.08,0,73.44,3.594,226.9688442,6.034,2012,10,42,416308.2998999996,8204.78010000044,October,Regular Week,Actual
3,2012-10-26,405432.7,0,74.66,3.506,226.9873637,6.034,2012,10,43,407891.75029999996,-2459.0502999999444,October,Regular Week,Actual
4,2010-02-05,2135143.87,0,43.76,2.598,126.4420645,8.623,2010,2,5,2105353.6563000004,29790.21369999973,February,Regular Week,Actual
4,2010-02-12,2188307.39,1,28.84,2.573,126.4962581,8.623,2010,2,6,2138671.949299997,49635.440700002946,February,Holiday Week,Actual
4,2010-02-19,2049860.26,0,36.45,2.54,126.5262857,8.623,2010,2,7,2054894.0830999983,-5033.823099998292,February,Regular Week,Actual
4,2010-02-26,1925728.84,0,41.36,2.59,126.5522857,8.623,2010,2,8,1954303.5545999985,-28574.714599998435,February,Regular Week,Actual
4,2010-03-05,1971057.44,0,43.49,2.654,126.5782857,8.623,2010,3,9,1950198.7600999987,20858.67990000127,March,Regular Week,Actual
4,2010-03-12,1894324.09,0,49.63,2.704,126.6042857,8.623,2010,3,10,1889657.3112000024,4666.778799997643,March,Regular Week,Actual
4,2010-03-19,1897429.36,0,55.19,2.743,126.6066452,8.623,2010,3,11,1890001.9110000005,7427.448999999557,March,Regular Week,Actual
4,2010-03-26,1762539.3,0,39.91,2.752,126.6050645,8.623,2010,3,12,1818713.0060000017,-56173.706000001635,March,Regular Week,Actual
4,2010-04-02,1979247.12,0,48.77,2.74,126.6034839,7.896,2010,4,13,1891009.9839,88237.1361,April,Regular Week,Actual
4,2010-04-09,1818452.72,0,54.16,2.773,126.6019032,7.896,2010,4,14,1854874.1879999998,-36421.46799999988,April,Regular Week,Actual
4,2010-04-16,1851519.69,0,56.23,2.81,126.5621,7.896,2010,4,15,1866549.3278000006,-15029.637800000608,April,Regular Week,Actual
4,2010-04-23,1802677.9,0,56.87,2.805,126.4713333,7.896,2010,4,16,1833414.016700002,-30736.116700001992,April,Regular Week,Actual
4,2010-04-30,1817273.28,0,53.04,2.787,126.3805667,7.896,2010,4,17,1843035.5108000005,-25762.230800000485,April,Regular Week,Actual
4,2010-05-07,2000626.14,0,56.77,2.836,126.2898,7.896,2010,5,18,1946795.1831999985,53830.95680000144,May,Regular Week,Actual
4,2010-05-14,1875597.28,0,62.35,2.845,126.2085484,7.896,2010,5,19,1886353.8170000003,-10756.537000000244,May,Regular Week,Actual
4,2010-05-21,1903752.6,0,67.4,2.82,126.1843871,7.896,2010,5,20,1899821.7566999972,3930.84330000286,May,Regular Week,Actual
4,2010-05-28,1857533.7,0,67.73,2.756,126.1602258,7.896,2010,5,21,1882867.3331999993,-25333.63319999934,May,Regular Week,Actual
4,2010-06-04,1903290.58,0,70.83,2.701,126.1360645,7.896,2010,6,22,1910312.5394000015,-7021.959400001448,June,Regular Week,Actual
4,2010-06-11,1870619.23,0,78.45,2.668,126.1119032,7.896,2010,6,23,1905435.8201999995,-34816.59019999951,June,Regular Week,Actual
4,2010-06-18,1929736.35,0,81.53,2.635,126.114,7.896,2010,6,24,1901005.541499998,28730.80850000214,June,Regular Week,Actual
4,2010-06-25,1846651.95,0,81.1,2.654,126.1266,7.896,2010,6,25,1857619.0093999987,-10967.059399998747,June,Regular Week,Actual
4,2010-07-02,1881337.21,0,73.66,2.668,126.1392,7.372,2010,7,26,1881249.0521,88.15789999999106,July,Regular Week,Actual
4,2010-07-09,1812208.22,0,80.35,2.637,126.1518,7.372,2010,7,27,1831429.1137999997,-19220.89379999973,July,Regular Week,Actual
4,2010-07-16,1898427.66,0,78.53,2.621,126.1498065,7.372,2010,7,28,1887774.353299999,10653.306700001005,July,Regular Week,Actual
4,2010-07-23,1848426.78,0,79.78,2.612,126.1283548,7.372,2010,7,29,1864572.4234000007,-16145.643400000641,July,Regular Week,Actual
4,2010-07-30,1796637.61,0,80.7,2.65,126.1069032,7.372,2010,7,30,1825191.541800002,-28553.931800002,July,Regular Week,Actual
4,2010-08-06,1907638.58,0,76.53,2.64,126.0854516,7.372,2010,8,31,1920844.4386000016,-13205.85860000155,August,Regular Week,Actual
4,2010-08-13,2007050.75,0,78.08,2.698,126.064,7.372,2010,8,32,1992048.7275999999,15002.022400000133,August,Regular Week,Actual
4,2010-08-20,1997181.09,0,78.83,2.671,126.0766452,7.372,2010,8,33,1986002.944800002,11178.145199998049,August,Regular Week,Actual
4,2010-08-27,1848403.92,0,74.44,2.621,126.0892903,7.372,2010,8,34,1878152.2932999993,-29748.373299999395,August,Regular Week,Actual
4,2010-09-03,1935857.58,0,76.8,2.584,126.1019355,7.372,2010,9,35,1896991.355700002,38866.22429999802,September,Regular Week,Actual
4,2010-09-10,1865820.81,1,73.54,2.574,126.1145806,7.372,2010,9,36,1876422.4152000013,-10601.605200001271,September,Holiday Week,Actual
4,2010-09-17,1899959.61,0,64.91,2.594,126.1454667,7.372,2010,9,37,1891594.7593000028,8364.850699997274,September,Regular Week,Actual
4,2010-09-24,1810684.68,0,60.96,2.642,126.1900333,7.372,2010,9,38,1837801.1627000025,-27116.482700002613,September,Regular Week,Actual
4,2010-10-01,1842821.02,0,63.96,2.619,126.2346,7.127,2010,10,39,1875338.336500001,-32517.31650000089,October,Regular Week,Actual
4,2010-10-08,1951494.85,0,67.73,2.645,126.2791667,7.127,2010,10,40,1917814.5922999985,33680.25770000159,October,Regular Week,Actual
4,2010-10-15,1867345.09,0,62.03,2.732,126.3266774,7.127,2010,10,41,1905948.7196000002,-38603.6296000001,October,Regular Week,Actual
4,2010-10-22,1927610.06,0,64.17,2.736,126.3815484,7.127,2010,10,42,1919141.680900001,8468.379099999089,October,Regular Week,Actual
4,2010-10-29,1933333.0,0,56.94,2.718,126.4364194,7.127,2010,10,43,1922345.8091000002,10987.190899999812,October,Regular Week,Actual
4,2010-11-05,2013115.79,0,51.6,2.699,126.4912903,7.127,2010,11,44,1957427.7929000005,55687.99709999957,November,Regular Week,Actual
4,2010-11-12,1999794.26,0,52.65,2.741,126.5461613,7.127,2010,11,45,1989160.5810000012,10633.67899999884,November,Regular Week,Actual
4,2010-11-19,2097809.4,0,48.05,2.78,126.6072,7.127,2010,11,46,2039023.361900002,58786.03809999791,November,Regular Week,Actual
4,2010-11-26,2789469.45,1,48.08,2.752,126.6692667,7.127,2010,11,47,2770275.5569999963,19193.89300000388,November,Holiday Week,Actual
4,2010-12-03,2102530.17,0,46.4,2.727,126.7313333,7.127,2010,12,48,2322354.243999996,-219824.0739999963,December,Regular Week,Actual
4,2010-12-10,2302504.86,0,42.4,2.86,126.7934,7.127,2010,12,49,2597500.0868999977,-294995.2268999978,December,Regular Week,Actual
4,2010-12-17,2740057.14,0,46.57,2.884,126.8794839,7.127,2010,12,50,2758895.0607999954,-18837.920799995307,December,Regular Week,Actual
4,2010-12-24,3526713.39,0,43.21,2.887,126.9835806,7.127,2010,12,51,3566865.4529999937,-40152.06299999356,December,Regular Week,Actual
4,2010-12-31,1794868.74,1,38.09,2.955,127.0876774,7.127,2010,12,52,1877719.4619999987,-82850.72199999867,December,Holiday Week,Actual
4,2011-01-07,1862476.27,0,39.34,2.98,127.1917742,6.51,2011,1,1,1870151.7132000008,-7675.443200000795,January,Regular Week,Actual
4,2011-01-14,1865502.46,0,31.6,2.992,127.3009355,6.51,2011,1,2,1870081.0071999999,-4578.547199999914,January,Regular Week,Actual
4,2011-01-21,1886393.94,0,38.34,3.017,127.4404839,6.51,2011,1,3,1879268.5325999984,7125.407400001539,January,Regular Week,Actual
4,2011-01-28,1814240.85,0,40.6,3.022,127.5800323,6.51,2011,1,4,1849197.380599998,-34956.530599997845,January,Regular Week,Actual
4,2011-02-04,2119086.04,0,34.61,2.996,127.7195806,6.51,2011,2,5,2109390.4137999997,9695.62620000029,February,Regular Week,Actual
4,2011-02-11,2187847.29,1,33.29,3.033,127.859129,6.51,2011,2,6,2172704.699499999,15142.590500000864,February,Holiday Week,Actual
4,2011-02-18,2316495.56,0,48.17,3.058,127.99525,6.51,2011,2,7,2231938.2317000013,84557.32829999877,February,Regular Week,Actual
4,2011-02-25,2078094.69,0,49.0,3.087,128.13,6.51,2011,2,8,2095406.558999999,-17311.868999999017,February,Regular Week,Actual
4,2011-03-04,2103455.75,0,46.56,3.305,128.26475,6.51,2011,3,9,2072880.2879999992,30575.462000000756,March,Regular Week,Actual
4,2011-03-11,2039818.41,0,50.93,3.461,128.3995,6.51,2011,3,10,2068163.4060999982,-28344.996099998243,March,Regular Week,Actual
4,2011-03-18,2116475.38,0,51.86,3.495,128.5121935,6.51,2011,3,11,2064724.3032999975,51751.07670000242,March,Regular Week,Actual
4,2011-03-25,1944164.32,0,59.1,3.48,128.6160645,6.51,2011,3,12,1977452.0721999963,-33287.75219999626,March,Regular Week,Actual
4,2011-04-01,1900246.47,0,56.99,3.521,128.7199355,5.946,2011,4,13,1967724.8328999986,-67478.36289999867,April,Regular Week,Actual
4,2011-04-08,2074953.46,0,62.61,3.605,128.8238065,5.946,2011,4,14,2059800.422899999,15153.037100001005,April,Regular Week,Actual
4,2011-04-15,1960587.76,0,62.34,3.724,128.9107333,5.946,2011,4,15,2076668.2622999987,-116080.50229999865,April,Regular Week,Actual
4,2011-04-22,2220600.76,0,68.8,3.781,128.9553,5.946,2011,4,16,2124484.895199998,96115.86480000196,April,Regular Week,Actual
4,2011-04-29,1878167.44,0,64.22,3.781,128.9998667,5.946,2011,4,17,1949590.117699999,-71422.67769999895,April,Regular Week,Actual
4,2011-05-06,2063682.76,0,63.41,3.866,129.0444333,5.946,2011,5,18,2044305.866399998,19376.89360000193,May,Regular Week,Actual
4,2011-05-13,2002362.37,0,70.65,3.872,129.089,5.946,2011,5,19,2035883.8518000008,-33521.48180000065,May,Regular Week,Actual
4,2011-05-20,2015563.48,0,70.49,3.881,129.0756774,5.946,2011,5,20,2034738.9660000012,-19175.486000001198,May,Regular Week,Actual
4,2011-05-27,1986597.95,0,73.65,3.771,129.0623548,5.946,2011,5,21,2020976.7930999987,-34378.843099998776,May,Regular Week,Actual
4,2011-06-03,2065377.15,0,78.26,3.683,129.0490323,5.946,2011,6,22,2067032.146200001,-1654.9962000011,June,Regular Week,Actual
4,2011-06-10,2073951.38,0,80.05,3.64,129.0357097,5.946,2011,6,23,2078465.9377999983,-4514.557799998438,June,Regular Week,Actual
4,2011-06-17,2141210.62,0,83.51,3.618,129.0432,5.946,2011,6,24,2110960.463300002,30250.156699998304,June,Regular Week,Actual
4,2011-06-24,2008344.92,0,81.85,3.57,129.0663,5.946,2011,6,25,2059763.0156999994,-51418.09569999948,June,Regular Week,Actual
4,2011-07-01,2051533.53,0,84.54,3.504,129.0894,5.644,2011,7,26,2054142.2137,-2608.683699999936,July,Regular Week,Actual
4,2011-07-08,2066541.86,0,84.59,3.469,129.1125,5.644,2011,7,27,2051148.5467999994,15393.313200000674,July,Regular Week,Actual
4,2011-07-15,2049046.95,0,83.27,3.563,129.1338387,5.644,2011,7,28,2063731.4433999984,-14684.493399998406,July,Regular Week,Actual
4,2011-07-22,2036231.39,0,82.84,3.627,129.1507742,5.644,2011,7,29,2060118.2990999976,-23886.90909999772,July,Regular Week,Actual
4,2011-07-29,1989674.07,0,84.36,3.659,129.1677097,5.644,2011,7,30,2088957.8394999986,-99283.76949999854,July,Regular Week,Actual
4,2011-08-05,2160057.39,0,86.09,3.662,129.1846452,5.644,2011,8,31,2129509.1238999967,30548.266100003384,August,Regular Week,Actual
4,2011-08-12,2105668.74,0,82.98,3.617,129.2015806,5.644,2011,8,32,2108884.541700001,-3215.801700000651,August,Regular Week,Actual
4,2011-08-19,2232892.1,0,82.77,3.55,129.2405806,5.644,2011,8,33,2184041.5810999977,48850.51890000235,August,Regular Week,Actual
4,2011-08-26,1988490.21,0,81.47,3.523,129.2832581,5.644,2011,8,34,2028030.7711999998,-39540.56119999988,August,Regular Week,Actual
4,2011-09-02,2078420.31,0,77.99,3.533,129.3259355,5.644,2011,9,35,2050162.2221000004,28258.087899999693,September,Regular Week,Actual
4,2011-09-09,2093139.01,1,73.34,3.554,129.3686129,5.644,2011,9,36,2090249.1322999997,2889.877700000303,September,Holiday Week,Actual
4,2011-09-16,2075577.33,0,72.76,3.532,129.4306,5.644,2011,9,37,2048813.0099000016,26764.3200999985,September,Regular Week,Actual
4,2011-09-23,2031406.41,0,69.23,3.473,129.5183333,5.644,2011,9,38,2027938.5765999982,3467.8334000017494,September,Regular Week,Actual
4,2011-09-30,1929486.63,0,72.15,3.371,129.6060667,5.644,2011,9,39,1971993.8978999984,-42507.267899998464,September,Regular Week,Actual
4,2011-10-07,2166737.65,0,65.79,3.299,129.6938,5.143,2011,10,40,2143157.7774000014,23579.87259999849,October,Regular Week,Actual
4,2011-10-14,2074548.85,0,63.75,3.283,129.7706452,5.143,2011,10,41,2113291.660999998,-38742.81099999789,October,Regular Week,Actual
4,2011-10-21,2207742.13,0,64.79,3.361,129.7821613,5.143,2011,10,42,2173592.707299998,34149.42270000186,October,Regular Week,Actual
4,2011-10-28,2151659.59,0,55.31,3.362,129.7936774,5.143,2011,10,43,2161894.9262000015,-10235.33620000165,October,Regular Week,Actual
4,2011-11-04,2281217.31,0,49.86,3.322,129.8051935,5.143,2011,11,44,2253596.999700002,27620.31029999815,November,Regular Week,Actual
4,2011-11-11,2203028.96,0,47.12,3.286,129.8167097,5.143,2011,11,45,2200801.133100001,2227.8268999988213,November,Regular Week,Actual
4,2011-11-18,2243946.59,0,50.44,3.294,129.8268333,5.143,2011,11,46,2225472.085400002,18474.504599997774,November,Regular Week,Actual
4,2011-11-25,3004702.33,1,47.96,3.225,129.8364,5.143,2011,11,47,2936273.896400003,68428.43359999685,November,Holiday Week,Actual
4,2011-12-02,2180999.26,0,38.71,3.176,129.8459667,5.143,2011,12,48,2216772.874799998,-35773.614799998235,December,Regular Week,Actual
4,2011-12-09,2508955.24,0,31.64,3.153,129.8555333,5.143,2011,12,49,2496554.675200002,12400.564799998421,December,Regular Week,Actual
4,2011-12-16,2771397.17,0,36.44,3.149,129.8980645,5.143,2011,12,50,2721212.720999997,50184.449000002816,December,Regular Week,Actual
4,2011-12-23,3676388.98,0,35.92,3.103,129.9845484,5.143,2011,12,51,3589576.6383999996,86812.34160000039,December,Regular Week,Actual
4,2011-12-30,2007105.86,1,36.89,3.119,130.0710323,5.143,2011,12,52,2006196.0858000026,909.7741999975406,December,Holiday Week,Actual
4,2012-01-06,2047766.07,0,38.64,3.158,130.1575161,4.607,2012,1,1,2029758.1689999965,18007.901000003563,January,Regular Week,Actual
4,2012-01-13,1941676.61,0,34.41,3.263,130.244,4.607,2012,1,2,2015215.8926999976,-73539.28269999754,January,Regular Week,Actual
4,2012-01-20,2005097.76,0,42.09,3.273,130.2792258,4.607,2012,1,3,2007113.7155999981,-2015.955599998124,January,Regular Week,Actual
4,2012-01-27,1928720.51,0,40.31,3.29,130.3144516,4.607,2012,1,4,1981588.7160999987,-52868.20609999867,January,Regular Week,Actual
4,2012-02-03,2173373.91,0,41.81,3.354,130.3496774,4.607,2012,2,5,2140942.248099997,32431.661900002975,February,Regular Week,Actual
4,2012-02-10,2374660.64,1,33.0,3.411,130.3849032,4.607,2012,2,6,2153547.3212999976,221113.3187000025,February,Holiday Week,Actual
4,2012-02-17,2427640.17,0,34.19,3.493,130.4546207,4.607,2012,2,7,2188296.1030999976,239344.0669000023,February,Regular Week,Actual
4,2012-02-24,2226662.17,0,41.31,3.541,130.5502069,4.607,2012,2,8,2202499.115799998,24163.054200001992,February,Regular Week,Actual
4,2012-03-02,2206319.9,0,50.38,3.619,130.6457931,4.607,2012,3,9,2202157.795300002,4162.104699997697,March,Regular Week,Actual
4,2012-03-09,2202450.81,0,53.63,3.667,130.7413793,4.607,2012,3,10,2191046.5788,11404.231200000271,March,Regular Week,Actual
4,2012-03-16,2214967.44,0,59.81,3.707,130.8261935,4.607,2012,3,11,2185017.9303999986,29949.509600001387,March,Regular Week,Actual
4,2012-03-23,2091592.54,0,59.07,3.759,130.8966452,4.607,2012,3,12,2134336.676999999,-42744.13699999917,March,Regular Week,Actual
4,2012-03-30,2089381.77,0,72.63,3.82,130.9670968,4.607,2012,3,13,2120571.122600001,-31189.3526000008,March,Regular Week,Actual
4,2012-04-06,2470206.13,0,67.69,3.864,131.0375484,4.308,2012,4,14,2365902.966199998,104303.16380000208,April,Regular Week,Actual
4,2012-04-13,2105301.39,0,68.69,3.881,131.108,4.308,2012,4,15,2365976.6782999975,-260675.28829999734,April,Regular Week,Actual
4,2012-04-20,2144336.89,0,68.6,3.864,131.1173333,4.308,2012,4,16,2355276.4225999974,-210939.53259999724,April,Regular Week,Actual
4,2012-04-27,2064065.66,0,76.47,3.81,131.1266667,4.308,2012,4,17,2094854.1667999986,-30788.506799998693,April,Regular Week,Actual
4,2012-05-04,2196968.33,0,80.14,3.747,131.136,4.308,2012,5,18,2167215.7689000024,29752.56109999772,May,Regular Week,Actual
4,2012-05-11,2127661.17,0,67.64,3.685,131.1453333,4.308,2012,5,19,2094278.9083999982,33382.261600001715,May,Regular Week,Actual
4,2012-05-18,2207214.81,0,68.43,3.62,131.0983226,4.308,2012,5,20,2147567.5683999993,59647.241600000765,May,Regular Week,Actual
4,2012-05-25,2154137.67,0,77.47,3.551,131.0287742,4.308,2012,5,21,2166652.8977999995,-12515.227799999528,May,Regular Week,Actual
4,2012-06-01,2179360.94,0,77.41,3.483,130.9592258,4.308,2012,6,22,2173463.1407999997,5897.799200000241,June,Regular Week,Actual
4,2012-06-08,2245257.18,0,78.11,3.433,130.8896774,4.308,2012,6,23,2221359.5855000033,23897.594499996863,June,Regular Week,Actual
4,2012-06-15,2234190.93,0,80.94,3.372,130.8295333,4.308,2012,6,24,2227283.4549000044,6907.475099995732,June,Regular Week,Actual
4,2012-06-22,2197299.65,0,81.63,3.329,130.7929,4.308,2012,6,25,2198085.838000003,-786.1880000028759,June,Regular Week,Actual
4,2012-06-29,2128362.92,0,84.23,3.257,130.7562667,4.308,2012,6,26,2147046.439999998,-18683.519999998156,June,Regular Week,Actual
4,2012-07-06,2224499.28,0,80.37,3.187,130.7196333,4.077,2012,7,27,2114031.8029000014,110467.47709999839,July,Regular Week,Actual
4,2012-07-13,2100252.61,0,76.86,3.224,130.683,4.077,2012,7,28,2108461.200200003,-8208.590200003237,July,Regular Week,Actual
4,2012-07-20,2175563.69,0,79.14,3.263,130.7012903,4.077,2012,7,29,2138446.0983,37117.59169999976,July,Regular Week,Actual
4,2012-07-27,2048613.65,0,81.06,3.356,130.7195806,4.077,2012,7,30,2102122.260000002,-53508.6100000022,July,Regular Week,Actual
4,2012-08-03,2174514.13,0,83.86,3.374,130.737871,4.077,2012,8,31,2163622.312799999,10891.817200000864,August,Regular Week,Actual
4,2012-08-10,2193367.69,0,83.21,3.476,130.7561613,4.077,2012,8,32,2174205.6144999983,19162.075500001665,August,Regular Week,Actual
4,2012-08-17,2283540.3,0,81.41,3.552,130.7909677,4.077,2012,8,33,2144820.4612000003,138719.83879999956,August,Regular Week,Actual
4,2012-08-24,2125241.68,0,75.76,3.61,130.8381613,4.077,2012,8,34,2128395.675000003,-3153.9950000029057,August,Regular Week,Actual
4,2012-08-31,2081181.35,0,76.47,3.646,130.8853548,4.077,2012,8,35,2094795.9363999986,-13614.586399998516,August,Regular Week,Actual
4,2012-09-07,2125104.72,1,82.09,3.709,130.9325484,4.077,2012,9,36,2130666.8005999993,-5562.080599999055,September,Holiday Week,Actual
4,2012-09-14,2117854.6,0,68.2,3.706,130.9776667,4.077,2012,9,37,2107786.198099999,10068.40190000087,September,Regular Week,Actual
4,2012-09-21,2119438.53,0,68.97,3.721,131.0103333,4.077,2012,9,38,2102498.9092999995,16939.62070000032,September,Regular Week,Actual
4,2012-09-28,2027620.23,0,71.74,3.666,131.043,4.077,2012,9,39,2062605.9548999984,-34985.7248999984,September,Regular Week,Actual
4,2012-10-05,2209835.43,0,63.07,3.62,131.0756667,3.879,2012,10,40,2163417.718500001,46417.71149999928,October,Regular Week,Actual
4,2012-10-12,2133026.07,0,57.11,3.603,131.1083333,3.879,2012,10,41,2131370.224299997,1655.845700002741,October,Regular Week,Actual
4,2012-10-19,2097266.85,0,64.46,3.61,131.1499677,3.879,2012,10,42,2059105.9202999976,38160.92970000254,October,Regular Week,Actual
4,2012-10-26,2149594.46,0,63.64,3.514,131.1930968,3.879,2012,10,43,2017224.0222999998,132370.43770000013,October,Regular Week,Actual
5,2010-02-05,317173.1,0,39.7,2.572,211.6539716,6.566,2010,2,5,306853.75570000015,10319.344299999822,February,Regular Week,Actual
5,2010-02-12,311825.7,1,39.81,2.548,211.8004698,6.566,2010,2,6,307953.9339999997,3871.7660000002943,February,Holiday Week,Actual
5,2010-02-19,303447.57,0,41.14,2.514,211.8471283,6.566,2010,2,7,302251.7004000002,1195.8695999998017,February,Regular Week,Actual
5,2010-02-26,270281.63,0,46.7,2.561,211.8771468,6.566,2010,2,8,281309.4339,-11027.803899999999,February,Regular Week,Actual
5,2010-03-05,288855.71,0,48.89,2.625,211.9071653,6.566,2010,3,9,278775.29919999995,10080.41080000007,March,Regular Week,Actual
5,2010-03-12,297293.59,0,58.5,2.667,211.9371839,6.566,2010,3,10,296773.5126,520.0774000000092,March,Regular Week,Actual
5,2010-03-19,281706.41,0,55.46,2.72,211.770897,6.566,2010,3,11,284959.1268,-3252.716800000053,March,Regular Week,Actual
5,2010-03-26,273282.97,0,52.47,2.732,211.5718925,6.566,2010,3,12,282342.8883999998,-9059.91839999985,March,Regular Week,Actual
5,2010-04-02,331406.0,0,63.18,2.719,211.372888,6.465,2010,4,13,324291.8296999998,7114.170300000173,April,Regular Week,Actual
5,2010-04-09,328020.49,0,65.19,2.77,211.1738835,6.465,2010,4,14,319760.7809999995,8259.709000000497,April,Regular Week,Actual
5,2010-04-16,306858.69,0,65.3,2.808,211.0388528,6.465,2010,4,15,306427.0108000002,431.6791999997804,April,Regular Week,Actual
5,2010-04-23,288839.73,0,65.13,2.795,210.9891204,6.465,2010,4,16,298133.71940000023,-9293.989400000253,April,Regular Week,Actual
5,2010-04-30,298697.84,0,67.53,2.78,210.939388,6.465,2010,4,17,304262.9784,-5565.138399999996,April,Regular Week,Actual
5,2010-05-07,333522.6,0,71.53,2.835,210.8896556,6.465,2010,5,18,301098.6588000001,32423.941199999885,May,Regular Week,Actual
5,2010-05-14,296673.77,0,74.79,2.854,210.8872772,6.465,2010,5,19,299854.4589999997,-3180.688999999664,May,Regular Week,Actual
5,2010-05-21,301615.49,0,75.2,2.826,211.169023,6.465,2010,5,20,303230.93409999955,-1615.4440999995568,May,Regular Week,Actual
5,2010-05-28,310013.11,0,79.81,2.759,211.4507688,6.465,2010,5,21,308045.12509999966,1967.9849000003305,May,Regular Week,Actual
5,2010-06-04,337825.89,0,79.54,2.705,211.7325146,6.465,2010,6,22,301413.038,36412.85200000001,June,Regular Week,Actual
5,2010-06-11,296641.91,0,80.7,2.668,212.0142605,6.465,2010,6,23,299481.8240000002,-2839.9140000002226,June,Regular Week,Actual
5,2010-06-18,313795.6,0,83.91,2.637,212.0119769,6.465,2010,6,24,306939.6810000005,6855.9189999994705,June,Regular Week,Actual
5,2010-06-25,295257.3,0,83.72,2.653,211.8960815,6.465,2010,6,25,298326.7217000004,-3069.4217000004137,June,Regular Week,Actual
5,2010-07-02,305993.27,0,81.25,2.669,211.7801861,6.496,2010,7,26,300805.6445999999,5187.625400000135,July,Regular Week,Actual
5,2010-07-09,291808.87,0,81.14,2.642,211.6642907,6.496,2010,7,27,293640.48990000004,-1831.6199000000488,July,Regular Week,Actual
5,2010-07-16,280701.7,0,83.98,2.623,211.6561123,6.496,2010,7,28,283599.6636999997,-2897.963699999673,July,Regular Week,Actual
5,2010-07-23,274742.63,0,83.66,2.608,211.7915565,6.496,2010,7,29,279298.35559999984,-4555.725599999831,July,Regular Week,Actual
5,2010-07-30,268929.03,0,82.46,2.64,211.9270006,6.496,2010,7,30,277124.9417000001,-8195.911700000055,July,Regular Week,Actual
5,2010-08-06,303043.02,0,86.1,2.627,212.0624447,6.496,2010,8,31,291082.97609999997,11960.043900000048,August,Regular Week,Actual
5,2010-08-13,286477.35,0,87.41,2.692,212.1978889,6.496,2010,8,32,289349.05409999983,-2871.704099999857,August,Regular Week,Actual
5,2010-08-20,287205.38,0,87.71,2.664,212.1608984,6.496,2010,8,33,289437.40129999985,-2232.0212999998475,August,Regular Week,Actual
5,2010-08-27,288519.75,0,87.05,2.619,212.123908,6.496,2010,8,34,290874.4625999999,-2354.7125999999116,August,Regular Week,Actual
5,2010-09-03,323798.0,0,84.06,2.577,212.0869176,6.496,2010,9,35,308788.7059999999,15009.29400000011,September,Regular Week,Actual
5,2010-09-10,306533.08,1,79.86,2.565,212.0499271,6.496,2010,9,36,305370.7866999995,1162.2933000005432,September,Holiday Week,Actual
5,2010-09-17,282558.65,0,82.28,2.582,212.0769346,6.496,2010,9,37,303390.59089999984,-20831.940899999812,September,Regular Week,Actual
5,2010-09-24,293131.58,0,78.53,2.624,212.1519404,6.496,2010,9,38,291675.8698999995,1455.7101000004914,September,Regular Week,Actual
5,2010-10-01,283178.12,0,71.1,2.603,212.2269463,6.768,2010,10,39,285733.3860000001,-2555.2660000001197,October,Regular Week,Actual
5,2010-10-08,290494.85,0,64.99,2.633,212.3019522,6.768,2010,10,40,289190.55570000026,1304.2942999997176,October,Regular Week,Actual
5,2010-10-15,280681.2,0,68.11,2.72,212.3691867,6.768,2010,10,41,283714.67619999964,-3033.4761999996263,October,Regular Week,Actual
5,2010-10-22,284988.27,0,70.96,2.725,212.4169928,6.768,2010,10,42,284197.9622999996,790.3077000004123,October,Regular Week,Actual
5,2010-10-29,278031.81,0,70.58,2.716,212.464799,6.768,2010,10,43,282185.7587999996,-4153.948799999605,October,Regular Week,Actual
5,2010-11-05,325310.3,0,58.88,2.689,212.5126051,6.768,2010,11,44,295279.3436999997,30030.95630000031,November,Regular Week,Actual
5,2010-11-12,301827.36,0,62.37,2.728,212.5604113,6.768,2010,11,45,299364.5685999997,2462.7914000002784,November,Regular Week,Actual
5,2010-11-19,297384.81,0,52.52,2.771,212.445487,6.768,2010,11,46,302301.7696999996,-4916.959699999599,November,Regular Week,Actual
5,2010-11-26,488362.61,1,66.15,2.735,212.303441,6.768,2010,11,47,456385.01529999974,31977.59470000025,November,Holiday Week,Actual
5,2010-12-03,344490.88,0,51.31,2.708,212.1613951,6.768,2010,12,48,357582.86340000003,-13091.983400000026,December,Regular Week,Actual
5,2010-12-10,352811.53,0,48.27,2.843,212.0193491,6.768,2010,12,49,356794.7125000004,-3983.1825000003446,December,Regular Week,Actual
5,2010-12-17,367801.19,0,51.61,2.869,211.9580815,6.768,2010,12,50,365450.77360000013,2350.416399999871,December,Regular Week,Actual
5,2010-12-24,466010.25,0,55.01,2.886,211.9573978,6.768,2010,12,51,426976.859,39033.391,December,Regular Week,Actual
5,2010-12-31,298180.18,1,49.79,2.943,211.9567142,6.768,2010,12,52,331864.69859999965,-33684.51859999966,December,Holiday Week,Actual
5,2011-01-07,286347.26,0,48.3,2.976,211.9560305,6.634,2011,1,1,276994.52150000026,9352.738499999745,January,Regular Week,Actual
5,2011-01-14,260636.71,0,37.74,2.983,212.008514,6.634,2011,1,2,276960.89450000046,-16324.184500000469,January,Regular Week,Actual
5,2011-01-21,275313.34,0,45.41,3.016,212.3800012,6.634,2011,1,3,279594.0109000003,-4280.670900000259,January,Regular Week,Actual
5,2011-01-28,279088.39,0,44.5,3.01,212.7514884,6.634,2011,1,4,281225.2013000003,-2136.8113000002922,January,Regular Week,Actual
5,2011-02-04,329613.2,0,41.67,2.989,213.1229755,6.634,2011,2,5,291284.73870000034,38328.461299999675,February,Regular Week,Actual
5,2011-02-11,311590.54,1,38.25,3.022,213.4944627,6.634,2011,2,6,289080.65260000026,22509.887399999716,February,Holiday Week,Actual
5,2011-02-18,356622.61,0,58.83,3.045,213.8068304,6.634,2011,2,7,303331.55270000006,53291.05729999993,February,Regular Week,Actual
5,2011-02-25,294659.5,0,63.35,3.065,214.0955503,6.634,2011,2,8,297812.4204,-3152.9204000000027,February,Regular Week,Actual
5,2011-03-04,329033.66,0,60.35,3.288,214.3842702,6.634,2011,3,9,316372.22150000016,12661.438499999815,March,Regular Week,Actual
5,2011-03-11,293098.1,0,55.74,3.459,214.6729901,6.634,2011,3,10,297955.56290000037,-4857.4629000003915,March,Regular Week,Actual
5,2011-03-18,312177.67,0,64.31,3.488,214.9257339,6.634,2011,3,11,308695.22260000044,3482.447399999539,March,Regular Week,Actual
5,2011-03-25,294732.5,0,70.71,3.473,215.1640872,6.634,2011,3,12,300228.9075000001,-5496.4075000000885,March,Regular Week,Actual
5,2011-04-01,314316.55,0,61.5,3.524,215.4024406,6.489,2011,4,13,315474.43300000037,-1157.88300000038,April,Regular Week,Actual
5,2011-04-08,307333.62,0,69.64,3.622,215.6407939,6.489,2011,4,14,309348.53660000017,-2014.9166000001715,April,Regular Week,Actual
5,2011-04-15,307913.58,0,72.02,3.743,215.8592673,6.489,2011,4,15,310775.8076999998,-2862.2276999997557,April,Regular Week,Actual
5,2011-04-22,328415.44,0,74.34,3.807,216.0280407,6.489,2011,4,16,317900.4923000003,10514.947699999728,April,Regular Week,Actual
5,2011-04-29,307291.56,0,74.75,3.81,216.1968142,6.489,2011,4,17,309314.45099999977,-2022.8909999997704,April,Regular Week,Actual
5,2011-05-06,322904.68,0,66.27,3.906,216.3655877,6.489,2011,5,18,316384.08959999966,6520.590400000336,May,Regular Week,Actual
5,2011-05-13,290930.01,0,77.38,3.899,216.5343611,6.489,2011,5,19,297460.2482000003,-6530.238200000313,May,Regular Week,Actual
5,2011-05-20,299614.33,0,71.37,3.907,216.3023847,6.489,2011,5,20,303916.4948999996,-4302.164899999567,May,Regular Week,Actual
5,2011-05-27,297149.69,0,80.14,3.786,216.0704083,6.489,2011,5,21,299407.6351000003,-2257.945100000303,May,Regular Week,Actual
5,2011-06-03,329183.92,0,83.81,3.699,215.8384319,6.489,2011,6,22,305727.03650000034,23456.883499999647,June,Regular Week,Actual
5,2011-06-10,304984.14,0,83.61,3.648,215.6064555,6.489,2011,6,23,304566.87020000035,417.2697999996599,June,Regular Week,Actual
5,2011-06-17,304811.82,0,86.84,3.637,215.560463,6.489,2011,6,24,304606.9041000003,204.91589999973075,June,Regular Week,Actual
5,2011-06-24,302881.64,0,84.76,3.594,215.6539583,6.489,2011,6,25,304361.43970000034,-1479.7997000003234,June,Regular Week,Actual
5,2011-07-01,327093.89,0,85.81,3.524,215.7474537,6.529,2011,7,26,319716.19390000025,7377.696099999768,July,Regular Week,Actual
5,2011-07-08,310804.93,0,86.64,3.48,215.8409491,6.529,2011,7,27,308017.2927999999,2787.637200000114,July,Regular Week,Actual
5,2011-07-15,283248.62,0,88.64,3.575,215.9250696,6.529,2011,7,28,287523.7485000002,-4275.128500000224,July,Regular Week,Actual
5,2011-07-22,292539.73,0,86.97,3.651,215.985753,6.529,2011,7,29,290690.7734000003,1848.9565999996848,July,Regular Week,Actual
5,2011-07-29,275142.17,0,89.42,3.682,216.0464364,6.529,2011,7,30,285072.65500000044,-9930.485000000452,July,Regular Week,Actual
5,2011-08-05,317738.56,0,91.07,3.684,216.1071198,6.529,2011,8,31,306571.6187999998,11166.941200000176,August,Regular Week,Actual
5,2011-08-12,289886.16,0,90.16,3.638,216.1678032,6.529,2011,8,32,293704.62970000005,-3818.469700000074,August,Regular Week,Actual
5,2011-08-19,303643.84,0,89.35,3.554,216.2311855,6.529,2011,8,33,292738.2954000004,10905.544599999615,August,Regular Week,Actual
5,2011-08-26,310338.17,0,89.18,3.523,216.2950176,6.529,2011,8,34,303476.41830000066,6861.751699999324,August,Regular Week,Actual
5,2011-09-02,315645.53,0,90.38,3.533,216.3588498,6.529,2011,9,35,297556.6720000004,18088.8579999996,September,Regular Week,Actual
5,2011-09-09,321110.22,1,79.04,3.546,216.4226819,6.529,2011,9,36,291194.29150000046,29915.928499999514,September,Holiday Week,Actual
5,2011-09-16,278529.71,0,83.55,3.526,216.6033083,6.529,2011,9,37,286574.8344000006,-8045.124400000554,September,Regular Week,Actual
5,2011-09-23,291024.98,0,78.01,3.467,216.9396605,6.529,2011,9,38,291550.59900000034,-525.6190000003553,September,Regular Week,Actual
5,2011-09-30,292315.38,0,81.16,3.355,217.2760127,6.529,2011,9,39,292354.6070999999,-39.22709999990184,September,Regular Week,Actual
5,2011-10-07,309111.47,0,71.64,3.285,217.6123648,6.3,2011,10,40,303021.9371999996,6089.532800000394,October,Regular Week,Actual
5,2011-10-14,286117.72,0,72.36,3.274,217.9237458,6.3,2011,10,41,293441.30839999963,-7323.588399999659,October,Regular Week,Actual
5,2011-10-21,306069.18,0,66.9,3.353,218.0852999,6.3,2011,10,42,305898.0729999997,171.1070000003092,October,Regular Week,Actual
5,2011-10-28,307035.11,0,69.27,3.372,218.2468539,6.3,2011,10,43,309813.81119999965,-2778.701199999661,October,Regular Week,Actual
5,2011-11-04,353652.23,0,56.71,3.332,218.408408,6.3,2011,11,44,335489.43390000006,18162.79609999992,November,Regular Week,Actual
5,2011-11-11,311906.7,0,60.71,3.297,218.5699621,6.3,2011,11,45,319372.7636999999,-7466.063699999882,November,Regular Week,Actual
5,2011-11-18,307944.37,0,64.33,3.308,218.793912,6.3,2011,11,46,318963.6985000001,-11019.32850000012,November,Regular Week,Actual
5,2011-11-25,507900.07,1,61.93,3.236,219.0428204,6.3,2011,11,47,475288.3819,32611.68810000003,November,Holiday Week,Actual
5,2011-12-02,376225.61,0,51.14,3.172,219.2917287,6.3,2011,12,48,379383.7887999996,-3158.1787999995868,December,Regular Week,Actual
5,2011-12-09,367433.77,0,44.12,3.158,219.540637,6.3,2011,12,49,367525.5386999998,-91.76869999978226,December,Regular Week,Actual
5,2011-12-16,379530.3,0,54.42,3.159,219.7596266,6.3,2011,12,50,407856.1009999998,-28325.800999999803,December,Regular Week,Actual
5,2011-12-23,458562.24,0,50.33,3.112,219.9387246,6.3,2011,12,51,417457.2285,41105.011499999964,December,Regular Week,Actual
5,2011-12-30,349624.88,1,45.62,3.129,220.1178226,6.3,2011,12,52,365072.5574999999,-15447.677499999874,December,Holiday Week,Actual
5,2012-01-06,312078.71,0,50.21,3.157,220.2969205,5.943,2012,1,1,294953.14479999983,17125.565200000186,January,Regular Week,Actual
5,2012-01-13,291454.52,0,48.86,3.261,220.4760185,5.943,2012,1,2,293197.7116999998,-1743.191699999792,January,Regular Week,Actual
5,2012-01-20,287523.98,0,54.65,3.268,220.5694104,5.943,2012,1,3,293059.3046000001,-5535.324600000109,January,Regular Week,Actual
5,2012-01-27,295974.22,0,54.63,3.29,220.6628023,5.943,2012,1,4,299285.24659999984,-3311.0265999998664,January,Regular Week,Actual
5,2012-02-03,333948.0,0,57.35,3.36,220.7561941,5.943,2012,2,5,326780.9722999999,7167.027700000093,February,Regular Week,Actual
5,2012-02-10,349239.88,1,48.57,3.409,220.849586,5.943,2012,2,6,340601.5272999999,8638.352700000105,February,Holiday Week,Actual
5,2012-02-17,356427.98,0,48.25,3.51,221.0106341,5.943,2012,2,7,345219.52790000004,11208.452099999937,February,Regular Week,Actual
5,2012-02-24,312220.47,0,57.75,3.555,221.2224243,5.943,2012,2,8,327740.65229999984,-15520.18229999987,February,Regular Week,Actual
5,2012-03-02,359206.21,0,60.66,3.63,221.4342146,5.943,2012,3,9,349718.29370000033,9487.916299999692,March,Regular Week,Actual
5,2012-03-09,347295.6,0,57.69,3.669,221.6460048,5.943,2012,3,10,343944.55100000004,3351.048999999941,March,Regular Week,Actual
5,2012-03-16,339392.54,0,63.55,3.734,221.7989713,5.943,2012,3,11,343229.1074999997,-3836.5674999997136,March,Regular Week,Actual
5,2012-03-23,321299.99,0,64.44,3.787,221.8735063,5.943,2012,3,12,338089.30819999985,-16789.318199999863,March,Regular Week,Actual
5,2012-03-30,331318.73,0,67.76,3.845,221.9480412,5.943,2012,3,13,336803.04309999995,-5484.31309999997,March,Regular Week,Actual
5,2012-04-06,402985.7,0,70.4,3.891,222.0225762,5.801,2012,4,14,381023.42510000005,21962.27489999996,April,Regular Week,Actual
5,2012-04-13,351832.03,0,70.56,3.891,222.0971111,5.801,2012,4,15,362608.10390000016,-10776.073900000134,April,Regular Week,Actual
5,2012-04-20,330063.06,0,67.33,3.877,222.1512315,5.801,2012,4,16,348145.1362999996,-18082.076299999608,April,Regular Week,Actual
5,2012-04-27,324839.74,0,68.96,3.814,222.2053519,5.801,2012,4,17,330116.1617999994,-5276.421799999429,April,Regular Week,Actual
5,2012-05-04,360932.69,0,77.1,3.749,222.2594722,5.801,2012,5,18,350850.3152000002,10082.374799999816,May,Regular Week,Actual
5,2012-05-11,333870.52,0,73.45,3.688,222.3135926,5.801,2012,5,19,338517.66099999985,-4647.140999999829,May,Regular Week,Actual
5,2012-05-18,336189.66,0,70.45,3.63,222.330443,5.801,2012,5,20,342301.49370000005,-6111.833700000076,May,Regular Week,Actual
5,2012-05-25,341994.48,0,78.23,3.561,222.3323853,5.801,2012,5,21,343214.4827000003,-1220.0027000003029,May,Regular Week,Actual
5,2012-06-01,359867.8,0,79.72,3.501,222.3343277,5.801,2012,6,22,353830.9557000002,6036.844299999764,June,Regular Week,Actual
5,2012-06-08,341704.59,0,81.02,3.452,222.33627,5.801,2012,6,23,344224.9728,-2520.382799999963,June,Regular Week,Actual
5,2012-06-15,327383.64,0,81.64,3.393,222.3492901,5.801,2012,6,24,333692.4446000003,-6308.804600000265,June,Regular Week,Actual
5,2012-06-22,325041.68,0,80.57,3.346,222.3900046,5.801,2012,6,25,330856.8043000003,-5815.124300000316,June,Regular Week,Actual
5,2012-06-29,329658.1,0,87.08,3.286,222.4307191,5.801,2012,6,26,331196.2532000004,-1538.153200000408,June,Regular Week,Actual
5,2012-07-06,341214.43,0,82.35,3.227,222.4714336,5.603,2012,7,27,336346.6139,4867.816099999996,July,Regular Week,Actual
5,2012-07-13,316203.64,0,80.78,3.256,222.5121481,5.603,2012,7,28,320414.57960000035,-4210.939600000333,July,Regular Week,Actual
5,2012-07-20,321205.12,0,81.05,3.311,222.5209358,5.603,2012,7,29,321101.03760000033,104.08239999966463,July,Regular Week,Actual
5,2012-07-27,306827.36,0,85.06,3.407,222.5297234,5.603,2012,7,30,322721.46140000044,-15894.10140000045,July,Regular Week,Actual
5,2012-08-03,324195.17,0,86.91,3.417,222.5385111,5.603,2012,8,31,320151.54520000046,4043.624799999525,August,Regular Week,Actual
5,2012-08-10,306759.7,0,86.96,3.494,222.5472987,5.603,2012,8,32,313275.0910999998,-6515.391099999775,August,Regular Week,Actual
5,2012-08-17,314014.18,0,87.52,3.571,222.6276753,5.603,2012,8,33,316447.2220999998,-2433.0420999997878,August,Regular Week,Actual
5,2012-08-24,320831.36,0,79.45,3.62,222.7617437,5.603,2012,8,34,325821.26649999985,-4989.906499999866,August,Regular Week,Actual
5,2012-08-31,344642.01,0,84.25,3.638,222.8958121,5.603,2012,8,35,326439.6170999999,18202.392900000094,August,Regular Week,Actual
5,2012-09-07,350648.91,1,86.3,3.73,223.0298805,5.603,2012,9,36,334325.7513000003,16323.15869999968,September,Holiday Week,Actual
5,2012-09-14,299800.67,0,76.65,3.717,223.1734167,5.603,2012,9,37,308869.34020000056,-9068.670200000575,September,Regular Week,Actual
5,2012-09-21,307306.76,0,71.09,3.721,223.3737593,5.603,2012,9,38,309095.2645000006,-1788.504500000563,September,Regular Week,Actual
5,2012-09-28,310141.68,0,78.33,3.666,223.5741019,5.603,2012,9,39,318885.41790000023,-8743.73790000024,September,Regular Week,Actual
5,2012-10-05,343048.29,0,71.17,3.617,223.7744444,5.422,2012,10,40,332118.7911999995,10929.498800000467,October,Regular Week,Actual
5,2012-10-12,325345.41,0,66.24,3.601,223.974787,5.422,2012,10,41,318041.4414999995,7303.968500000483,October,Regular Week,Actual
5,2012-10-19,313358.15,0,69.17,3.594,224.0192873,5.422,2012,10,42,317212.66349999944,-3854.513499999419,October,Regular Week,Actual
5,2012-10-26,319550.77,0,71.7,3.506,224.0378139,5.422,2012,10,43,320215.95379999955,-665.1837999995332,October,Regular Week,Actual
6,2010-02-05,1652635.1,0,40.43,2.572,212.6223518,7.259,2010,2,5,1610965.5706999982,41669.529300001916,February,Regular Week,Actual
6,2010-02-12,1606283.86,1,40.57,2.548,212.7700425,7.259,2010,2,6,1603198.8572000002,3085.0027999999,February,Holiday Week,Actual
6,2010-02-19,1567138.07,0,43.58,2.514,212.8161546,7.259,2010,2,7,1557860.4763999968,9277.593600003282,February,Regular Week,Actual
6,2010-02-26,1432953.21,0,47.1,2.561,212.845337,7.259,2010,2,8,1493172.5219999976,-60219.31199999759,February,Regular Week,Actual
6,2010-03-05,1601348.82,0,49.63,2.625,212.8745193,7.259,2010,3,9,1567631.845699997,33716.974300003145,March,Regular Week,Actual
6,2010-03-12,1558621.36,0,58.82,2.667,212.9037017,7.259,2010,3,10,1575159.7953000003,-16538.435300000245,March,Regular Week,Actual
6,2010-03-19,1693058.91,0,56.55,2.72,212.7351935,7.259,2010,3,11,1678286.0757999984,14772.834200001555,March,Regular Week,Actual
6,2010-03-26,1472033.38,0,53.74,2.732,212.533737,7.259,2010,3,12,1538718.984599998,-66685.6045999981,March,Regular Week,Actual
6,2010-04-02,1770333.9,0,64.94,2.719,212.3322805,7.092,2010,4,13,1717836.1134000006,52497.786599999294,April,Regular Week,Actual
6,2010-04-09,1667181.82,0,66.15,2.77,212.1308239,7.092,2010,4,14,1611710.4063999979,55471.41360000218,April,Regular Week,Actual
6,2010-04-16,1519846.36,0,65.68,2.808,211.9942765,7.092,2010,4,15,1541940.5688000002,-22094.20880000014,April,Regular Week,Actual
6,2010-04-23,1540435.99,0,64.11,2.795,211.9442745,7.092,2010,4,16,1540654.6679999998,-218.6779999998398,April,Regular Week,Actual
6,2010-04-30,1498080.16,0,68.91,2.78,211.8942725,7.092,2010,4,17,1541460.4826999991,-43380.322699999204,April,Regular Week,Actual
6,2010-05-07,1619920.04,0,73.68,2.835,211.8442706,7.092,2010,5,18,1587909.5995000016,32010.440499998396,May,Regular Week,Actual
6,2010-05-14,1524059.4,0,74.95,2.854,211.8421769,7.092,2010,5,19,1544340.9307000022,-20281.53070000233,May,Regular Week,Actual
6,2010-05-21,1531938.44,0,74.8,2.826,212.1275324,7.092,2010,5,20,1574243.1891000005,-42304.7491000006,May,Regular Week,Actual
6,2010-05-28,1644470.66,0,78.89,2.759,212.412888,7.092,2010,5,21,1647376.7630999982,-2906.1030999983195,May,Regular Week,Actual
6,2010-06-04,1857380.09,0,79.44,2.705,212.6982436,7.092,2010,6,22,1791948.7596000014,65431.3303999987,June,Regular Week,Actual
6,2010-06-11,1685652.35,0,81.81,2.668,212.9835992,7.092,2010,6,23,1667446.2980999982,18206.05190000194,June,Regular Week,Actual
6,2010-06-18,1677248.24,0,83.89,2.637,212.9813843,7.092,2010,6,24,1659033.0170999996,18215.2229000004,June,Regular Week,Actual
6,2010-06-25,1640681.88,0,84.2,2.653,212.8641412,7.092,2010,6,25,1647417.4084999978,-6735.528499997919,June,Regular Week,Actual
6,2010-07-02,1759777.25,0,80.34,2.669,212.746898,6.973,2010,7,26,1687982.8560999995,71794.39390000049,July,Regular Week,Actual
6,2010-07-09,1690317.99,0,80.93,2.642,212.6296549,6.973,2010,7,27,1679150.3779,11167.612100000028,July,Regular Week,Actual
6,2010-07-16,1560120.8,0,83.75,2.623,212.6212163,6.973,2010,7,28,1579897.8247,-19777.02469999995,July,Regular Week,Actual
6,2010-07-23,1585240.92,0,83.9,2.608,212.7578505,6.973,2010,7,29,1580269.1902999997,4971.729700000258,July,Regular Week,Actual
6,2010-07-30,1532308.78,0,81.37,2.64,212.8944846,6.973,2010,7,30,1569635.5971,-37326.81709999987,July,Regular Week,Actual
6,2010-08-06,1633241.59,0,86.61,2.627,213.0311188,6.973,2010,8,31,1610315.9271000018,22925.66289999825,August,Regular Week,Actual
6,2010-08-13,1547654.98,0,86.83,2.692,213.1677529,6.973,2010,8,32,1582519.6533000015,-34864.67330000154,August,Regular Week,Actual
6,2010-08-20,1539930.5,0,87.36,2.664,213.1291427,6.973,2010,8,33,1529690.0600000015,10240.439999998547,August,Regular Week,Actual
6,2010-08-27,1450766.12,0,85.71,2.619,213.0905324,6.973,2010,8,34,1479121.3136000016,-28355.193600001512,August,Regular Week,Actual
6,2010-09-03,1510925.32,0,82.15,2.577,213.0519222,6.973,2010,9,35,1504020.5068999983,6904.813100001775,September,Regular Week,Actual
6,2010-09-10,1424225.44,1,78.78,2.565,213.013312,6.973,2010,9,36,1514473.9492999997,-90248.5092999998,September,Holiday Week,Actual
6,2010-09-17,1308537.75,0,81.78,2.582,213.0398643,6.973,2010,9,37,1470828.4814999998,-162290.73149999976,September,Regular Week,Actual
6,2010-09-24,1275591.84,0,76.49,2.624,213.1152886,6.973,2010,9,38,1307180.1336000017,-31588.293600001605,September,Regular Week,Actual
6,2010-10-01,1328468.89,0,70.69,2.603,213.1907129,7.007,2010,10,39,1337594.096400001,-9125.206400001189,October,Regular Week,Actual
6,2010-10-08,1360317.9,0,65.21,2.633,213.2661373,7.007,2010,10,40,1368474.6325000022,-8156.732500002254,October,Regular Week,Actual
6,2010-10-15,1344580.92,0,68.93,2.72,213.3337977,7.007,2010,10,41,1384410.729500002,-39829.80950000207,October,Regular Week,Actual
6,2010-10-22,1332716.53,0,70.97,2.725,213.3820486,7.007,2010,10,42,1391029.8791000014,-58313.34910000139,October,Regular Week,Actual
6,2010-10-29,1385323.7,0,70.39,2.716,213.4302994,7.007,2010,10,43,1400683.5026000014,-15359.80260000145,October,Regular Week,Actual
6,2010-11-05,1505442.15,0,59.9,2.689,213.4785503,7.007,2010,11,44,1487537.201000002,17904.948999997927,November,Regular Week,Actual
6,2010-11-12,1495536.46,0,62.11,2.728,213.5268011,7.007,2010,11,45,1509799.8014000019,-14263.341400001897,November,Regular Week,Actual
6,2010-11-19,1518841.45,0,52.99,2.771,213.4107412,7.007,2010,11,46,1831381.1516000014,-312539.7016000014,November,Regular Week,Actual
6,2010-11-26,2267452.4,1,65.79,2.735,213.2672961,7.007,2010,11,47,2102461.493600003,164990.90639999695,November,Holiday Week,Actual
6,2010-12-03,1677067.24,0,52.3,2.708,213.123851,7.007,2010,12,48,1833063.017900001,-155995.77790000103,December,Regular Week,Actual
6,2010-12-10,1834737.58,0,48.46,2.843,212.9804059,7.007,2010,12,49,1897318.8641000031,-62581.284100003075,December,Regular Week,Actual
6,2010-12-17,2090268.95,0,52.24,2.869,212.918049,7.007,2010,12,50,2102864.727099999,-12595.7770999989,December,Regular Week,Actual
6,2010-12-24,2727575.18,0,55.07,2.886,212.9165082,7.007,2010,12,51,2523320.1080000037,204255.07199999643,December,Regular Week,Actual
6,2010-12-31,1464050.02,1,49.14,2.943,212.9149674,7.007,2010,12,52,1808086.0122000023,-344035.9922000023,December,Holiday Week,Actual
6,2011-01-07,1350441.68,0,47.78,2.976,212.9134266,6.858,2011,1,1,1386911.6692000013,-36469.98920000135,January,Regular Week,Actual
6,2011-01-14,1306194.55,0,38.37,2.983,212.9655882,6.858,2011,1,2,1380417.6567000013,-74223.10670000128,January,Regular Week,Actual
6,2011-01-21,1261253.18,0,46.2,3.016,213.3399647,6.858,2011,1,3,1297197.446900003,-35944.26690000296,January,Regular Week,Actual
6,2011-01-28,1287034.7,0,44.98,3.01,213.7143412,6.858,2011,1,4,1312864.276600002,-25829.576600002125,January,Regular Week,Actual
6,2011-02-04,1514999.17,0,40.59,2.989,214.0887176,6.858,2011,2,5,1505200.6987,9798.47129999986,February,Regular Week,Actual
6,2011-02-11,1486920.17,1,39.38,3.022,214.4630941,6.858,2011,2,6,1510241.9097000002,-23321.739700000267,February,Holiday Week,Actual
6,2011-02-18,1572117.54,0,59.61,3.045,214.7775231,6.858,2011,2,7,1539915.6776000005,32201.862399999518,February,Regular Week,Actual
6,2011-02-25,1422600.43,0,62.86,3.065,215.0679731,6.858,2011,2,8,1477467.7090000021,-54867.27900000219,February,Regular Week,Actual
6,2011-03-04,1502617.99,0,60.45,3.288,215.3584231,6.858,2011,3,9,1506250.0729999996,-3632.082999999635,March,Regular Week,Actual
6,2011-03-11,1494497.39,0,57.71,3.459,215.6488731,6.858,2011,3,10,1511040.8012999988,-16543.411299998872,March,Regular Week,Actual
6,2011-03-18,1685375.47,0,65.07,3.488,215.9035078,6.858,2011,3,11,1606430.3381999996,78945.13180000032,March,Regular Week,Actual
6,2011-03-25,1438465.81,0,70.83,3.473,216.1438163,6.858,2011,3,12,1485258.1530000006,-46792.343000000576,March,Regular Week,Actual
6,2011-04-01,1459276.77,0,62.25,3.524,216.3841249,6.855,2011,4,13,1491301.1066,-32024.33660000004,April,Regular Week,Actual
6,2011-04-08,1534594.0,0,70.35,3.622,216.6244334,6.855,2011,4,14,1526379.5770000003,8214.422999999719,April,Regular Week,Actual
6,2011-04-15,1448797.02,0,73.17,3.743,216.8446627,6.855,2011,4,15,1508991.1320000011,-60194.11200000113,April,Regular Week,Actual
6,2011-04-22,1639358.93,0,74.24,3.807,217.0146941,6.855,2011,4,16,1574620.5583000027,64738.371699997224,April,Regular Week,Actual
6,2011-04-29,1479249.9,0,75.27,3.81,217.1847255,6.855,2011,4,17,1496973.3280000025,-17723.428000002634,April,Regular Week,Actual
6,2011-05-06,1504651.57,0,65.42,3.906,217.3547569,6.855,2011,5,18,1492039.393799998,12612.176200001966,May,Regular Week,Actual
6,2011-05-13,1453185.65,0,76.95,3.899,217.5247882,6.855,2011,5,19,1481837.2507000016,-28651.600700001698,May,Regular Week,Actual
6,2011-05-20,1382783.83,0,72.01,3.907,217.2896095,6.855,2011,5,20,1425127.5946999993,-42343.76469999924,May,Regular Week,Actual
6,2011-05-27,1523979.11,0,80.83,3.786,217.0544307,6.855,2011,5,21,1582512.4194000023,-58533.30940000224,May,Regular Week,Actual
6,2011-06-03,1705506.29,0,84.01,3.699,216.819252,6.855,2011,6,22,1680244.7700000012,25261.519999998854,June,Regular Week,Actual
6,2011-06-10,1598643.65,0,84.49,3.648,216.5840732,6.855,2011,6,23,1610465.1830000023,-11821.533000002382,June,Regular Week,Actual
6,2011-06-17,1622150.33,0,87.08,3.637,216.5371616,6.855,2011,6,24,1621425.211500001,725.1184999991674,June,Regular Week,Actual
6,2011-06-24,1543365.9,0,85.51,3.594,216.6314502,6.855,2011,6,25,1611966.584700001,-68600.68470000103,June,Regular Week,Actual
6,2011-07-01,1694551.15,0,87.0,3.524,216.7257388,6.925,2011,7,26,1666930.0782000027,27621.07179999724,July,Regular Week,Actual
6,2011-07-08,1709373.62,0,88.36,3.48,216.8200275,6.925,2011,7,27,1670537.5127000024,38836.107299997704,July,Regular Week,Actual
6,2011-07-15,1526801.24,0,88.93,3.575,216.9044732,6.925,2011,7,28,1543984.1201,-17182.88009999995,July,Regular Week,Actual
6,2011-07-22,1526506.08,0,88.06,3.651,216.964312,6.925,2011,7,29,1538932.0635000002,-12425.98350000009,July,Regular Week,Actual
6,2011-07-29,1483991.05,0,90.22,3.682,217.0241507,6.925,2011,7,30,1505719.4277999995,-21728.377799999435,July,Regular Week,Actual
6,2011-08-05,1601584.57,0,91.46,3.684,217.0839894,6.925,2011,8,31,1568752.460599997,32832.109400002984,August,Regular Week,Actual
6,2011-08-12,1484995.38,0,90.49,3.638,217.1438281,6.925,2011,8,32,1529312.6884999988,-44317.30849999888,August,Regular Week,Actual
6,2011-08-19,1493544.04,0,89.26,3.554,217.2069662,6.925,2011,8,33,1498199.5853000013,-4655.5453000012785,August,Regular Week,Actual
6,2011-08-26,1420405.41,0,90.07,3.523,217.2706543,6.925,2011,8,34,1444867.9873999986,-24462.57739999867,August,Regular Week,Actual
6,2011-09-02,1481618.74,0,91.22,3.533,217.3343423,6.925,2011,9,35,1475612.1750999987,6006.564900001278,September,Regular Week,Actual
6,2011-09-09,1483574.38,1,80.21,3.546,217.3980304,6.925,2011,9,36,1487660.995099999,-4086.6150999991223,September,Holiday Week,Actual
6,2011-09-16,1351407.79,0,84.94,3.526,217.5797506,6.925,2011,9,37,1435144.1568999991,-83736.36689999909,September,Regular Week,Actual
6,2011-09-23,1336044.75,0,78.49,3.467,217.9188471,6.925,2011,9,38,1348229.3831000011,-12184.633100001141,September,Regular Week,Actual
6,2011-09-30,1307551.92,0,82.51,3.355,218.2579435,6.925,2011,9,39,1349276.5009000013,-41724.58090000134,September,Regular Week,Actual
6,2011-10-07,1481739.2,0,74.1,3.285,218.59704,6.551,2011,10,40,1462099.9635000005,19639.236499999417,October,Regular Week,Actual
6,2011-10-14,1386520.99,0,71.24,3.274,218.9109844,6.551,2011,10,41,1422766.4068999994,-36245.41689999937,October,Regular Week,Actual
6,2011-10-21,1417922.37,0,68.53,3.353,219.0740167,6.551,2011,10,42,1436557.4605000007,-18635.09050000063,October,Regular Week,Actual
6,2011-10-28,1419445.12,0,69.51,3.372,219.237049,6.551,2011,10,43,1437648.6232000007,-18203.503200000618,October,Regular Week,Actual
6,2011-11-04,1523420.38,0,58.54,3.332,219.4000812,6.551,2011,11,44,1538377.172099999,-14956.792099999031,November,Regular Week,Actual
6,2011-11-11,1536176.54,0,61.33,3.297,219.5631135,6.551,2011,11,45,1535196.9251999997,979.6148000003304,November,Regular Week,Actual
6,2011-11-18,1524390.07,0,63.89,3.308,219.7897137,6.551,2011,11,46,2018944.3949000018,-494554.32490000175,November,Regular Week,Actual
6,2011-11-25,2249811.55,1,62.78,3.236,220.0417412,6.551,2011,11,47,2147166.3587000025,102645.19129999727,November,Holiday Week,Actual
6,2011-12-02,1688531.34,0,51.18,3.172,220.2937686,6.551,2011,12,48,2117582.0483000022,-429050.70830000215,December,Regular Week,Actual
6,2011-12-09,1903385.14,0,43.64,3.158,220.5457961,6.551,2011,12,49,1947962.7762000028,-44577.63620000286,December,Regular Week,Actual
6,2011-12-16,2034695.56,0,53.27,3.159,220.7671856,6.551,2011,12,50,2093202.346300002,-58506.7863000019,December,Regular Week,Actual
6,2011-12-23,2644633.02,0,49.45,3.112,220.9477245,6.551,2011,12,51,2299178.123800004,345454.8961999961,December,Regular Week,Actual
6,2011-12-30,1598080.52,1,46.8,3.129,221.1282634,6.551,2011,12,52,1830343.525100002,-232263.00510000205,December,Holiday Week,Actual
6,2012-01-06,1395339.71,0,50.82,3.157,221.3088023,6.132,2012,1,1,1440785.4531999985,-45445.74319999851,January,Regular Week,Actual
6,2012-01-13,1344243.17,0,48.33,3.261,221.4893412,6.132,2012,1,2,1357227.6218000008,-12984.451800000854,January,Regular Week,Actual
6,2012-01-20,1326255.7,0,55.37,3.268,221.5831306,6.132,2012,1,3,1339175.9231000002,-12920.223100000294,January,Regular Week,Actual
6,2012-01-27,1315610.66,0,53.95,3.29,221.6769199,6.132,2012,1,4,1347055.6352999988,-31444.975299998885,January,Regular Week,Actual
6,2012-02-03,1496305.78,0,57.45,3.36,221.7707093,6.132,2012,2,5,1515486.3536000007,-19180.573600000702,February,Regular Week,Actual
6,2012-02-10,1620603.92,1,48.58,3.409,221.8644987,6.132,2012,2,6,1606731.7480000001,13872.171999999788,February,Holiday Week,Actual
6,2012-02-17,1632616.09,0,49.03,3.51,222.026359,6.132,2012,2,7,1605962.3363000015,26653.753699998604,February,Regular Week,Actual
6,2012-02-24,1465187.71,0,59.17,3.555,222.2392726,6.132,2012,2,8,1510616.6131999993,-45428.90319999936,February,Regular Week,Actual
6,2012-03-02,1550385.65,0,60.32,3.63,222.4521862,6.132,2012,3,9,1543564.563800002,6821.086199997924,March,Regular Week,Actual
6,2012-03-09,1569304.4,0,57.89,3.669,222.6650998,6.132,2012,3,10,1568277.4467000025,1026.9532999973744,March,Regular Week,Actual
6,2012-03-16,1748010.29,0,62.8,3.734,222.8186603,6.132,2012,3,11,1661122.7038000014,86887.58619999862,March,Regular Week,Actual
6,2012-03-23,1495143.62,0,63.71,3.787,222.8930835,6.132,2012,3,12,1538391.0572000018,-43247.437200001674,March,Regular Week,Actual
6,2012-03-30,1508933.26,0,67.91,3.845,222.9675066,6.132,2012,3,13,1514324.669,-5391.408999999985,March,Regular Week,Actual
6,2012-04-06,1840131.19,0,71.6,3.891,223.0419298,5.964,2012,4,14,1545534.0241,294597.1658999999,April,Regular Week,Actual
6,2012-04-13,1616394.45,0,71.29,3.891,223.1163529,5.964,2012,4,15,1559724.6231999996,56669.82680000039,April,Regular Week,Actual
6,2012-04-20,1456073.24,0,68.64,3.877,223.17092,5.964,2012,4,16,1495098.4477,-39025.20769999991,April,Regular Week,Actual
6,2012-04-27,1456221.1,0,71.5,3.814,223.2254871,5.964,2012,4,17,1475803.033599999,-19581.93359999894,April,Regular Week,Actual
6,2012-05-04,1543461.12,0,77.66,3.749,223.2800541,5.964,2012,5,18,1539747.4506000015,3713.6693999986164,May,Regular Week,Actual
6,2012-05-11,1517075.67,0,72.66,3.688,223.3346212,5.964,2012,5,19,1525974.787400001,-8899.117400001036,May,Regular Week,Actual
6,2012-05-18,1513635.64,0,70.5,3.63,223.3511928,5.964,2012,5,20,1517554.2079000007,-3918.5679000008386,May,Regular Week,Actual
6,2012-05-25,1603793.42,0,78.47,3.561,223.3525662,5.964,2012,5,21,1585932.1760000002,17861.243999999715,May,Regular Week,Actual
6,2012-06-01,1681121.38,0,80.39,3.501,223.3539397,5.964,2012,6,22,1680522.1325999985,599.2474000013899,June,Regular Week,Actual
6,2012-06-08,1696619.52,0,80.5,3.452,223.3553131,5.964,2012,6,23,1683229.3655000003,13390.154499999713,June,Regular Week,Actual
6,2012-06-15,1642247.48,0,82.1,3.393,223.3680933,5.964,2012,6,24,1654572.9347000006,-12325.454700000584,June,Regular Week,Actual
6,2012-06-22,1618272.25,0,81.2,3.346,223.4093906,5.964,2012,6,25,1633382.4201999996,-15110.170199999586,June,Regular Week,Actual
6,2012-06-29,1648863.46,0,87.35,3.286,223.4506878,5.964,2012,6,26,1650572.2790999988,-1708.8190999988,June,Regular Week,Actual
6,2012-07-06,1876359.39,0,82.95,3.227,223.4919851,5.668,2012,7,27,1812555.3409999982,63804.049000001745,July,Regular Week,Actual
6,2012-07-13,1588142.26,0,80.27,3.256,223.5332824,5.668,2012,7,28,1630517.5124999995,-42375.25249999948,July,Regular Week,Actual
6,2012-07-20,1574361.97,0,81.57,3.311,223.5424501,5.668,2012,7,29,1578951.349099999,-4589.379099999089,July,Regular Week,Actual
6,2012-07-27,1513229.16,0,85.78,3.407,223.5516178,5.668,2012,7,30,1547966.9085999983,-34737.74859999842,July,Regular Week,Actual
6,2012-08-03,1627274.93,0,87.55,3.417,223.5607856,5.668,2012,8,31,1614552.231300003,12722.69869999704,August,Regular Week,Actual
6,2012-08-10,1588380.73,0,87.04,3.494,223.5699533,5.668,2012,8,32,1598001.8400000003,-9621.110000000335,August,Regular Week,Actual
6,2012-08-17,1543049.52,0,87.53,3.571,223.6510224,5.668,2012,8,33,1563644.117400001,-20594.597400001017,August,Regular Week,Actual
6,2012-08-24,1501095.49,0,79.03,3.62,223.7860175,5.668,2012,8,34,1514893.2744999998,-13797.784499999834,August,Regular Week,Actual
6,2012-08-31,1577439.81,0,83.58,3.638,223.9210125,5.668,2012,8,35,1566232.6657000014,11207.144299998647,August,Regular Week,Actual
6,2012-09-07,1608077.01,1,86.33,3.73,224.0560076,5.668,2012,9,36,1587554.172800001,20522.83719999902,September,Holiday Week,Actual
6,2012-09-14,1375166.86,0,76.41,3.717,224.2004678,5.668,2012,9,37,1421935.1497999998,-46768.28979999968,September,Regular Week,Actual
6,2012-09-21,1425603.65,0,70.81,3.721,224.4017192,5.668,2012,9,38,1419161.799400001,6441.850599998841,September,Regular Week,Actual
6,2012-09-28,1369131.46,0,77.82,3.666,224.6029706,5.668,2012,9,39,1401819.8179999986,-32688.35799999861,September,Regular Week,Actual
6,2012-10-05,1518177.71,0,70.84,3.617,224.804222,5.329,2012,10,40,1477879.2070999993,40298.50290000066,October,Regular Week,Actual
6,2012-10-12,1459396.84,0,65.43,3.601,225.0054733,5.329,2012,10,41,1455722.835200002,3674.0047999981325,October,Regular Week,Actual
6,2012-10-19,1436883.99,0,69.68,3.594,225.0501013,5.329,2012,10,42,1437644.5600999997,-760.5700999996625,October,Regular Week,Actual
6,2012-10-26,1431426.34,0,72.34,3.506,225.0686254,5.329,2012,10,43,1438327.5483000013,-6901.208300001221,October,Regular Week,Actual
7,2010-02-05,496725.44,0,10.53,2.58,189.3816974,9.014,2010,2,5,504598.2390999999,-7872.799099999887,February,Regular Week,Actual
7,2010-02-12,524104.92,1,25.9,2.572,189.4642725,9.014,2010,2,6,529485.3251000006,-5380.405100000615,February,Holiday Week,Actual
7,2010-02-19,506760.54,0,27.28,2.55,189.5340998,9.014,2010,2,7,504743.5252999998,2017.0147000001743,February,Regular Week,Actual
7,2010-02-26,496083.24,0,24.91,2.586,189.6018023,9.014,2010,2,8,498833.6693,-2750.429300000018,February,Regular Week,Actual
7,2010-03-05,491419.55,0,35.86,2.62,189.6695049,9.014,2010,3,9,504975.69099999964,-13556.140999999654,March,Regular Week,Actual
7,2010-03-12,480452.1,0,27.25,2.684,189.7372075,9.014,2010,3,10,500158.4440000005,-19706.344000000507,March,Regular Week,Actual
7,2010-03-19,574450.23,0,29.04,2.692,189.734262,9.014,2010,3,11,503419.9332000004,71030.2967999996,March,Regular Week,Actual
7,2010-03-26,514731.6,0,23.33,2.717,189.7195417,9.014,2010,3,12,516000.29830000026,-1268.6983000002801,March,Regular Week,Actual
7,2010-04-02,561145.14,0,38.26,2.725,189.7048215,8.963,2010,4,13,538559.2141000004,22585.925899999565,April,Regular Week,Actual
7,2010-04-09,484263.25,0,33.79,2.75,189.6901012,8.963,2010,4,14,486782.6761,-2519.4260999999824,April,Regular Week,Actual
7,2010-04-16,406228.19,0,41.89,2.765,189.6628845,8.963,2010,4,15,417857.7863,-11629.596299999976,April,Regular Week,Actual
7,2010-04-23,404751.25,0,43.07,2.776,189.6190057,8.963,2010,4,16,403625.83009999996,1125.4199000000372,April,Regular Week,Actual
7,2010-04-30,373655.61,0,38.99,2.766,189.575127,8.963,2010,4,17,387196.7049999996,-13541.094999999623,April,Regular Week,Actual
7,2010-05-07,395453.83,0,40.07,2.771,189.5312483,8.963,2010,5,18,391102.39539999934,4351.434600000677,May,Regular Week,Actual
7,2010-05-14,372673.61,0,41.41,2.788,189.4904116,8.963,2010,5,19,383837.76209999947,-11164.152099999483,May,Regular Week,Actual
7,2010-05-21,395195.65,0,46.6,2.776,189.467827,8.963,2010,5,20,400320.52149999957,-5124.871499999543,May,Regular Week,Actual
7,2010-05-28,442734.55,0,54.24,2.737,189.4452425,8.963,2010,5,21,459591.02719999955,-16856.477199999557,May,Regular Week,Actual
7,2010-06-04,509183.22,0,53.63,2.7,189.422658,8.963,2010,6,22,508198.28859999945,984.9314000005252,June,Regular Week,Actual
7,2010-06-11,498580.87,0,63.59,2.684,189.4000734,8.963,2010,6,23,537229.2962999997,-38648.4262999997,June,Regular Week,Actual
7,2010-06-18,481144.09,0,52.7,2.674,189.4185259,8.963,2010,6,24,511387.6064999997,-30243.516499999678,June,Regular Week,Actual
7,2010-06-25,553714.87,0,59.94,2.715,189.4533931,8.963,2010,6,25,559141.8487999995,-5426.978799999459,June,Regular Week,Actual
7,2010-07-02,575570.77,0,61.31,2.728,189.4882603,9.017,2010,7,26,577306.9574999999,-1736.1874999998836,July,Regular Week,Actual
7,2010-07-09,593462.34,0,58.0,2.711,189.5231276,9.017,2010,7,27,586757.2567000011,6705.0832999988925,July,Regular Week,Actual
7,2010-07-16,557166.35,0,62.19,2.699,189.6125456,9.017,2010,7,28,587308.0654000003,-30141.715400000336,July,Regular Week,Actual
7,2010-07-23,570231.21,0,64.64,2.691,189.774698,9.017,2010,7,29,602878.7755000002,-32647.56550000026,July,Regular Week,Actual
7,2010-07-30,603547.16,0,66.07,2.69,189.9368504,9.017,2010,7,30,625722.3116999991,-22175.151699999114,July,Regular Week,Actual
7,2010-08-06,643854.17,0,61.7,2.69,190.0990028,9.017,2010,8,31,615383.5240000007,28470.645999999368,August,Regular Week,Actual
7,2010-08-13,598185.4,0,60.13,2.723,190.2611552,9.017,2010,8,32,591882.2991999997,6303.100800000364,August,Regular Week,Actual
7,2010-08-20,582353.17,0,59.59,2.732,190.2948237,9.017,2010,8,33,582336.8457000005,16.324299999512732,August,Regular Week,Actual
7,2010-08-27,554309.24,0,57.57,2.731,190.3284922,9.017,2010,8,34,568393.5779000004,-14084.337900000392,August,Regular Week,Actual
7,2010-09-03,532765.05,0,49.84,2.773,190.3621607,9.017,2010,9,35,518105.3644999995,14659.685500000545,September,Regular Week,Actual
7,2010-09-10,535769.32,1,48.5,2.78,190.3958293,9.017,2010,9,36,537738.5869999996,-1969.2669999996433,September,Holiday Week,Actual
7,2010-09-17,489408.53,0,48.56,2.8,190.4688287,9.017,2010,9,37,497982.5002000002,-8573.970200000156,September,Regular Week,Actual
7,2010-09-24,488008.83,0,47.55,2.793,190.5713264,9.017,2010,9,38,487958.62229999946,50.207700000551995,September,Regular Week,Actual
7,2010-10-01,448998.73,0,49.99,2.759,190.6738241,9.137,2010,10,39,462956.72759999963,-13957.997599999653,October,Regular Week,Actual
7,2010-10-08,480239.88,0,44.13,2.745,190.7763218,9.137,2010,10,40,468120.62109999964,12119.258900000365,October,Regular Week,Actual
7,2010-10-15,463370.48,0,35.86,2.762,190.8623087,9.137,2010,10,41,465836.1835999997,-2465.703599999717,October,Regular Week,Actual
7,2010-10-22,472450.81,0,36.84,2.762,190.9070184,9.137,2010,10,42,470275.0129000001,2175.797099999909,October,Regular Week,Actual
7,2010-10-29,465493.15,0,34.78,2.748,190.951728,9.137,2010,10,43,471324.7247999995,-5831.574799999478,October,Regular Week,Actual
7,2010-11-05,480512.44,0,49.44,2.729,190.9964377,9.137,2010,11,44,484564.3112,-4051.871199999994,November,Regular Week,Actual
7,2010-11-12,507584.29,0,22.12,2.737,191.0411474,9.137,2010,11,45,513825.01589999953,-6240.725899999554,November,Regular Week,Actual
7,2010-11-19,482528.36,0,25.56,2.758,191.0312172,9.137,2010,11,46,495130.9065999996,-12602.546599999594,November,Regular Week,Actual
7,2010-11-26,835189.26,1,17.95,2.742,191.0121805,9.137,2010,11,47,721972.4324999999,113216.82750000013,November,Holiday Week,Actual
7,2010-12-03,552811.62,0,21.88,2.712,190.9931437,9.137,2010,12,48,574656.1369999994,-21844.51699999941,December,Regular Week,Actual
7,2010-12-10,599730.07,0,24.24,2.728,190.9741069,9.137,2010,12,49,624134.9468,-24404.876800000085,December,Regular Week,Actual
7,2010-12-17,716388.81,0,20.74,2.778,191.0303376,9.137,2010,12,50,719853.3720000004,-3464.5620000003837,December,Regular Week,Actual
7,2010-12-24,1045124.88,0,26.04,2.781,191.1430189,9.137,2010,12,51,955086.9359999993,90037.94400000072,December,Regular Week,Actual
7,2010-12-31,729572.08,1,13.76,2.829,191.2557002,9.137,2010,12,52,775349.4990999992,-45777.41909999924,December,Holiday Week,Actual
7,2011-01-07,661163.94,0,10.09,2.882,191.3683815,8.818,2011,1,1,622130.8080999996,39033.131900000386,January,Regular Week,Actual
7,2011-01-14,547384.9,0,11.32,2.911,191.4784939,8.818,2011,1,2,583383.4387000002,-35998.53870000015,January,Regular Week,Actual
7,2011-01-21,521539.46,0,25.4,2.973,191.5731924,8.818,2011,1,3,527705.5838000007,-6166.1238000007,January,Regular Week,Actual
7,2011-01-28,513372.17,0,10.11,3.008,191.667891,8.818,2011,1,4,529607.7181000009,-16235.548100000888,January,Regular Week,Actual
7,2011-02-04,558027.77,0,-2.06,3.011,191.7625895,8.818,2011,2,5,553915.7742000009,4111.995799999102,February,Regular Week,Actual
7,2011-02-11,559903.13,1,10.24,3.037,191.8572881,8.818,2011,2,6,572529.2966000006,-12626.166600000579,February,Holiday Week,Actual
7,2011-02-18,572387.47,0,17.3,3.051,191.9178331,8.818,2011,2,7,567095.5083999999,5291.961600000039,February,Regular Week,Actual
7,2011-02-25,546690.84,0,17.46,3.101,191.9647167,8.818,2011,2,8,553453.528400001,-6762.688400001032,February,Regular Week,Actual
7,2011-03-04,551378.39,0,21.84,3.232,192.0116004,8.818,2011,3,9,553074.7809000001,-1696.390900000115,March,Regular Week,Actual
7,2011-03-11,558963.83,0,20.7,3.372,192.058484,8.818,2011,3,10,560846.1806999992,-1882.3506999992533,March,Regular Week,Actual
7,2011-03-18,635014.69,0,27.69,3.406,192.1237981,8.818,2011,3,11,599780.9645999991,35233.72540000081,March,Regular Week,Actual
7,2011-03-25,559061.58,0,25.69,3.414,192.1964844,8.818,2011,3,12,561270.763999999,-2209.183999999077,March,Regular Week,Actual
7,2011-04-01,513409.67,0,24.83,3.461,192.2691707,8.595,2011,4,13,521389.3854000004,-7979.715400000394,April,Regular Week,Actual
7,2011-04-08,500552.16,0,30.64,3.532,192.3418571,8.595,2011,4,14,512939.2415999993,-12387.081599999336,April,Regular Week,Actual
7,2011-04-15,423380.14,0,27.79,3.611,192.4225954,8.595,2011,4,15,439922.5098000002,-16542.36980000016,April,Regular Week,Actual
7,2011-04-22,466594.89,0,31.84,3.636,192.5234638,8.595,2011,4,16,454711.7839000002,11883.1060999998,April,Regular Week,Actual
7,2011-04-29,410429.73,0,26.79,3.663,192.6243322,8.595,2011,4,17,428197.5537999998,-17767.82379999984,April,Regular Week,Actual
7,2011-05-06,407012.47,0,26.54,3.735,192.7252006,8.595,2011,5,18,424093.14979999966,-17080.679799999692,May,Regular Week,Actual
7,2011-05-13,414094.05,0,36.61,3.767,192.826069,8.595,2011,5,19,431575.9546999997,-17481.904699999723,May,Regular Week,Actual
7,2011-05-20,424670.98,0,36.16,3.828,192.831317,8.595,2011,5,20,524098.7954999994,-99427.81549999944,May,Regular Week,Actual
7,2011-05-27,457216.87,0,37.51,3.795,192.8365651,8.595,2011,5,21,486510.37229999976,-29293.50229999976,May,Regular Week,Actual
7,2011-06-03,542295.37,0,45.77,3.763,192.8418131,8.595,2011,6,22,548749.3505999992,-6453.980599999195,June,Regular Week,Actual
7,2011-06-10,621099.95,0,53.3,3.735,192.8470612,8.595,2011,6,23,597196.3463000004,23903.603699999512,June,Regular Week,Actual
7,2011-06-17,610991.35,0,48.79,3.697,192.9034759,8.595,2011,6,24,605302.7237000006,5688.6262999994215,June,Regular Week,Actual
7,2011-06-24,640043.97,0,46.85,3.661,192.9982655,8.595,2011,6,25,627379.1880999996,12664.78190000041,June,Regular Week,Actual
7,2011-07-01,704344.21,0,58.54,3.597,193.0930552,8.622,2011,7,26,679417.1879000005,24927.022099999478,July,Regular Week,Actual
7,2011-07-08,761793.94,0,59.08,3.54,193.1878448,8.622,2011,7,27,675515.9644000004,86277.97559999954,July,Regular Week,Actual
7,2011-07-15,642748.21,0,54.37,3.532,193.3125484,8.622,2011,7,28,648904.7849000008,-6156.574900000822,July,Regular Week,Actual
7,2011-07-22,688043.96,0,56.22,3.545,193.5120367,8.622,2011,7,29,676677.4932000004,11366.466799999587,July,Regular Week,Actual
7,2011-07-29,653382.62,0,56.66,3.547,193.711525,8.622,2011,7,30,666414.5725999998,-13031.952599999844,July,Regular Week,Actual
7,2011-08-05,695392.84,0,55.91,3.554,193.9110133,8.622,2011,8,31,680366.290800001,15026.54919999896,August,Regular Week,Actual
7,2011-08-12,670670.46,0,54.56,3.542,194.1105017,8.622,2011,8,32,661954.9927000008,8715.467299999204,August,Regular Week,Actual
7,2011-08-19,645156.21,0,56.06,3.499,194.2500634,8.622,2011,8,33,645610.7666000004,-454.55660000047646,August,Regular Week,Actual
7,2011-08-26,629994.47,0,57.6,3.485,194.3796374,8.622,2011,8,34,626693.6684999994,3300.8015000005253,August,Regular Week,Actual
7,2011-09-02,592355.24,0,53.4,3.511,194.5092113,8.622,2011,9,35,594255.3766000001,-1900.1366000000853,September,Regular Week,Actual
7,2011-09-09,613135.23,1,45.61,3.566,194.6387853,8.622,2011,9,36,602893.6672999993,10241.562700000708,September,Holiday Week,Actual
7,2011-09-16,558981.45,0,43.67,3.596,194.7419707,8.622,2011,9,37,561844.7191000005,-2863.2691000004997,September,Regular Week,Actual
7,2011-09-23,536144.81,0,43.67,3.581,194.8099713,8.622,2011,9,38,539192.4284000003,-3047.6184000002686,September,Regular Week,Actual
7,2011-09-30,488880.26,0,47.34,3.538,194.8779718,8.622,2011,9,39,516111.1657999999,-27230.90579999989,September,Regular Week,Actual
7,2011-10-07,525866.36,0,40.65,3.498,194.9459724,8.513,2011,10,40,521808.9290999996,4057.430900000385,October,Regular Week,Actual
7,2011-10-14,501959.19,0,32.65,3.491,195.0261012,8.513,2011,10,41,511316.4015999996,-9357.211599999573,October,Regular Week,Actual
7,2011-10-21,558691.43,0,37.49,3.548,195.1789994,8.513,2011,10,42,528864.9836000003,29826.446399999782,October,Regular Week,Actual
7,2011-10-28,527339.52,0,28.82,3.55,195.3318977,8.513,2011,10,43,530567.7418000008,-3228.221800000756,October,Regular Week,Actual
7,2011-11-04,564536.01,0,23.41,3.527,195.4847959,8.513,2011,11,44,554996.5906000002,9539.41939999978,November,Regular Week,Actual
7,2011-11-11,556015.59,0,19.53,3.505,195.6376941,8.513,2011,11,45,556468.8279000008,-453.2379000008805,November,Regular Week,Actual
7,2011-11-18,539826.56,0,29.53,3.479,195.7184713,8.513,2011,11,46,545016.7940000003,-5190.234000000288,November,Regular Week,Actual
7,2011-11-25,949075.87,1,27.6,3.424,195.7704,8.513,2011,11,47,799616.5623,149459.3077,November,Holiday Week,Actual
7,2011-12-02,591907.88,0,20.38,3.378,195.8223287,8.513,2011,12,48,620585.4360000008,-28677.556000000797,December,Regular Week,Actual
7,2011-12-09,653845.45,0,11.17,3.331,195.8742575,8.513,2011,12,49,667479.138800001,-13633.688800001051,December,Regular Week,Actual
7,2011-12-16,720242.19,0,15.2,3.266,195.9841685,8.513,2011,12,50,714629.6989999993,5612.49100000062,December,Regular Week,Actual
7,2011-12-23,1059715.27,0,12.19,3.173,196.1713893,8.513,2011,12,51,957553.9114999995,102161.35850000056,December,Regular Week,Actual
7,2011-12-30,815915.52,1,15.56,3.119,196.3586101,8.513,2011,12,52,789143.8597999996,26771.66020000039,December,Holiday Week,Actual
7,2012-01-06,713117.66,0,18.67,3.095,196.5458309,8.256,2012,1,1,672251.4025999987,40866.25740000128,January,Regular Week,Actual
7,2012-01-13,593875.46,0,7.46,3.077,196.7330517,8.256,2012,1,2,605856.4813000002,-11981.021300000255,January,Regular Week,Actual
7,2012-01-20,578002.85,0,27.41,3.055,196.7796652,8.256,2012,1,3,567715.2386999996,10287.611300000339,January,Regular Week,Actual
7,2012-01-27,541037.98,0,26.9,3.038,196.8262786,8.256,2012,1,4,554100.0519999993,-13062.071999999345,January,Regular Week,Actual
7,2012-02-03,580453.32,0,22.2,3.031,196.8728921,8.256,2012,2,5,572214.6331000001,8238.686899999855,February,Regular Week,Actual
7,2012-02-10,563460.77,1,18.79,3.103,196.9195056,8.256,2012,2,6,569604.719300001,-6143.949300001026,February,Holiday Week,Actual
7,2012-02-17,620908.18,0,27.03,3.113,196.9432711,8.256,2012,2,7,579205.9364000001,41702.24359999993,February,Regular Week,Actual
7,2012-02-24,603041.14,0,24.41,3.129,196.9499007,8.256,2012,2,8,589299.5203000003,13741.61969999969,February,Regular Week,Actual
7,2012-03-02,551058.13,0,21.64,3.191,196.9565303,8.256,2012,3,9,566425.9678000008,-15367.837800000794,March,Regular Week,Actual
7,2012-03-09,579166.5,0,30.1,3.286,196.9631599,8.256,2012,3,10,578825.7699,340.73010000004433,March,Regular Week,Actual
7,2012-03-16,669205.73,0,37.29,3.486,197.0457208,8.256,2012,3,11,635683.2553999991,33522.47460000089,March,Regular Week,Actual
7,2012-03-23,615997.29,0,35.06,3.664,197.2295234,8.256,2012,3,12,612867.9315999995,3129.358400000492,March,Regular Week,Actual
7,2012-03-30,583322.2,0,44.99,3.75,197.4133259,8.256,2012,3,13,586648.9189000005,-3326.71890000056,March,Regular Week,Actual
7,2012-04-06,621425.98,0,44.29,3.854,197.5971285,8.09,2012,4,14,582467.8635999992,38958.116400000756,April,Regular Week,Actual
7,2012-04-13,517420.23,0,41.43,3.901,197.780931,8.09,2012,4,15,515266.07509999943,2154.154900000547,April,Regular Week,Actual
7,2012-04-20,457340.06,0,39.3,3.936,197.7227385,8.09,2012,4,16,466267.85550000006,-8927.795500000066,April,Regular Week,Actual
7,2012-04-27,467827.75,0,51.49,3.927,197.664546,8.09,2012,4,17,467444.46420000005,383.2857999999542,April,Regular Week,Actual
7,2012-05-04,465198.89,0,45.38,3.903,197.6063534,8.09,2012,5,18,471569.88300000015,-6370.993000000133,May,Regular Week,Actual
7,2012-05-11,460397.41,0,48.54,3.87,197.5481609,8.09,2012,5,19,475403.2399999994,-15005.829999999434,May,Regular Week,Actual
7,2012-05-18,468428.3,0,49.41,3.837,197.5553137,8.09,2012,5,20,500885.73799999995,-32457.437999999966,May,Regular Week,Actual
7,2012-05-25,532739.77,0,50.6,3.804,197.5886046,8.09,2012,5,21,526023.315300001,6716.454699999071,May,Regular Week,Actual
7,2012-06-01,598495.02,0,55.06,3.764,197.6218954,8.09,2012,6,22,603660.8606000007,-5165.840600000694,June,Regular Week,Actual
7,2012-06-08,642963.75,0,63.07,3.741,197.6551863,8.09,2012,6,23,644955.6998000003,-1991.9498000002932,June,Regular Week,Actual
7,2012-06-15,666942.02,0,59.33,3.723,197.692292,8.09,2012,6,24,657939.2384000011,9002.78159999894,June,Regular Week,Actual
7,2012-06-22,687344.68,0,63.69,3.735,197.7389345,8.09,2012,6,25,663431.4518000004,23913.228199999663,June,Regular Week,Actual
7,2012-06-29,704335.41,0,68.84,3.693,197.785577,8.09,2012,6,26,728006.6073999989,-23671.1973999989,June,Regular Week,Actual
7,2012-07-06,805642.61,0,64.67,3.646,197.8322195,7.872,2012,7,27,757937.9906999997,47704.61930000025,July,Regular Week,Actual
7,2012-07-13,694150.89,0,64.21,3.613,197.8788621,7.872,2012,7,28,697950.6323000002,-3799.742300000158,July,Regular Week,Actual
7,2012-07-20,686345.69,0,62.87,3.585,197.9290378,7.872,2012,7,29,685088.8864999994,1256.8035000005038,July,Regular Week,Actual
7,2012-07-27,686365.4,0,64.6,3.57,197.9792136,7.872,2012,7,30,700534.3448999994,-14168.94489999942,July,Regular Week,Actual
7,2012-08-03,680954.81,0,61.83,3.528,198.0293893,7.872,2012,8,31,674869.4889000003,6085.32109999971,August,Regular Week,Actual
7,2012-08-10,675926.3,0,63.41,3.509,198.0795651,7.872,2012,8,32,665285.7002999993,10640.59970000072,August,Regular Week,Actual
7,2012-08-17,642450.4,0,59.66,3.545,198.1001057,7.872,2012,8,33,641406.6137999992,1043.786200000788,August,Regular Week,Actual
7,2012-08-24,609099.37,0,59.27,3.558,198.0984199,7.872,2012,8,34,618097.7116999992,-8998.341699999175,August,Regular Week,Actual
7,2012-08-31,586467.16,0,60.46,3.556,198.0967341,7.872,2012,8,35,600805.4415999987,-14338.281599998707,August,Regular Week,Actual
7,2012-09-07,597876.55,1,57.84,3.596,198.0950484,7.872,2012,9,36,602269.8299999991,-4393.279999999097,September,Holiday Week,Actual
7,2012-09-14,541120.2,0,53.66,3.659,198.1267184,7.872,2012,9,37,569653.6015999997,-28533.40159999975,September,Regular Week,Actual
7,2012-09-21,530842.25,0,51.77,3.765,198.358523,7.872,2012,9,38,535649.496,-4807.246000000043,September,Regular Week,Actual
7,2012-09-28,525545.76,0,50.64,3.789,198.5903276,7.872,2012,9,39,527414.3561000001,-1868.5961000000825,September,Regular Week,Actual
7,2012-10-05,505830.56,0,48.43,3.779,198.8221322,7.557,2012,10,40,505543.21910000016,287.34089999983553,October,Regular Week,Actual
7,2012-10-12,503463.93,0,41.43,3.76,199.0539368,7.557,2012,10,41,508878.33959999983,-5414.409599999839,October,Regular Week,Actual
7,2012-10-19,516424.83,0,43.01,3.75,199.1481963,7.557,2012,10,42,519225.87459999917,-2801.04459999915,October,Regular Week,Actual
7,2012-10-26,495543.28,0,42.53,3.686,199.2195317,7.557,2012,10,43,512090.75400000013,-16547.474000000104,October,Regular Week,Actual
8,2010-02-05,1004137.09,0,34.14,2.572,214.4714512,6.299,2010,2,5,961887.7825000016,42249.307499998366,February,Regular Week,Actual
8,2010-02-12,994801.4,1,33.34,2.548,214.6214189,6.299,2010,2,6,958868.0533000012,35933.34669999883,February,Holiday Week,Actual
8,2010-02-19,963960.37,0,39.1,2.514,214.6664878,6.299,2010,2,7,941798.5313000001,22161.838699999847,February,Regular Week,Actual
8,2010-02-26,847592.11,0,37.91,2.561,214.6940735,6.299,2010,2,8,886972.1910999999,-39380.08109999995,February,Regular Week,Actual
8,2010-03-05,881503.95,0,45.64,2.625,214.7216592,6.299,2010,3,9,831006.9035000002,50497.046499999706,March,Regular Week,Actual
8,2010-03-12,860336.16,0,49.76,2.667,214.7492449,6.299,2010,3,10,854880.1226999989,5456.037300001131,March,Regular Week,Actual
8,2010-03-19,839911.0,0,47.26,2.72,214.5764954,6.299,2010,3,11,836283.3391000001,3627.6608999999007,March,Regular Week,Actual
8,2010-03-26,772539.12,0,46.51,2.732,214.3703567,6.299,2010,3,12,802311.8348999999,-29772.714899999904,March,Regular Week,Actual
8,2010-04-02,914500.91,0,60.18,2.719,214.164218,6.29,2010,4,13,886354.5417999988,28146.36820000119,April,Regular Week,Actual
8,2010-04-09,916033.92,0,59.25,2.77,213.9580793,6.29,2010,4,14,854303.1040999998,61730.81590000028,April,Regular Week,Actual
8,2010-04-16,882917.12,0,62.66,2.808,213.8186357,6.29,2010,4,15,873919.7491000001,8997.370899999863,April,Regular Week,Actual
8,2010-04-23,850440.26,0,56.1,2.795,213.768119,6.29,2010,4,16,847802.9067000005,2637.353299999493,April,Regular Week,Actual
8,2010-04-30,778672.64,0,61.01,2.78,213.7176024,6.29,2010,4,17,810063.7794000005,-31391.13940000045,April,Regular Week,Actual
8,2010-05-07,916820.96,0,62.68,2.835,213.6670857,6.29,2010,5,18,895123.7183999994,21697.241600000532,May,Regular Week,Actual
8,2010-05-14,873337.84,0,61.35,2.854,213.6655355,6.29,2010,5,19,874164.6753000009,-826.8353000009665,May,Regular Week,Actual
8,2010-05-21,818333.21,0,66.03,2.826,213.9577839,6.29,2010,5,20,841692.2717999998,-23359.061799999792,May,Regular Week,Actual
8,2010-05-28,868041.56,0,74.71,2.759,214.2500323,6.29,2010,5,21,856440.4157000005,11601.144299999578,May,Regular Week,Actual
8,2010-06-04,958225.41,0,75.71,2.705,214.5422806,6.29,2010,6,22,856861.6658000003,101363.74419999972,June,Regular Week,Actual
8,2010-06-11,914835.86,0,82.21,2.668,214.834529,6.29,2010,6,23,895727.1970999996,19108.662900000345,June,Regular Week,Actual
8,2010-06-18,869922.56,0,78.79,2.637,214.8324452,6.29,2010,6,24,866801.5281000005,3121.0318999995943,June,Regular Week,Actual
8,2010-06-25,814919.11,0,81.78,2.653,214.7126286,6.29,2010,6,25,839173.6908999997,-24254.58089999971,June,Regular Week,Actual
8,2010-07-02,852333.75,0,74.78,2.669,214.5928119,6.315,2010,7,26,838578.2431000002,13755.506899999804,July,Regular Week,Actual
8,2010-07-09,845289.77,0,72.49,2.642,214.4729952,6.315,2010,7,27,838865.9466000001,6423.823399999877,July,Regular Week,Actual
8,2010-07-16,848630.57,0,77.49,2.623,214.4640599,6.315,2010,7,28,836016.6243999995,12613.945600000443,July,Regular Week,Actual
8,2010-07-23,785515.88,0,78.29,2.608,214.6029664,6.315,2010,7,29,801087.2459,-15571.365899999975,July,Regular Week,Actual
8,2010-07-30,787295.09,0,76.02,2.64,214.7418728,6.315,2010,7,30,808599.1987000013,-21304.10870000138,July,Regular Week,Actual
8,2010-08-06,893399.77,0,80.37,2.627,214.8807793,6.315,2010,8,31,856502.9419,36896.82810000004,August,Regular Week,Actual
8,2010-08-13,867919.21,0,80.11,2.692,215.0196857,6.315,2010,8,32,874045.588499999,-6126.37849999906,August,Regular Week,Actual
8,2010-08-20,870676.44,0,79.36,2.664,214.9779825,6.315,2010,8,33,872595.7318999991,-1919.291899999138,August,Regular Week,Actual
8,2010-08-27,888816.78,0,74.92,2.619,214.9362793,6.315,2010,8,34,875823.9642000005,12992.815799999516,August,Regular Week,Actual
8,2010-09-03,899036.47,0,76.14,2.577,214.894576,6.315,2010,9,35,881843.1151999997,17193.35480000032,September,Regular Week,Actual
8,2010-09-10,831425.2,1,74.34,2.565,214.8528728,6.315,2010,9,36,881272.9474999999,-49847.74749999994,September,Holiday Week,Actual
8,2010-09-17,836707.85,0,75.32,2.582,214.8785562,6.315,2010,9,37,856087.3017999997,-19379.45179999969,September,Regular Week,Actual
8,2010-09-24,773725.08,0,72.21,2.624,214.9547795,6.315,2010,9,38,864383.1467,-90658.06670000008,September,Regular Week,Actual
8,2010-10-01,804105.49,0,68.7,2.603,215.0310029,6.433,2010,10,39,830369.8776999994,-26264.38769999938,October,Regular Week,Actual
8,2010-10-08,870349.86,0,62.94,2.633,215.1072262,6.433,2010,10,40,858727.6540999995,11622.205900000525,October,Regular Week,Actual
8,2010-10-15,826546.96,0,62.59,2.72,215.1757,6.433,2010,10,41,844597.8806999993,-18050.92069999932,October,Regular Week,Actual
8,2010-10-22,836419.14,0,62.86,2.725,215.2248,6.433,2010,10,42,848422.9521999994,-12003.812199999345,October,Regular Week,Actual
8,2010-10-29,830756.76,0,57.93,2.716,215.2739,6.433,2010,10,43,889752.6212000011,-58995.86120000109,October,Regular Week,Actual
8,2010-11-05,927266.34,0,55.76,2.689,215.323,6.433,2010,11,44,919194.3408000018,8071.999199998216,November,Regular Week,Actual
8,2010-11-12,911538.98,0,54.89,2.728,215.3721,6.433,2010,11,45,891193.3309000005,20345.649099999457,November,Regular Week,Actual
8,2010-11-19,885608.04,0,43.86,2.771,215.2538714,6.433,2010,11,46,830397.0066999999,55211.03330000013,November,Regular Week,Actual
8,2010-11-26,1261693.16,1,51.07,2.735,215.1077548,6.433,2010,11,47,1116448.084899999,145245.07510000095,November,Holiday Week,Actual
8,2010-12-03,952766.93,0,42.85,2.708,214.9616381,6.433,2010,12,48,1029874.1256999992,-77107.19569999911,December,Regular Week,Actual
8,2010-12-10,1069061.63,0,42.47,2.843,214.8155214,6.433,2010,12,49,1038047.6664999991,31013.96350000077,December,Regular Week,Actual
8,2010-12-17,1220579.55,0,45.03,2.869,214.7510843,6.433,2010,12,50,1023431.9995999992,197147.55040000088,December,Regular Week,Actual
8,2010-12-24,1511641.09,0,45.67,2.886,214.7479069,6.433,2010,12,51,1032853.243799999,478787.8462000011,December,Regular Week,Actual
8,2010-12-31,773586.49,1,41.47,2.943,214.7447295,6.433,2010,12,52,923508.3099999991,-149921.81999999913,December,Holiday Week,Actual
8,2011-01-07,873065.23,0,35.77,2.976,214.7415521,6.262,2011,1,1,836318.1461999989,36747.08380000107,January,Regular Week,Actual
8,2011-01-14,809646.66,0,31.62,2.983,214.7930991,6.262,2011,1,2,838765.3576999989,-29118.697699998855,January,Regular Week,Actual
8,2011-01-21,822668.23,0,42.06,3.016,215.1729926,6.262,2011,1,3,824403.8713999994,-1735.641399999382,January,Regular Week,Actual
8,2011-01-28,782256.66,0,39.26,3.01,215.5528862,6.262,2011,1,4,814137.2136999986,-31880.553699998534,January,Regular Week,Actual
8,2011-02-04,944594.78,0,24.48,2.989,215.9327797,6.262,2011,2,5,941624.4468000005,2970.333199999528,February,Regular Week,Actual
8,2011-02-11,996147.39,1,28.26,3.022,216.3126733,6.262,2011,2,6,984118.6916000004,12028.698399999645,February,Holiday Week,Actual
8,2011-02-18,1065108.64,0,50.64,3.045,216.6310383,6.262,2011,2,7,1006052.7754000005,59055.86459999939,February,Regular Week,Actual
8,2011-02-25,917317.15,0,51.29,3.065,216.9247918,6.262,2011,2,8,971703.0854000006,-54385.93540000054,February,Regular Week,Actual
8,2011-03-04,935266.43,0,53.18,3.288,217.2185454,6.262,2011,3,9,908231.6004999998,27034.829500000225,March,Regular Week,Actual
8,2011-03-11,900387.29,0,49.14,3.459,217.512299,6.262,2011,3,10,901917.8546000007,-1530.5646000006236,March,Regular Week,Actual
8,2011-03-18,898289.14,0,56.68,3.488,217.7705442,6.262,2011,3,11,886524.7032000003,11764.436799999676,March,Regular Week,Actual
8,2011-03-25,827968.36,0,59.74,3.473,218.0145862,6.262,2011,3,12,856575.2589999996,-28606.898999999627,March,Regular Week,Actual
8,2011-04-01,878762.3,0,49.86,3.524,218.2586281,6.297,2011,4,13,889549.3074999987,-10787.007499998668,April,Regular Week,Actual
8,2011-04-08,949825.83,0,65.62,3.622,218.50267,6.297,2011,4,14,939672.5263999988,10153.303600001149,April,Regular Week,Actual
8,2011-04-15,908278.74,0,63.55,3.743,218.7262524,6.297,2011,4,15,910920.1002999996,-2641.360299999593,April,Regular Week,Actual
8,2011-04-22,937473.13,0,65.11,3.807,218.8986857,6.297,2011,4,16,914364.9421999994,23108.187800000655,April,Regular Week,Actual
8,2011-04-29,855014.77,0,62.29,3.81,219.071119,6.297,2011,4,17,878574.0006,-23559.23060000001,April,Regular Week,Actual
8,2011-05-06,941457.34,0,58.92,3.906,219.2435524,6.297,2011,5,18,922206.2601000017,19251.079899998265,May,Regular Week,Actual
8,2011-05-13,895763.41,0,72.96,3.899,219.4159857,6.297,2011,5,19,897156.2707999985,-1392.8607999985106,May,Regular Week,Actual
8,2011-05-20,836049.89,0,65.54,3.907,219.1746922,6.297,2011,5,20,866917.8689000004,-30867.978900000337,May,Regular Week,Actual
8,2011-05-27,857939.41,0,73.14,3.786,218.9333986,6.297,2011,5,21,876236.4316999987,-18297.021699998644,May,Regular Week,Actual
8,2011-06-03,929222.16,0,82.05,3.699,218.6921051,6.297,2011,6,22,919278.7522999983,9943.407700001728,June,Regular Week,Actual
8,2011-06-10,897309.41,0,82.21,3.648,218.4508115,6.297,2011,6,23,907593.979499998,-10284.569499998004,June,Regular Week,Actual
8,2011-06-17,922048.41,0,84.73,3.637,218.4021448,6.297,2011,6,24,916801.4947999981,5246.915200001909,June,Regular Week,Actual
8,2011-06-24,864881.24,0,83.94,3.594,218.4979481,6.297,2011,6,25,904197.7608999986,-39316.520899998606,June,Regular Week,Actual
8,2011-07-01,883683.35,0,87.26,3.524,218.5937514,6.425,2011,7,26,830517.2776999996,53166.07230000035,July,Regular Week,Actual
8,2011-07-08,861965.12,0,83.57,3.48,218.6895548,6.425,2011,7,27,855891.3284999995,6073.791500000516,July,Regular Week,Actual
8,2011-07-15,849925.37,0,84.26,3.575,218.7746217,6.425,2011,7,28,853581.1072999998,-3655.7372999998042,July,Regular Week,Actual
8,2011-07-22,829902.42,0,85.46,3.651,218.8328475,6.425,2011,7,29,834782.3475000005,-4879.927500000456,July,Regular Week,Actual
8,2011-07-29,807082.19,0,86.46,3.682,218.8910733,6.425,2011,7,30,818643.7463999992,-11561.556399999303,July,Regular Week,Actual
8,2011-08-05,892393.77,0,85.15,3.684,218.9492991,6.425,2011,8,31,839607.7542999997,52786.01570000034,August,Regular Week,Actual
8,2011-08-12,856796.1,0,86.05,3.638,219.0075249,6.425,2011,8,32,852036.9070999995,4759.192900000489,August,Regular Week,Actual
8,2011-08-19,895066.5,0,82.92,3.554,219.0701968,6.425,2011,8,33,882865.6886999999,12200.81130000006,August,Regular Week,Actual
8,2011-08-26,912542.82,0,84.69,3.523,219.1336097,6.425,2011,8,34,897909.459599999,14633.360400000936,August,Regular Week,Actual
8,2011-09-02,891387.14,0,84.77,3.533,219.1970226,6.425,2011,9,35,890573.9222000001,813.2177999998676,September,Regular Week,Actual
8,2011-09-09,848358.09,1,69.01,3.546,219.2604355,6.425,2011,9,36,873225.5488,-24867.458800000022,September,Holiday Week,Actual
8,2011-09-16,870971.82,0,69.09,3.526,219.4442443,6.425,2011,9,37,861624.5351999992,9347.284800000722,September,Regular Week,Actual
8,2011-09-23,806444.29,0,68.72,3.467,219.788581,6.425,2011,9,38,821415.0968000005,-14970.806800000486,September,Regular Week,Actual
8,2011-09-30,809049.37,0,72.2,3.355,220.1329176,6.425,2011,9,39,825168.1238999999,-16118.753899999894,September,Regular Week,Actual
8,2011-10-07,929976.55,0,67.61,3.285,220.4772543,6.123,2011,10,40,909887.7199999992,20088.83000000089,October,Regular Week,Actual
8,2011-10-14,863188.26,0,61.74,3.274,220.7960935,6.123,2011,10,41,879321.8480000006,-16133.58800000057,October,Regular Week,Actual
8,2011-10-21,905984.49,0,59.97,3.353,220.9619484,6.123,2011,10,42,881300.7027000008,24683.787299999152,October,Regular Week,Actual
8,2011-10-28,876712.31,0,56.86,3.372,221.1278032,6.123,2011,10,43,883925.553200001,-7213.243200000958,October,Regular Week,Actual
8,2011-11-04,947815.05,0,49.68,3.332,221.2936581,6.123,2011,11,44,916101.0480999999,31714.00190000015,November,Regular Week,Actual
8,2011-11-11,917088.48,0,50.56,3.297,221.4595129,6.123,2011,11,45,921484.9904999997,-4396.510499999742,November,Regular Week,Actual
8,2011-11-18,897032.19,0,51.72,3.308,221.6911738,6.123,2011,11,46,916644.5378999991,-19612.34789999912,November,Regular Week,Actual
8,2011-11-25,1235163.86,1,49.61,3.236,221.9491571,6.123,2011,11,47,1139503.4948999994,95660.36510000075,November,Holiday Week,Actual
8,2011-12-02,986601.46,0,40.82,3.172,222.2071405,6.123,2011,12,48,1037505.5211999986,-50904.0611999986,December,Regular Week,Actual
8,2011-12-09,1051922.95,0,30.51,3.158,222.4651238,6.123,2011,12,49,1067826.4623999984,-15903.512399998493,December,Regular Week,Actual
8,2011-12-16,1118163.94,0,39.79,3.159,222.6910959,6.123,2011,12,50,1121619.908599998,-3455.9685999981593,December,Regular Week,Actual
8,2011-12-23,1462254.05,0,38.16,3.112,222.8743862,6.123,2011,12,51,1307328.812999998,154925.23700000206,December,Regular Week,Actual
8,2011-12-30,858572.22,1,36.33,3.129,223.0576765,6.123,2011,12,52,1007947.0241999989,-149374.80419999897,December,Holiday Week,Actual
8,2012-01-06,872113.23,0,43.47,3.157,223.2409668,5.825,2012,1,1,855578.7154000006,16534.514599999413,January,Regular Week,Actual
8,2012-01-13,817661.76,0,36.46,3.261,223.4242571,5.825,2012,1,2,857991.1373000005,-40329.37730000052,January,Regular Week,Actual
8,2012-01-20,813954.82,0,46.81,3.268,223.5188055,5.825,2012,1,3,842254.4172000006,-28299.59720000066,January,Regular Week,Actual
8,2012-01-27,778178.53,0,45.52,3.29,223.6133539,5.825,2012,1,4,834225.8010000006,-56047.27100000053,January,Regular Week,Actual
8,2012-02-03,927610.69,0,45.56,3.36,223.7079023,5.825,2012,2,5,942285.1531999995,-14674.463199999533,February,Regular Week,Actual
8,2012-02-10,1021400.42,1,35.71,3.409,223.8024507,5.825,2012,2,6,1026417.202800001,-5016.782800000976,February,Holiday Week,Actual
8,2012-02-17,1096232.89,0,37.51,3.51,223.9658621,5.825,2012,2,7,1062855.1732000003,33377.71679999959,February,Regular Week,Actual
8,2012-02-24,928537.54,0,46.33,3.555,224.1809207,5.825,2012,2,8,973213.2659999998,-44675.72599999979,February,Regular Week,Actual
8,2012-03-02,952264.91,0,50.95,3.63,224.3959793,5.825,2012,3,9,949876.9382999988,2387.971700001275,March,Regular Week,Actual
8,2012-03-09,960115.56,0,49.59,3.669,224.6110379,5.825,2012,3,10,948954.6272000007,11160.93279999937,March,Regular Week,Actual
8,2012-03-16,921178.39,0,56.63,3.734,224.7657327,5.825,2012,3,11,917805.1831000001,3373.2068999998737,March,Regular Week,Actual
8,2012-03-23,874223.25,0,52.9,3.787,224.8399424,5.825,2012,3,12,892109.2448,-17885.994799999986,March,Regular Week,Actual
8,2012-03-30,905935.29,0,66.69,3.845,224.9141521,5.825,2012,3,13,904612.0475000008,1323.2424999992363,March,Regular Week,Actual
8,2012-04-06,1046816.59,0,62.18,3.891,224.9883618,5.679,2012,4,14,978989.0858000015,67827.50419999845,April,Regular Week,Actual
8,2012-04-13,909989.45,0,65.19,3.891,225.0625714,5.679,2012,4,15,918632.7845000012,-8643.334500001278,April,Regular Week,Actual
8,2012-04-20,872288.46,0,63.59,3.877,225.1179914,5.679,2012,4,16,889630.5371999992,-17342.077199999243,April,Regular Week,Actual
8,2012-04-27,879448.25,0,70.34,3.814,225.1734114,5.679,2012,4,17,886048.8328999999,-6600.582899999921,April,Regular Week,Actual
8,2012-05-04,937232.09,0,73.96,3.749,225.2288314,5.679,2012,5,18,923219.7652000008,14012.324799999129,May,Regular Week,Actual
8,2012-05-11,920128.89,0,64.96,3.688,225.2842514,5.679,2012,5,19,906271.3431000003,13857.546899999725,May,Regular Week,Actual
8,2012-05-18,913922.01,0,64.16,3.63,225.3002908,5.679,2012,5,20,909403.7857000002,4518.224299999769,May,Regular Week,Actual
8,2012-05-25,895157.44,0,76.11,3.561,225.3005779,5.679,2012,5,21,902624.7729999993,-7467.332999999402,May,Regular Week,Actual
8,2012-06-01,921161.2,0,78.31,3.501,225.300865,5.679,2012,6,22,916078.5985000008,5082.601499999175,June,Regular Week,Actual
8,2012-06-08,928820.0,0,74.28,3.452,225.3011521,5.679,2012,6,23,924654.4222000004,4165.577799999621,June,Regular Week,Actual
8,2012-06-15,916918.7,0,77.14,3.393,225.3134743,5.679,2012,6,24,911090.2296000012,5828.4703999987105,June,Regular Week,Actual
8,2012-06-22,899449.65,0,78.85,3.346,225.3558843,5.679,2012,6,25,902646.3519000008,-3196.7019000008004,June,Regular Week,Actual
8,2012-06-29,878298.22,0,84.47,3.286,225.3982943,5.679,2012,6,26,885816.2822999991,-7518.062299999176,June,Regular Week,Actual
8,2012-07-06,936205.5,0,81.24,3.227,225.4407043,5.401,2012,7,27,918635.3594000001,17570.140599999926,July,Regular Week,Actual
8,2012-07-13,890488.01,0,78.46,3.256,225.4831143,5.401,2012,7,28,892604.1802000009,-2116.1702000008663,July,Regular Week,Actual
8,2012-07-20,888834.07,0,79.94,3.311,225.4930078,5.401,2012,7,29,882867.5728000007,5966.497199999285,July,Regular Week,Actual
8,2012-07-27,838227.52,0,81.71,3.407,225.5029014,5.401,2012,7,30,860245.9626000003,-22018.4426000003,July,Regular Week,Actual
8,2012-08-03,897076.73,0,85.06,3.417,225.5127949,5.401,2012,8,31,887406.5800999996,9670.149900000426,August,Regular Week,Actual
8,2012-08-10,930745.69,0,83.74,3.494,225.5226885,5.401,2012,8,32,913138.2820999991,17607.407900000806,August,Regular Week,Actual
8,2012-08-17,896613.19,0,81.21,3.571,225.6050797,5.401,2012,8,33,902663.564999999,-6050.374999999069,August,Regular Week,Actual
8,2012-08-24,936373.65,0,73.77,3.62,225.7418442,5.401,2012,8,34,935478.4620000005,895.1879999994999,August,Regular Week,Actual
8,2012-08-31,976137.73,0,75.33,3.638,225.8786088,5.401,2012,8,35,960444.9251000002,15692.804899999755,August,Regular Week,Actual
8,2012-09-07,932160.37,1,80.87,3.73,226.0153733,5.401,2012,9,36,929034.1914000001,3126.1785999998683,September,Holiday Week,Actual
8,2012-09-14,883569.38,0,67.21,3.717,226.1615981,5.401,2012,9,37,888427.8653000001,-4858.4853000000585,September,Regular Week,Actual
8,2012-09-21,857796.45,0,66.96,3.721,226.3645848,5.401,2012,9,38,871703.5715000012,-13907.121500001289,September,Regular Week,Actual
8,2012-09-28,884724.41,0,71.1,3.666,226.5675714,5.401,2012,9,39,904389.8448999987,-19665.434899998712,September,Regular Week,Actual
8,2012-10-05,976436.02,0,61.41,3.617,226.7705581,5.124,2012,10,40,955651.6315999998,20784.38840000017,October,Regular Week,Actual
8,2012-10-12,927511.99,0,55.03,3.601,226.9735448,5.124,2012,10,41,928096.016699999,-584.0266999989981,October,Regular Week,Actual
8,2012-10-19,900309.75,0,62.99,3.594,227.0184166,5.124,2012,10,42,906506.3526999999,-6196.60269999993,October,Regular Week,Actual
8,2012-10-26,891671.44,0,64.74,3.506,227.0369359,5.124,2012,10,43,898555.0051999992,-6883.565199999255,October,Regular Week,Actual
9,2010-02-05,549505.55,0,38.01,2.572,214.6554591,6.415,2010,2,5,517325.57069999946,32179.97930000059,February,Regular Week,Actual
9,2010-02-12,552677.48,1,37.08,2.548,214.8056534,6.415,2010,2,6,537637.8939999992,15039.586000000825,February,Holiday Week,Actual
9,2010-02-19,511327.9,0,43.06,2.514,214.8506185,6.415,2010,2,7,509793.97109999956,1533.9289000004646,February,Regular Week,Actual
9,2010-02-26,473773.27,0,43.83,2.561,214.8780453,6.415,2010,2,8,490923.02960000036,-17149.75960000034,February,Regular Week,Actual
9,2010-03-05,507297.88,0,48.43,2.625,214.9054721,6.415,2010,3,9,499925.66290000034,7372.21709999966,March,Regular Week,Actual
9,2010-03-12,494145.8,0,55.76,2.667,214.932899,6.415,2010,3,10,512978.3744,-18832.574399999983,March,Regular Week,Actual
9,2010-03-19,485744.61,0,53.15,2.72,214.7597274,6.415,2010,3,11,496755.2391999997,-11010.629199999734,March,Regular Week,Actual
9,2010-03-26,484946.56,0,51.8,2.732,214.5531227,6.415,2010,3,12,493251.71230000025,-8305.152300000249,March,Regular Week,Actual
9,2010-04-02,545206.32,0,65.21,2.719,214.3465181,6.384,2010,4,13,532271.8079000001,12934.512099999818,April,Regular Week,Actual
9,2010-04-09,529384.31,0,64.95,2.77,214.1399135,6.384,2010,4,14,504909.8482000003,24474.461799999757,April,Regular Week,Actual
9,2010-04-16,485764.32,0,66.09,2.808,214.0001817,6.384,2010,4,15,490847.77950000024,-5083.45950000023,April,Regular Week,Actual
9,2010-04-23,488683.57,0,61.26,2.795,213.9496138,6.384,2010,4,16,493068.72730000044,-4385.157300000428,April,Regular Week,Actual
9,2010-04-30,491723.42,0,66.07,2.78,213.8990459,6.384,2010,4,17,494785.0597000008,-3061.6397000008146,April,Regular Week,Actual
9,2010-05-07,526128.61,0,68.58,2.835,213.848478,6.384,2010,5,18,515249.3811,10879.228899999987,May,Regular Week,Actual
9,2010-05-14,492792.8,0,70.53,2.854,213.8469819,6.384,2010,5,19,517578.43669999985,-24785.636699999857,May,Regular Week,Actual
9,2010-05-21,506274.94,0,71.5,2.826,214.1399162,6.384,2010,5,20,508665.1751999998,-2390.235199999821,May,Regular Week,Actual
9,2010-05-28,558143.53,0,77.12,2.759,214.4328505,6.384,2010,5,21,537201.5091000005,20942.020899999538,May,Regular Week,Actual
9,2010-06-04,586061.46,0,79.65,2.705,214.7257848,6.384,2010,6,22,527829.4031,58232.05689999997,June,Regular Week,Actual
9,2010-06-11,522715.68,0,83.75,2.668,215.0187191,6.384,2010,6,23,518767.91289999976,3947.76710000023,June,Regular Week,Actual
9,2010-06-18,513073.87,0,82.99,2.637,215.0166484,6.384,2010,6,24,506977.3029999999,6096.567000000097,June,Regular Week,Actual
9,2010-06-25,509263.28,0,85.02,2.653,214.8965756,6.384,2010,6,25,511540.7959000003,-2277.5159000002895,June,Regular Week,Actual
9,2010-07-02,528832.54,0,78.55,2.669,214.7765028,6.442,2010,7,26,516646.8567999993,12185.683200000727,July,Regular Week,Actual
9,2010-07-09,485389.15,0,78.51,2.642,214.6564301,6.442,2010,7,27,492510.52099999925,-7121.370999999228,July,Regular Week,Actual
9,2010-07-16,474030.51,0,82.93,2.623,214.6474453,6.442,2010,7,28,477662.69379999966,-3632.1837999996496,July,Regular Week,Actual
9,2010-07-23,462676.5,0,84.49,2.608,214.7865779,6.442,2010,7,29,473856.29309999995,-11179.793099999952,July,Regular Week,Actual
9,2010-07-30,468675.19,0,79.83,2.64,214.9257105,6.442,2010,7,30,479361.4545999997,-10686.264599999704,July,Regular Week,Actual
9,2010-08-06,522815.45,0,87.09,2.627,215.064843,6.442,2010,8,31,507359.0703000003,15456.3796999997,August,Regular Week,Actual
9,2010-08-13,481897.98,0,86.85,2.692,215.2039756,6.442,2010,8,32,497372.50789999956,-15474.527899999579,August,Regular Week,Actual
9,2010-08-20,499325.38,0,86.3,2.664,215.1619646,6.442,2010,8,33,498552.0990000003,773.2809999997262,August,Regular Week,Actual
9,2010-08-27,506789.66,0,84.01,2.619,215.1199536,6.442,2010,8,34,493875.1312999993,12914.528700000665,August,Regular Week,Actual
9,2010-09-03,511049.06,0,82.47,2.577,215.0779426,6.442,2010,9,35,489105.5757999993,21943.484200000705,September,Regular Week,Actual
9,2010-09-10,484835.2,1,77.7,2.565,215.0359315,6.442,2010,9,36,498064.41369999916,-13229.213699999149,September,Holiday Week,Actual
9,2010-09-17,463448.59,0,81.19,2.582,215.0615285,6.442,2010,9,37,486290.4425999995,-22841.85259999946,September,Regular Week,Actual
9,2010-09-24,452905.22,0,77.15,2.624,215.1378313,6.442,2010,9,38,469216.6313999996,-16311.411399999633,September,Regular Week,Actual
9,2010-10-01,495692.19,0,69.08,2.603,215.2141341,6.56,2010,10,39,489431.5584999996,6260.631500000425,October,Regular Week,Actual
9,2010-10-08,505069.21,0,65.35,2.633,215.290437,6.56,2010,10,40,494119.64260000025,10949.567399999767,October,Regular Week,Actual
9,2010-10-15,454769.68,0,67.36,2.72,215.3589917,6.56,2010,10,41,472817.2024999998,-18047.522499999788,October,Regular Week,Actual
9,2010-10-22,466322.76,0,69.99,2.725,215.4081762,6.56,2010,10,42,486273.0939999998,-19950.3339999998,October,Regular Week,Actual
9,2010-10-29,508801.61,0,64.43,2.716,215.4573607,6.56,2010,10,43,504037.2054999997,4764.404500000295,October,Regular Week,Actual
9,2010-11-05,517869.97,0,58.69,2.689,215.5065452,6.56,2010,11,44,511828.68769999966,6041.282300000312,November,Regular Week,Actual
9,2010-11-12,520846.68,0,61.59,2.728,215.5557297,6.56,2010,11,45,513581.9239999997,7264.756000000285,November,Regular Week,Actual
9,2010-11-19,519823.3,0,49.96,2.771,215.4372854,6.56,2010,11,46,514813.79829999956,5009.50170000043,November,Regular Week,Actual
9,2010-11-26,768070.53,1,60.18,2.735,215.2909028,6.56,2010,11,47,683793.8978999996,84276.6321000004,November,Holiday Week,Actual
9,2010-12-03,578164.82,0,49.89,2.708,215.1445203,6.56,2010,12,48,617964.7132,-39799.89320000005,December,Regular Week,Actual
9,2010-12-10,618121.82,0,46.1,2.843,214.9981378,6.56,2010,12,49,641563.8309000004,-23442.01090000046,December,Regular Week,Actual
9,2010-12-17,685243.2,0,49.7,2.869,214.9334937,6.56,2010,12,50,705781.7273000005,-20538.52730000054,December,Regular Week,Actual
9,2010-12-24,873347.55,0,50.93,2.886,214.9301534,6.56,2010,12,51,800034.1117999995,73313.43820000056,December,Regular Week,Actual
9,2010-12-31,459770.85,1,45.92,2.943,214.9268131,6.56,2010,12,52,606848.6609000006,-147077.81090000062,December,Holiday Week,Actual
9,2011-01-07,490981.78,0,41.82,2.976,214.9234729,6.416,2011,1,1,524398.1379999998,-33416.357999999775,January,Regular Week,Actual
9,2011-01-14,458086.69,0,36.43,2.983,214.9749587,6.416,2011,1,2,519072.7012999998,-60986.01129999978,January,Regular Week,Actual
9,2011-01-21,454021.69,0,44.72,3.016,215.3554013,6.416,2011,1,3,483165.0399000001,-29143.34990000009,January,Regular Week,Actual
9,2011-01-28,463561.48,0,43.9,3.01,215.7358438,6.416,2011,1,4,497056.1711000001,-33494.69110000011,January,Regular Week,Actual
9,2011-02-04,544612.28,0,31.82,2.989,216.1162864,6.416,2011,2,5,533564.2561000003,11048.02389999968,February,Regular Week,Actual
9,2011-02-11,555279.02,1,34.13,3.022,216.496729,6.416,2011,2,6,544243.8474000002,11035.172599999816,February,Holiday Week,Actual
9,2011-02-18,610985.56,0,58.5,3.045,216.8154856,6.416,2011,2,7,577879.7263000004,33105.83369999961,February,Regular Week,Actual
9,2011-02-25,513107.2,0,59.01,3.065,217.1095679,6.416,2011,2,8,574478.9171000004,-61371.71710000042,February,Regular Week,Actual
9,2011-03-04,542016.18,0,60.67,3.288,217.4036503,6.416,2011,3,9,538072.5281999998,3943.651800000225,March,Regular Week,Actual
9,2011-03-11,517783.5,0,54.75,3.459,217.6977326,6.416,2011,3,10,523723.92389999976,-5940.4238999997615,March,Regular Week,Actual
9,2011-03-18,515226.11,0,63.82,3.488,217.9563371,6.416,2011,3,11,519532.0005999995,-4305.890599999519,March,Regular Week,Actual
9,2011-03-25,497488.4,0,68.79,3.473,218.2007506,6.416,2011,3,12,507154.8965999994,-9666.496599999373,March,Regular Week,Actual
9,2011-04-01,520962.14,0,56.12,3.524,218.445164,6.38,2011,4,13,526460.4880000002,-5498.348000000231,April,Regular Week,Actual
9,2011-04-08,561625.92,0,71.4,3.622,218.6895775,6.38,2011,4,14,555013.5733000009,6612.34669999918,April,Regular Week,Actual
9,2011-04-15,528420.28,0,71.9,3.743,218.9134935,6.38,2011,4,15,538409.0021000005,-9988.72210000048,April,Regular Week,Actual
9,2011-04-22,549502.11,0,72.35,3.807,219.0861659,6.38,2011,4,16,543574.9651,5927.144899999956,April,Regular Week,Actual
9,2011-04-29,532226.2,0,70.85,3.81,219.2588382,6.38,2011,4,17,533510.9632000006,-1284.763200000627,April,Regular Week,Actual
9,2011-05-06,545251.1,0,62.2,3.906,219.4315106,6.38,2011,5,18,539299.0481000005,5952.0518999994965,May,Regular Week,Actual
9,2011-05-13,539126.0,0,77.66,3.899,219.6041829,6.38,2011,5,19,539594.7171,-468.71710000000894,May,Regular Week,Actual
9,2011-05-20,518266.9,0,70.49,3.907,219.3622809,6.38,2011,5,20,528310.7101999997,-10043.810199999716,May,Regular Week,Actual
9,2011-05-27,553834.04,0,80.42,3.786,219.1203788,6.38,2011,5,21,547907.3157000002,5926.724299999885,May,Regular Week,Actual
9,2011-06-03,587004.29,0,85.8,3.699,218.8784768,6.38,2011,6,22,570804.3668999997,16199.923100000364,June,Regular Week,Actual
9,2011-06-10,550076.32,0,85.81,3.648,218.6365747,6.38,2011,6,23,553833.3710000003,-3757.051000000327,June,Regular Week,Actual
9,2011-06-17,558671.14,0,89.15,3.637,218.5877333,6.38,2011,6,24,547661.5721000002,11009.56789999979,June,Regular Week,Actual
9,2011-06-24,538745.93,0,86.74,3.594,218.6836874,6.38,2011,6,25,541724.2352,-2978.3051999999443,June,Regular Week,Actual
9,2011-07-01,537064.03,0,89.14,3.524,218.7796415,6.404,2011,7,26,535418.1535000004,1645.8764999996638,July,Regular Week,Actual
9,2011-07-08,535983.13,0,89.04,3.48,218.8755955,6.404,2011,7,27,534021.0453000006,1962.0846999994246,July,Regular Week,Actual
9,2011-07-15,512834.04,0,90.45,3.575,218.9607242,6.404,2011,7,28,544107.0430000003,-31273.003000000317,July,Regular Week,Actual
9,2011-07-22,491449.94,0,89.08,3.651,219.0187895,6.404,2011,7,29,545905.6815000004,-54455.74150000041,July,Regular Week,Actual
9,2011-07-29,471449.98,0,91.1,3.682,219.0768548,6.404,2011,7,30,549379.2998000006,-77929.31980000064,July,Regular Week,Actual
9,2011-08-05,554879.67,0,91.52,3.684,219.1349201,6.404,2011,8,31,550025.2058000007,4854.464199999347,August,Regular Week,Actual
9,2011-08-12,520284.79,0,91.63,3.638,219.1929854,6.404,2011,8,32,549309.0890000005,-29024.299000000523,August,Regular Week,Actual
9,2011-08-19,540819.44,0,85.8,3.554,219.2556109,6.404,2011,8,33,542004.5290999995,-1185.0890999995172,August,Regular Week,Actual
9,2011-08-26,542663.53,0,88.95,3.523,219.3189965,6.404,2011,8,34,535575.0182999999,7088.511700000148,August,Regular Week,Actual
9,2011-09-02,544643.33,0,89.33,3.533,219.382382,6.404,2011,9,35,540851.2681999992,3792.0618000007235,September,Regular Week,Actual
9,2011-09-09,528784.86,1,75.65,3.546,219.4457675,6.404,2011,9,36,530633.4080999997,-1848.5480999996653,September,Holiday Week,Actual
9,2011-09-16,500274.03,0,77.95,3.526,219.6297841,6.404,2011,9,37,510772.1714000003,-10498.141400000255,September,Regular Week,Actual
9,2011-09-23,506743.78,0,74.42,3.467,219.9746423,6.404,2011,9,38,509230.24190000043,-2486.4619000004022,September,Regular Week,Actual
9,2011-09-30,508567.04,0,78.45,3.355,220.3195004,6.404,2011,9,39,511131.6404999996,-2564.600499999593,September,Regular Week,Actual
9,2011-10-07,553836.98,0,72.62,3.285,220.6643585,6.054,2011,10,40,547842.6267999994,5994.353200000594,October,Regular Week,Actual
9,2011-10-14,529515.66,0,67.27,3.274,220.9836849,6.054,2011,10,41,537171.9712999993,-7656.3112999992445,October,Regular Week,Actual
9,2011-10-21,557075.21,0,65.46,3.353,221.1498206,6.054,2011,10,42,552909.5179000006,4165.692099999404,October,Regular Week,Actual
9,2011-10-28,548527.49,0,63.96,3.372,221.3159563,6.054,2011,10,43,551763.1571000004,-3235.667100000428,October,Regular Week,Actual
9,2011-11-04,597855.07,0,54.46,3.332,221.4820921,6.054,2011,11,44,576384.2241999998,21470.845800000126,November,Regular Week,Actual
9,2011-11-11,594574.12,0,58.28,3.297,221.6482278,6.054,2011,11,45,573425.9766999998,21148.14330000023,November,Regular Week,Actual
9,2011-11-18,542414.27,0,58.8,3.308,221.8803923,6.054,2011,11,46,562498.2751000006,-20084.005100000533,November,Regular Week,Actual
9,2011-11-25,814753.5,1,54.32,3.236,222.1389683,6.054,2011,11,47,736083.3934000002,78670.10659999982,November,Holiday Week,Actual
9,2011-12-02,613115.21,0,46.84,3.172,222.3975443,6.054,2011,12,48,627835.3081000005,-14720.098100000527,December,Regular Week,Actual
9,2011-12-09,630327.28,0,37.65,3.158,222.6561203,6.054,2011,12,49,625673.4891000006,4653.79089999944,December,Regular Week,Actual
9,2011-12-16,705557.97,0,47.31,3.159,222.8825484,6.054,2011,12,50,668976.1089999997,36581.861000000266,December,Regular Week,Actual
9,2011-12-23,905324.68,0,44.43,3.112,223.0661125,6.054,2011,12,51,625567.9991999997,279756.6808000003,December,Regular Week,Actual
9,2011-12-30,549788.36,1,43.41,3.129,223.2496766,6.054,2011,12,52,592907.9560999997,-43119.59609999973,December,Holiday Week,Actual
9,2012-01-06,519585.67,0,47.54,3.157,223.4332408,5.667,2012,1,1,519741.71270000027,-156.0427000002819,January,Regular Week,Actual
9,2012-01-13,474964.6,0,42.44,3.261,223.6168049,5.667,2012,1,2,502441.8718000004,-27477.271800000395,January,Regular Week,Actual
9,2012-01-20,480130.04,0,51.56,3.268,223.7114288,5.667,2012,1,3,490719.0063999996,-10588.966399999626,January,Regular Week,Actual
9,2012-01-27,482451.21,0,49.38,3.29,223.8060527,5.667,2012,1,4,499623.8728000003,-17172.662800000282,January,Regular Week,Actual
9,2012-02-03,549967.89,0,54.43,3.36,223.9006766,5.667,2012,2,5,555943.0371,-5975.147099999944,February,Regular Week,Actual
9,2012-02-10,609736.12,1,44.03,3.409,223.9953006,5.667,2012,2,6,607204.5773999993,2531.542600000743,February,Holiday Week,Actual
9,2012-02-17,658965.05,0,43.81,3.51,224.1588663,5.667,2012,2,7,625657.9521999991,33307.09780000092,February,Regular Week,Actual
9,2012-02-24,563578.79,0,53.67,3.555,224.3741384,5.667,2012,2,8,575787.2331999994,-12208.443199999398,February,Regular Week,Actual
9,2012-03-02,619498.28,0,57.2,3.63,224.5894104,5.667,2012,3,9,597774.9809000004,21723.299099999596,March,Regular Week,Actual
9,2012-03-09,574955.95,0,54.03,3.669,224.8046825,5.667,2012,3,10,593948.7804000002,-18992.83040000021,March,Regular Week,Actual
9,2012-03-16,550373.57,0,59.94,3.734,224.9594902,5.667,2012,3,11,556692.2872000001,-6318.717200000188,March,Regular Week,Actual
9,2012-03-23,550791.32,0,58.79,3.787,225.0336786,5.667,2012,3,12,555082.4729000002,-4291.152900000219,March,Regular Week,Actual
9,2012-03-30,574985.37,0,67.87,3.845,225.107867,5.667,2012,3,13,572229.1541999995,2756.215800000471,March,Regular Week,Actual
9,2012-04-06,677885.99,0,68.83,3.891,225.1820555,5.539,2012,4,14,652475.0694000004,25410.920599999605,April,Regular Week,Actual
9,2012-04-13,578539.86,0,69.19,3.891,225.2562439,5.539,2012,4,15,599526.2241999998,-20986.364199999836,April,Regular Week,Actual
9,2012-04-20,542819.03,0,68.04,3.877,225.3117488,5.539,2012,4,16,570370.0383000005,-27551.008300000452,April,Regular Week,Actual
9,2012-04-27,550414.99,0,73.07,3.814,225.3672537,5.539,2012,4,17,554090.2791000003,-3675.2891000002855,April,Regular Week,Actual
9,2012-05-04,586289.08,0,78.98,3.749,225.4227585,5.539,2012,5,18,558164.9256000001,28124.154399999883,May,Regular Week,Actual
9,2012-05-11,592572.3,0,70.94,3.688,225.4782634,5.539,2012,5,19,577406.2713999995,15166.028600000544,May,Regular Week,Actual
9,2012-05-18,571463.93,0,69.52,3.63,225.4942498,5.539,2012,5,20,577351.4876999999,-5887.557699999888,May,Regular Week,Actual
9,2012-05-25,547226.0,0,79.69,3.561,225.4944288,5.539,2012,5,21,557112.3565000002,-9886.356500000227,May,Regular Week,Actual
9,2012-06-01,583648.59,0,80.26,3.501,225.4946078,5.539,2012,6,22,577338.569900001,6310.020099998917,June,Regular Week,Actual
9,2012-06-08,582525.42,0,78.91,3.452,225.4947868,5.539,2012,6,23,575537.5911000011,6987.828899998916,June,Regular Week,Actual
9,2012-06-15,564606.1,0,82.21,3.393,225.5070634,5.539,2012,6,24,563799.4438000008,806.6561999991536,June,Regular Week,Actual
9,2012-06-22,562173.12,0,81.05,3.346,225.5495841,5.539,2012,6,25,564623.4773000008,-2450.3573000008473,June,Regular Week,Actual
9,2012-06-29,544770.7,0,87.18,3.286,225.5921049,5.539,2012,6,26,544611.3774000006,159.32259999937378,June,Regular Week,Actual
9,2012-07-06,578790.36,0,84.15,3.227,225.6346256,5.277,2012,7,27,571264.2938999998,7526.066100000171,July,Regular Week,Actual
9,2012-07-13,536537.64,0,82.39,3.256,225.6771463,5.277,2012,7,28,542698.5018000002,-6160.861800000188,July,Regular Week,Actual
9,2012-07-20,513991.57,0,83.39,3.311,225.6871121,5.277,2012,7,29,534894.4556000002,-20902.885600000212,July,Regular Week,Actual
9,2012-07-27,495951.0,0,86.41,3.407,225.6970779,5.277,2012,7,30,513955.8316999999,-18004.831699999922,July,Regular Week,Actual
9,2012-08-03,533887.54,0,90.23,3.417,225.7070437,5.277,2012,8,31,531087.6992999995,2799.8407000005245,August,Regular Week,Actual
9,2012-08-10,538713.47,0,88.66,3.494,225.7170094,5.277,2012,8,32,539166.2925999993,-452.8225999993738,August,Regular Week,Actual
9,2012-08-17,535153.47,0,86.37,3.571,225.7995323,5.277,2012,8,33,535441.6774999994,-288.20749999943655,August,Regular Week,Actual
9,2012-08-24,572887.78,0,77.9,3.62,225.9364729,5.277,2012,8,34,566344.5032000003,6543.2767999997595,August,Regular Week,Actual
9,2012-08-31,576879.15,0,80.71,3.638,226.0734135,5.277,2012,8,35,566852.8836999997,10026.266300000367,August,Regular Week,Actual
9,2012-09-07,565812.29,1,87.93,3.73,226.2103541,5.277,2012,9,36,554923.5119999996,10888.778000000399,September,Holiday Week,Actual
9,2012-09-14,523427.35,0,73.55,3.717,226.3567545,5.277,2012,9,37,529596.7824000007,-6169.432400000747,September,Regular Week,Actual
9,2012-09-21,533756.88,0,69.92,3.721,226.5599138,5.277,2012,9,38,536469.6699000006,-2712.7899000005564,September,Regular Week,Actual
9,2012-09-28,516361.06,0,76.8,3.666,226.7630732,5.277,2012,9,39,535218.5329000005,-18857.47290000046,September,Regular Week,Actual
9,2012-10-05,606755.3,0,66.61,3.617,226.9662325,4.954,2012,10,40,585995.0678999992,20760.232100000838,October,Regular Week,Actual
9,2012-10-12,558464.8,0,60.09,3.601,227.1693919,4.954,2012,10,41,564193.5481999995,-5728.748199999449,October,Regular Week,Actual
9,2012-10-19,542009.46,0,68.01,3.594,227.214288,4.954,2012,10,42,551041.3752000002,-9031.91520000028,October,Regular Week,Actual
9,2012-10-26,549731.49,0,69.52,3.506,227.2328068,4.954,2012,10,43,551138.0515000004,-1406.5615000004182,October,Regular Week,Actual
10,2010-02-05,2193048.75,0,54.34,2.962,126.4420645,9.765,2010,2,5,2125742.1107000005,67306.63929999946,February,Regular Week,Actual
10,2010-02-12,2176028.52,1,49.96,2.828,126.4962581,9.765,2010,2,6,2166352.1975000016,9676.32249999838,February,Holiday Week,Actual
10,2010-02-19,2113432.58,0,58.22,2.915,126.5262857,9.765,2010,2,7,2088436.3299000026,24996.250099997502,February,Regular Week,Actual
10,2010-02-26,2006774.96,0,52.77,2.825,126.5522857,9.765,2010,2,8,2007296.710800001,-521.7508000009693,February,Regular Week,Actual
10,2010-03-05,1987090.09,0,55.92,2.877,126.5782857,9.765,2010,3,9,1990823.9488000022,-3733.858800002141,March,Regular Week,Actual
10,2010-03-12,1941346.13,0,52.33,3.034,126.6042857,9.765,2010,3,10,1935648.538499999,5697.591500000795,March,Regular Week,Actual
10,2010-03-19,1946875.06,0,61.46,3.054,126.6066452,9.765,2010,3,11,1951803.870300001,-4928.810300000943,March,Regular Week,Actual
10,2010-03-26,1893532.46,0,60.05,2.98,126.6050645,9.765,2010,3,12,1923803.7250000003,-30271.265000000363,March,Regular Week,Actual
10,2010-04-02,2138651.97,0,63.66,3.086,126.6034839,9.524,2010,4,13,2069157.8393000003,69494.13069999986,April,Regular Week,Actual
10,2010-04-09,2041069.37,0,65.29,3.004,126.6019032,9.524,2010,4,14,2018155.887900002,22913.482099998044,April,Regular Week,Actual
10,2010-04-16,1826241.44,0,69.74,3.109,126.5621,9.524,2010,4,15,1871388.1888000017,-45146.748800001806,April,Regular Week,Actual
10,2010-04-23,1829521.83,0,66.42,3.05,126.4713333,9.524,2010,4,16,1880842.261000003,-51320.43100000289,April,Regular Week,Actual
10,2010-04-30,1790694.59,0,69.76,3.105,126.3805667,9.524,2010,4,17,1816753.6398000014,-26059.049800001318,April,Regular Week,Actual
10,2010-05-07,1921432.16,0,71.06,3.127,126.2898,9.524,2010,5,18,1882894.172899998,38537.98710000189,May,Regular Week,Actual
10,2010-05-14,1808056.41,0,73.88,3.145,126.2085484,9.524,2010,5,19,1829475.3827999986,-21418.972799998708,May,Regular Week,Actual
10,2010-05-21,1847613.58,0,78.32,3.12,126.1843871,9.524,2010,5,20,1849597.8997000016,-1984.3197000015061,May,Regular Week,Actual
10,2010-05-28,1904618.17,0,76.67,3.058,126.1602258,9.524,2010,5,21,1881316.662799999,23301.50720000104,May,Regular Week,Actual
10,2010-06-04,1931406.28,0,82.82,2.941,126.1360645,9.524,2010,6,22,1895574.1265000002,35832.15349999978,June,Regular Week,Actual
10,2010-06-11,1827521.71,0,89.67,3.057,126.1119032,9.524,2010,6,23,1820648.3057000018,6873.40429999819,June,Regular Week,Actual
10,2010-06-18,1837636.24,0,83.49,2.935,126.114,9.524,2010,6,24,1856833.3657000004,-19197.12570000044,June,Regular Week,Actual
10,2010-06-25,1768172.31,0,90.32,3.084,126.1266,9.524,2010,6,25,1800402.8322000015,-32230.522200001404,June,Regular Week,Actual
10,2010-07-02,1845893.87,0,92.89,2.978,126.1392,9.199,2010,7,26,1829441.2024000024,16452.667599997716,July,Regular Week,Actual
10,2010-07-09,1769793.37,0,91.03,3.1,126.1518,9.199,2010,7,27,1780254.5098000027,-10461.139800002566,July,Regular Week,Actual
10,2010-07-16,1828052.47,0,91.8,2.971,126.1498065,9.199,2010,7,28,1810124.2496000025,17928.22039999743,July,Regular Week,Actual
10,2010-07-23,1831676.03,0,88.44,3.112,126.1283548,9.199,2010,7,29,1810438.6710000017,21237.35899999831,July,Regular Week,Actual
10,2010-07-30,1832664.03,0,85.03,3.017,126.1069032,9.199,2010,7,30,1834707.8905000014,-2043.8605000013486,July,Regular Week,Actual
10,2010-08-06,1949236.09,0,86.13,3.123,126.0854516,9.199,2010,8,31,1934318.4638000021,14917.626199997962,August,Regular Week,Actual
10,2010-08-13,1962996.7,0,88.37,3.049,126.064,9.199,2010,8,32,1947579.800999999,15416.899000000907,August,Regular Week,Actual
10,2010-08-20,1983190.56,0,89.88,3.041,126.0766452,9.199,2010,8,33,1935248.1426999997,47942.41730000032,August,Regular Week,Actual
10,2010-08-27,1727565.42,0,84.99,3.022,126.0892903,9.199,2010,8,34,1782645.1612999989,-55079.74129999895,August,Regular Week,Actual
10,2010-09-03,1766331.45,0,83.8,3.087,126.1019355,9.199,2010,9,35,1766135.0393999992,196.4106000007596,September,Regular Week,Actual
10,2010-09-10,1720530.23,1,84.04,2.961,126.1145806,9.199,2010,9,36,1734681.1565999992,-14150.926599999191,September,Holiday Week,Actual
10,2010-09-17,1716755.78,0,85.52,3.028,126.1454667,9.199,2010,9,37,1717478.3640000003,-722.5840000002645,September,Regular Week,Actual
10,2010-09-24,1655036.75,0,85.75,2.939,126.1900333,9.199,2010,9,38,1697095.0289999999,-42058.278999999864,September,Regular Week,Actual
10,2010-10-01,1645892.97,0,86.01,3.001,126.2346,9.003,2010,10,39,1718089.3415,-72196.37150000012,October,Regular Week,Actual
10,2010-10-08,1772192.42,0,77.04,2.924,126.2791667,9.003,2010,10,40,1773957.1221999987,-1764.7021999987774,October,Regular Week,Actual
10,2010-10-15,1703850.25,0,75.48,3.08,126.3266774,9.003,2010,10,41,1769332.2114999995,-65481.96149999951,October,Regular Week,Actual
10,2010-10-22,1740234.06,0,68.12,3.014,126.3815484,9.003,2010,10,42,1756827.2772000013,-16593.217200001236,October,Regular Week,Actual
10,2010-10-29,1741308.56,0,68.76,3.13,126.4364194,9.003,2010,10,43,1754700.4651000018,-13391.90510000172,October,Regular Week,Actual
10,2010-11-05,1832211.96,0,71.04,3.009,126.4912903,9.003,2010,11,44,1837175.0367000008,-4963.076700000791,November,Regular Week,Actual
10,2010-11-12,1895901.59,0,61.24,3.13,126.5461613,9.003,2010,11,45,1898499.530700002,-2597.9407000020146,November,Regular Week,Actual
10,2010-11-19,1949177.13,0,58.83,3.047,126.6072,9.003,2010,11,46,1921285.0323000008,27892.09769999911,November,Regular Week,Actual
10,2010-11-26,2939946.38,1,55.33,3.162,126.6692667,9.003,2010,11,47,2882916.2334999973,57030.14650000259,November,Holiday Week,Actual
10,2010-12-03,2251206.64,0,51.17,3.041,126.7313333,9.003,2010,12,48,2367030.074299997,-115823.43429999705,December,Regular Week,Actual
10,2010-12-10,2411790.21,0,60.51,3.091,126.7934,9.003,2010,12,49,2566795.2350000003,-155005.02500000037,December,Regular Week,Actual
10,2010-12-17,2811646.85,0,59.15,3.125,126.8794839,9.003,2010,12,50,2756648.500199998,54998.349800002296,December,Regular Week,Actual
10,2010-12-24,3749057.69,0,57.06,3.236,126.9835806,9.003,2010,12,51,3641850.253099997,107207.43690000288,December,Regular Week,Actual
10,2010-12-31,1707298.14,1,49.67,3.148,127.0876774,9.003,2010,12,52,1836724.9095999978,-129426.7695999979,December,Holiday Week,Actual
10,2011-01-07,1714309.9,0,43.43,3.287,127.1917742,8.744,2011,1,1,1717090.3791000026,-2780.4791000026744,January,Regular Week,Actual
10,2011-01-14,1710803.59,0,49.98,3.312,127.3009355,8.744,2011,1,2,1708635.6876000026,2167.9023999974597,January,Regular Week,Actual
10,2011-01-21,1677556.18,0,56.75,3.336,127.4404839,8.744,2011,1,3,1684836.774700003,-7280.594700003043,January,Regular Week,Actual
10,2011-01-28,1715769.05,0,53.03,3.231,127.5800323,8.744,2011,1,4,1696323.775600001,19445.274399999063,January,Regular Week,Actual
10,2011-02-04,1968045.91,0,44.88,3.348,127.7195806,8.744,2011,2,5,2083478.9336000013,-115433.02360000135,February,Regular Week,Actual
10,2011-02-11,2115408.31,1,51.51,3.381,127.859129,8.744,2011,2,6,2131936.271600001,-16527.96160000097,February,Holiday Week,Actual
10,2011-02-18,2106934.55,0,61.77,3.43,127.99525,8.744,2011,2,7,2068372.5594000027,38561.99059999711,February,Regular Week,Actual
10,2011-02-25,1967996.71,0,53.59,3.398,128.13,8.744,2011,2,8,1968019.8191000007,-23.109100000699982,February,Regular Week,Actual
10,2011-03-04,1958003.19,0,56.96,3.674,128.26475,8.744,2011,3,9,1954450.1994999996,3552.9905000003055,March,Regular Week,Actual
10,2011-03-11,1933469.15,0,64.22,3.63,128.3995,8.744,2011,3,10,1939686.6988000022,-6217.548800002318,March,Regular Week,Actual
10,2011-03-18,1884734.31,0,70.12,3.892,128.5121935,8.744,2011,3,11,1889244.5754000004,-4510.265400000382,March,Regular Week,Actual
10,2011-03-25,1815798.85,0,62.53,3.716,128.6160645,8.744,2011,3,12,1852261.3316999984,-36462.48169999826,March,Regular Week,Actual
10,2011-04-01,1827733.18,0,67.64,3.772,128.7199355,8.494,2011,4,13,1842419.8331000027,-14686.65310000279,April,Regular Week,Actual
10,2011-04-08,1870720.73,0,73.03,3.818,128.8238065,8.494,2011,4,14,1876873.6324999984,-6152.902499998454,April,Regular Week,Actual
10,2011-04-15,1781767.22,0,61.05,4.089,128.9107333,8.494,2011,4,15,1822783.7101999996,-41016.49019999965,April,Regular Week,Actual
10,2011-04-22,2004831.14,0,75.93,3.917,128.9553,8.494,2011,4,16,1933597.7689999973,71233.3710000026,April,Regular Week,Actual
10,2011-04-29,1873646.34,0,73.38,4.151,128.9998667,8.494,2011,4,17,1860873.1210000014,12773.218999998644,April,Regular Week,Actual
10,2011-05-06,1841369.99,0,73.56,4.193,129.0444333,8.494,2011,5,18,1837503.0543999998,3866.935600000201,May,Regular Week,Actual
10,2011-05-13,1712995.44,0,74.04,4.202,129.089,8.494,2011,5,19,1767434.503299999,-54439.06329999911,May,Regular Week,Actual
10,2011-05-20,1720908.01,0,72.62,3.99,129.0756774,8.494,2011,5,20,1785392.7356999984,-64484.72569999844,May,Regular Week,Actual
10,2011-05-27,1743000.38,0,78.62,3.933,129.0623548,8.494,2011,5,21,1765765.2526999977,-22764.872699997853,May,Regular Week,Actual
10,2011-06-03,1792210.89,0,81.87,3.893,129.0490323,8.494,2011,6,22,1801151.9929999972,-8941.102999997325,June,Regular Week,Actual
10,2011-06-10,1740063.1,0,84.57,3.981,129.0357097,8.494,2011,6,23,1805059.7766999986,-64996.676699998556,June,Regular Week,Actual
10,2011-06-17,1817934.76,0,87.96,3.935,129.0432,8.494,2011,6,24,1802271.116399998,15663.643600001931,June,Regular Week,Actual
10,2011-06-24,1711813.13,0,90.69,3.807,129.0663,8.494,2011,6,25,1734767.2086999982,-22954.078699998325,June,Regular Week,Actual
10,2011-07-01,1751369.75,0,95.36,3.842,129.0894,8.257,2011,7,26,1733735.2172999987,17634.532700001262,July,Regular Week,Actual
10,2011-07-08,1699708.38,0,88.57,3.793,129.1125,8.257,2011,7,27,1722856.942999999,-23148.56299999915,July,Regular Week,Actual
10,2011-07-15,1775068.4,0,86.01,3.779,129.1338387,8.257,2011,7,28,1771595.2724000022,3473.1275999976788,July,Regular Week,Actual
10,2011-07-22,1774342.61,0,88.59,3.697,129.1507742,8.257,2011,7,29,1774917.601400002,-574.9914000018034,July,Regular Week,Actual
10,2011-07-29,1745841.33,0,86.75,3.694,129.1677097,8.257,2011,7,30,1775219.5426000017,-29378.2126000016,July,Regular Week,Actual
10,2011-08-05,1886299.98,0,89.8,3.803,129.1846452,8.257,2011,8,31,1855946.3698999987,30353.61010000133,August,Regular Week,Actual
10,2011-08-12,1917397.63,0,85.61,3.794,129.2015806,8.257,2011,8,32,1896782.0500999985,20615.57990000141,August,Regular Week,Actual
10,2011-08-19,1954849.68,0,87.4,3.743,129.2405806,8.257,2011,8,33,1927650.1521000024,27199.52789999754,August,Regular Week,Actual
10,2011-08-26,1728399.07,0,91.59,3.663,129.2832581,8.257,2011,8,34,1756684.3135999972,-28285.243599997135,August,Regular Week,Actual
10,2011-09-02,1758587.35,0,91.61,3.798,129.3259355,8.257,2011,9,35,1745343.030699998,13244.319300002186,September,Regular Week,Actual
10,2011-09-09,1670579.82,1,89.06,3.771,129.3686129,8.257,2011,9,36,1740632.7286999994,-70052.90869999933,September,Holiday Week,Actual
10,2011-09-16,1650894.3,0,77.49,3.784,129.4306,8.257,2011,9,37,1743774.9060999998,-92880.60609999974,September,Regular Week,Actual
10,2011-09-23,1685910.53,0,82.51,3.789,129.5183333,8.257,2011,9,38,1695773.8806000007,-9863.350600000704,September,Regular Week,Actual
10,2011-09-30,1627707.31,0,82.27,3.877,129.6060667,8.257,2011,9,39,1665461.3861000014,-37754.076100001344,September,Regular Week,Actual
10,2011-10-07,1788227.6,0,75.01,3.827,129.6938,7.874,2011,10,40,1774771.1812999996,13456.418700000504,October,Regular Week,Actual
10,2011-10-14,1704753.02,0,70.27,3.698,129.7706452,7.874,2011,10,41,1815521.0877,-110768.06770000001,October,Regular Week,Actual
10,2011-10-21,1745928.56,0,77.91,3.842,129.7821613,7.874,2011,10,42,1741148.454600001,4780.105399999069,October,Regular Week,Actual
10,2011-10-28,1771792.97,0,72.79,3.843,129.7936774,7.874,2011,10,43,1786485.8846,-14692.914600000018,October,Regular Week,Actual
10,2011-11-04,1904438.59,0,68.57,3.828,129.8051935,7.874,2011,11,44,1871968.1751000022,32470.41489999788,November,Regular Week,Actual
10,2011-11-11,2076570.84,0,55.28,3.677,129.8167097,7.874,2011,11,45,1996422.4841000014,80148.35589999869,November,Regular Week,Actual
10,2011-11-18,1869087.85,0,58.97,3.669,129.8268333,7.874,2011,11,46,1929781.0587999984,-60693.208799998276,November,Regular Week,Actual
10,2011-11-25,2950198.64,1,60.68,3.76,129.8364,7.874,2011,11,47,2814404.126699997,135794.51330000302,November,Holiday Week,Actual
10,2011-12-02,2068097.18,0,57.29,3.701,129.8459667,7.874,2011,12,48,2158686.469400002,-90589.28940000222,December,Regular Week,Actual
10,2011-12-09,2429310.9,0,42.58,3.644,129.8555333,7.874,2011,12,49,2423513.4833000014,5797.416699998546,December,Regular Week,Actual
10,2011-12-16,2555031.18,0,50.53,3.489,129.8980645,7.874,2011,12,50,2581748.7010000036,-26717.521000003442,December,Regular Week,Actual
10,2011-12-23,3487986.89,0,48.36,3.541,129.9845484,7.874,2011,12,51,3500293.3944999995,-12306.50449999934,December,Regular Week,Actual
10,2011-12-30,1930690.37,1,48.92,3.428,130.0710323,7.874,2011,12,52,1947957.8168000013,-17267.4468000012,December,Holiday Week,Actual
10,2012-01-06,1683401.78,0,59.85,3.443,130.1575161,7.545,2012,1,1,1686581.6176000007,-3179.8376000006683,January,Regular Week,Actual
10,2012-01-13,1711562.73,0,51.0,3.477,130.244,7.545,2012,1,2,1703183.4889999991,8379.241000000853,January,Regular Week,Actual
10,2012-01-20,1675562.94,0,54.51,3.66,130.2792258,7.545,2012,1,3,1675181.6332999992,381.30670000077225,January,Regular Week,Actual
10,2012-01-27,1632406.0,0,53.59,3.675,130.3144516,7.545,2012,1,4,1653140.3803999997,-20734.380399999674,January,Regular Week,Actual
10,2012-02-03,1867403.01,0,56.85,3.543,130.3496774,7.545,2012,2,5,1964236.2554,-96833.2453999999,February,Regular Week,Actual
10,2012-02-10,2218595.8,1,55.73,3.722,130.3849032,7.545,2012,2,6,2135014.8306000014,83580.96939999843,February,Holiday Week,Actual
10,2012-02-17,2168709.76,0,54.12,3.781,130.4546207,7.545,2012,2,7,2042444.2871,126265.4728999997,February,Regular Week,Actual
10,2012-02-24,2039415.74,0,56.02,3.95,130.5502069,7.545,2012,2,8,2004195.5579999997,35220.18200000026,February,Regular Week,Actual
10,2012-03-02,1990371.02,0,57.62,3.882,130.6457931,7.545,2012,3,9,1975938.3699000012,14432.650099998806,March,Regular Week,Actual
10,2012-03-09,1917483.1,0,57.65,3.963,130.7413793,7.545,2012,3,10,1930192.5022999984,-12709.402299998328,March,Regular Week,Actual
10,2012-03-16,1930814.66,0,62.11,4.273,130.8261935,7.545,2012,3,11,1875944.6166999983,54870.04330000165,March,Regular Week,Actual
10,2012-03-23,1837457.69,0,56.54,4.288,130.8966452,7.545,2012,3,12,1854837.0977999985,-17379.40779999853,March,Regular Week,Actual
10,2012-03-30,1815760.42,0,67.92,4.294,130.9670968,7.545,2012,3,13,1831193.2865999981,-15432.866599998204,March,Regular Week,Actual
10,2012-04-06,2163384.17,0,65.99,4.282,131.0375484,7.382,2012,4,14,1858582.3114000002,304801.8585999997,April,Regular Week,Actual
10,2012-04-13,1974687.51,0,70.28,4.254,131.108,7.382,2012,4,15,1907393.7588999993,67293.75110000069,April,Regular Week,Actual
10,2012-04-20,1777166.53,0,67.75,4.111,131.1173333,7.382,2012,4,16,1824953.1724000005,-47786.64240000048,April,Regular Week,Actual
10,2012-04-27,1712987.56,0,80.11,4.088,131.1266667,7.382,2012,4,17,1755619.2023000005,-42631.642300000414,April,Regular Week,Actual
10,2012-05-04,1821364.42,0,77.02,4.058,131.136,7.382,2012,5,18,1809197.4027999984,12167.017200001515,May,Regular Week,Actual
10,2012-05-11,1792345.3,0,76.03,4.186,131.1453333,7.382,2012,5,19,1800108.2907999987,-7762.990799998632,May,Regular Week,Actual
10,2012-05-18,1795152.73,0,85.19,4.308,131.0983226,7.382,2012,5,20,1784481.4015999993,10671.328400000697,May,Regular Week,Actual
10,2012-05-25,1830939.1,0,86.03,4.127,131.0287742,7.382,2012,5,21,1776092.6574999995,54846.44250000059,May,Regular Week,Actual
10,2012-06-01,1767471.48,0,80.06,4.277,130.9592258,7.382,2012,6,22,1787779.2692999986,-20307.789299998665,June,Regular Week,Actual
10,2012-06-08,1840491.41,0,86.87,4.103,130.8896774,7.382,2012,6,23,1805157.7020999982,35333.70790000167,June,Regular Week,Actual
10,2012-06-15,1811562.88,0,88.58,4.144,130.8295333,7.382,2012,6,24,1779024.9576000005,32537.92239999934,June,Regular Week,Actual
10,2012-06-22,1755334.18,0,89.92,4.014,130.7929,7.382,2012,6,25,1767730.3321000019,-12396.152100001927,June,Regular Week,Actual
10,2012-06-29,1707481.9,0,91.36,3.875,130.7562667,7.382,2012,6,26,1767630.2782000015,-60148.37820000155,June,Regular Week,Actual
10,2012-07-06,1805999.79,0,86.87,3.666,130.7196333,7.17,2012,7,27,1815587.4506999997,-9587.660699999658,July,Regular Week,Actual
10,2012-07-13,1765571.91,0,89.8,3.723,130.683,7.17,2012,7,28,1796453.0613000018,-30881.15130000189,July,Regular Week,Actual
10,2012-07-20,1869967.03,0,84.45,3.589,130.7012903,7.17,2012,7,29,1858585.9287000003,11381.101299999747,July,Regular Week,Actual
10,2012-07-27,1817603.66,0,83.98,3.769,130.7195806,7.17,2012,7,30,1817327.1297999984,276.53020000155084,July,Regular Week,Actual
10,2012-08-03,1939440.09,0,84.76,3.595,130.737871,7.17,2012,8,31,1921360.9830000026,18079.106999997515,August,Regular Week,Actual
10,2012-08-10,1880436.94,0,90.78,3.811,130.7561613,7.17,2012,8,32,1875178.871599999,5258.0684000009205,August,Regular Week,Actual
10,2012-08-17,1827797.4,0,88.83,4.002,130.7909677,7.17,2012,8,33,1864156.2849999997,-36358.88499999978,August,Regular Week,Actual
10,2012-08-24,1764984.15,0,82.5,4.055,130.8381613,7.17,2012,8,34,1739440.1765999994,25543.973400000483,August,Regular Week,Actual
10,2012-08-31,1650285.54,0,86.97,3.886,130.8853548,7.17,2012,8,35,1710698.6948999998,-60413.15489999973,August,Regular Week,Actual
10,2012-09-07,1708283.28,1,83.07,4.124,130.9325484,7.17,2012,9,36,1710135.1706000005,-1851.8906000005081,September,Holiday Week,Actual
10,2012-09-14,1640168.99,0,78.47,3.966,130.9776667,7.17,2012,9,37,1672009.7441000002,-31840.754100000253,September,Regular Week,Actual
10,2012-09-21,1671857.57,0,81.93,4.125,131.0103333,7.17,2012,9,38,1671617.6160999981,239.9539000019431,September,Regular Week,Actual
10,2012-09-28,1694862.41,0,82.52,3.966,131.043,7.17,2012,9,39,1665253.1212000006,29609.28879999928,September,Regular Week,Actual
10,2012-10-05,1758971.38,0,80.88,4.132,131.0756667,6.943,2012,10,40,1707432.6493000002,51538.73069999972,October,Regular Week,Actual
10,2012-10-12,1713889.11,0,76.03,4.468,131.1083333,6.943,2012,10,41,1739083.7397000017,-25194.629700001562,October,Regular Week,Actual
10,2012-10-19,1734834.82,0,72.71,4.449,131.1499677,6.943,2012,10,42,1731330.3301999983,3504.4898000017274,October,Regular Week,Actual
10,2012-10-26,1744349.05,0,70.5,4.301,131.1930968,6.943,2012,10,43,1710010.4720000005,34338.577999999514,October,Regular Week,Actual
11,2010-02-05,1528008.64,0,46.04,2.572,214.4248812,7.368,2010,2,5,1470189.5470999994,57819.09290000051,February,Regular Week,Actual
11,2010-02-12,1574684.08,1,48.01,2.548,214.5747916,7.368,2010,2,6,1550087.5849000001,24596.495099999942,February,Holiday Week,Actual
11,2010-02-19,1503298.7,0,48.3,2.514,214.6198868,7.368,2010,2,7,1510181.5656000006,-6882.865600000601,February,Regular Week,Actual
11,2010-02-26,1336404.65,0,52.79,2.561,214.6475127,7.368,2010,2,8,1462694.8475000008,-126290.19750000094,February,Regular Week,Actual
11,2010-03-05,1426622.65,0,53.96,2.625,214.6751386,7.368,2010,3,9,1384553.244100001,42069.405899998965,March,Regular Week,Actual
11,2010-03-12,1331883.16,0,64.1,2.667,214.7027646,7.368,2010,3,10,1342789.2494999983,-10906.089499998372,March,Regular Week,Actual
11,2010-03-19,1364207.0,0,61.51,2.72,214.5301219,7.368,2010,3,11,1358375.6709,5831.329099999974,March,Regular Week,Actual
11,2010-03-26,1245624.27,0,58.09,2.732,214.3241011,7.368,2010,3,12,1288304.766299999,-42680.49629999907,March,Regular Week,Actual
11,2010-04-02,1446210.26,0,66.16,2.719,214.1180803,7.343,2010,4,13,1402980.3441000006,43229.91589999944,April,Regular Week,Actual
11,2010-04-09,1470308.32,0,69.57,2.77,213.9120595,7.343,2010,4,14,1391619.2645999973,78689.05540000275,April,Regular Week,Actual
11,2010-04-16,1323243.35,0,67.81,2.808,213.7726889,7.343,2010,4,15,1328918.6924999978,-5675.3424999977,April,Regular Week,Actual
11,2010-04-23,1283766.55,0,68.37,2.795,213.7221852,7.343,2010,4,16,1304203.0638999983,-20436.513899998274,April,Regular Week,Actual
11,2010-04-30,1239766.89,0,71.13,2.78,213.6716815,7.343,2010,4,17,1277676.7191999997,-37909.829199999804,April,Regular Week,Actual
11,2010-05-07,1312329.78,0,75.57,2.835,213.6211778,7.343,2010,5,18,1296497.0006000006,15832.779399999417,May,Regular Week,Actual
11,2010-05-14,1266796.13,0,77.64,2.854,213.6196139,7.343,2010,5,19,1277724.580499999,-10928.450499999104,May,Regular Week,Actual
11,2010-05-21,1271646.62,0,76.97,2.826,213.9116886,7.343,2010,5,20,1284933.0653000008,-13286.44530000072,May,Regular Week,Actual
11,2010-05-28,1264272.52,0,79.69,2.759,214.2037634,7.343,2010,5,21,1325625.725299999,-61353.20529999887,May,Regular Week,Actual
11,2010-06-04,1396322.19,0,79.66,2.705,214.4958382,7.343,2010,6,22,1356169.388499999,40152.80150000099,June,Regular Week,Actual
11,2010-06-11,1339570.85,0,82.81,2.668,214.787913,7.343,2010,6,23,1336167.6950999987,3403.154900001362,June,Regular Week,Actual
11,2010-06-18,1336522.92,0,84.13,2.637,214.7858259,7.343,2010,6,24,1327188.9276000008,9333.992399999173,June,Regular Week,Actual
11,2010-06-25,1262025.08,0,84.5,2.653,214.6660741,7.343,2010,6,25,1290016.3211999992,-27991.241199999116,June,Regular Week,Actual
11,2010-07-02,1302600.14,0,83.09,2.669,214.5463222,7.346,2010,7,26,1300349.6795,2250.460499999812,July,Regular Week,Actual
11,2010-07-09,1280156.47,0,83.01,2.642,214.4265704,7.346,2010,7,27,1281686.4854999997,-1530.0154999997467,July,Regular Week,Actual
11,2010-07-16,1290609.54,0,84.9,2.623,214.4176476,7.346,2010,7,28,1286994.6015000017,3614.9384999983013,July,Regular Week,Actual
11,2010-07-23,1244390.03,0,84.57,2.608,214.5564968,7.346,2010,7,29,1285777.046600001,-41387.016600000905,July,Regular Week,Actual
11,2010-07-30,1250178.89,0,83.26,2.64,214.695346,7.346,2010,7,30,1268275.3673000005,-18096.47730000061,July,Regular Week,Actual
11,2010-08-06,1369634.92,0,86.54,2.627,214.8341952,7.346,2010,8,31,1353454.9317,16179.988299999852,August,Regular Week,Actual
11,2010-08-13,1384339.1,0,87.73,2.692,214.9730444,7.346,2010,8,32,1367677.7134999977,16661.38650000235,August,Regular Week,Actual
11,2010-08-20,1430192.37,0,88.93,2.664,214.9314191,7.346,2010,8,33,1401034.6431999998,29157.726800000295,August,Regular Week,Actual
11,2010-08-27,1311263.07,0,87.7,2.619,214.8897938,7.346,2010,8,34,1328970.0368999979,-17706.966899997788,August,Regular Week,Actual
11,2010-09-03,1303914.27,0,84.94,2.577,214.8481685,7.346,2010,9,35,1310328.8835999994,-6414.613599999342,September,Regular Week,Actual
11,2010-09-10,1231428.46,1,81.93,2.565,214.8065431,7.346,2010,9,36,1304284.0521999984,-72855.59219999844,September,Holiday Week,Actual
11,2010-09-17,1215676.31,0,83.04,2.582,214.8322484,7.346,2010,9,37,1238559.5048000002,-22883.194800000172,September,Regular Week,Actual
11,2010-09-24,1170103.25,0,77.36,2.624,214.9084516,7.346,2010,9,38,1198807.0334999997,-28703.78349999967,September,Regular Week,Actual
11,2010-10-01,1182490.46,0,75.11,2.603,214.9846548,7.564,2010,10,39,1187922.8126999983,-5432.3526999983005,October,Regular Week,Actual
11,2010-10-08,1293472.8,0,68.71,2.633,215.060858,7.564,2010,10,40,1262064.9444999984,31407.855500001693,October,Regular Week,Actual
11,2010-10-15,1175003.67,0,71.46,2.72,215.1293114,7.564,2010,10,41,1186654.7767000005,-11651.106700000586,October,Regular Week,Actual
11,2010-10-22,1169831.38,0,72.6,2.725,215.17839,7.564,2010,10,42,1183904.734499999,-14073.354499999201,October,Regular Week,Actual
11,2010-10-29,1195036.0,0,74.21,2.716,215.2274686,7.564,2010,10,43,1201009.5947999996,-5973.594799999613,October,Regular Week,Actual
11,2010-11-05,1332759.13,0,64.41,2.689,215.2765472,7.564,2010,11,44,1317222.496399998,15536.633600001922,November,Regular Week,Actual
11,2010-11-12,1281675.6,0,63.74,2.728,215.3256258,7.564,2010,11,45,1296195.027399998,-14519.427399997832,November,Regular Week,Actual
11,2010-11-19,1292346.57,0,58.63,2.771,215.2074519,7.564,2010,11,46,1301247.6183999972,-8901.048399997177,November,Regular Week,Actual
11,2010-11-26,1757242.51,1,69.9,2.735,215.0614025,7.564,2010,11,47,1739886.1532999994,17356.356700000586,November,Holiday Week,Actual
11,2010-12-03,1380522.64,0,55.9,2.708,214.9153531,7.564,2010,12,48,1516530.5986,-136007.9586,December,Regular Week,Actual
11,2010-12-10,1564516.43,0,53.33,2.843,214.7693037,7.564,2010,12,49,1641018.1380000026,-76501.70800000266,December,Regular Week,Actual
11,2010-12-17,1843971.15,0,54.63,2.869,214.704919,7.564,2010,12,50,1873352.4439000026,-29381.293900002725,December,Regular Week,Actual
11,2010-12-24,2306265.36,0,59.33,2.886,214.7017828,7.564,2010,12,51,2203006.783700004,103258.57629999565,December,Regular Week,Actual
11,2010-12-31,1172003.1,1,55.03,2.943,214.6986466,7.564,2010,12,52,2069874.5104000033,-897871.4104000032,December,Holiday Week,Actual
11,2011-01-07,1178905.44,0,54.43,2.976,214.6955104,7.551,2011,1,1,1194378.3456999988,-15472.905699998839,January,Regular Week,Actual
11,2011-01-14,1194449.78,0,45.34,2.983,214.7470729,7.551,2011,1,2,1235633.7877000005,-41184.007700000424,January,Regular Week,Actual
11,2011-01-21,1187776.19,0,51.51,3.016,215.1268275,7.551,2011,1,3,1182532.8445999997,5243.345400000224,January,Regular Week,Actual
11,2011-01-28,1100418.69,0,51.04,3.01,215.5065821,7.551,2011,1,4,1174549.0463999994,-74130.35639999947,January,Regular Week,Actual
11,2011-02-04,1422546.05,0,47.17,2.989,215.8863367,7.551,2011,2,5,1411222.0177999993,11324.032200000715,February,Regular Week,Actual
11,2011-02-11,1419236.9,1,44.61,3.022,216.2660913,7.551,2011,2,6,1461417.6420999998,-42180.742099999916,February,Holiday Week,Actual
11,2011-02-18,1554747.15,0,61.5,3.045,216.5843571,7.551,2011,2,7,1492904.8837000018,61842.266299998155,February,Regular Week,Actual
11,2011-02-25,1323999.36,0,68.74,3.065,216.8780275,7.551,2011,2,8,1408680.164300001,-84680.80430000089,February,Regular Week,Actual
11,2011-03-04,1399456.99,0,66.5,3.288,217.1716979,7.551,2011,3,9,1384641.1830999993,14815.806900000665,March,Regular Week,Actual
11,2011-03-11,1314557.31,0,63.29,3.459,217.4653683,7.551,2011,3,10,1329259.431100001,-14702.121100001037,March,Regular Week,Actual
11,2011-03-18,1391813.69,0,70.17,3.488,217.7235226,7.551,2011,3,11,1301462.3719,90351.31810000003,March,Regular Week,Actual
11,2011-03-25,1229777.24,0,73.74,3.473,217.9674705,7.551,2011,3,12,1261459.357799999,-31682.11779999896,March,Regular Week,Actual
11,2011-04-01,1258674.12,0,69.1,3.524,218.2114184,7.574,2011,4,13,1288377.032000001,-29702.912000000942,April,Regular Week,Actual
11,2011-04-08,1327401.06,0,73.57,3.622,218.4553663,7.574,2011,4,14,1320443.1457000007,6957.914299999364,April,Regular Week,Actual
11,2011-04-15,1312905.8,0,76.64,3.743,218.6788642,7.574,2011,4,15,1316239.4860999992,-3333.6860999991186,April,Regular Week,Actual
11,2011-04-22,1388118.53,0,78.31,3.807,218.851237,7.574,2011,4,16,1366114.3678000004,22004.16219999967,April,Regular Week,Actual
11,2011-04-29,1357589.89,0,79.97,3.81,219.0236099,7.574,2011,4,17,1348085.7499000002,9504.140099999728,April,Regular Week,Actual
11,2011-05-06,1331453.41,0,71.39,3.906,219.1959827,7.574,2011,5,18,1323751.9426999982,7701.467300001765,May,Regular Week,Actual
11,2011-05-13,1277959.42,0,80.93,3.899,219.3683556,7.574,2011,5,19,1324959.8120999995,-47000.39209999959,May,Regular Week,Actual
11,2011-05-20,1239466.97,0,76.97,3.907,219.127216,7.574,2011,5,20,1289402.019599999,-49935.049599999096,May,Regular Week,Actual
11,2011-05-27,1216876.52,0,85.61,3.786,218.8860765,7.574,2011,5,21,1259820.8130999992,-42944.293099999195,May,Regular Week,Actual
11,2011-06-03,1343637.0,0,86.14,3.699,218.6449369,7.574,2011,6,22,1324429.2573000002,19207.742699999828,June,Regular Week,Actual
11,2011-06-10,1314626.75,0,85.79,3.648,218.4037974,7.574,2011,6,23,1310985.9175000002,3640.832499999786,June,Regular Week,Actual
11,2011-06-17,1337506.74,0,87.9,3.637,218.3551748,7.574,2011,6,24,1319426.1818000001,18080.558199999854,June,Regular Week,Actual
11,2011-06-24,1254587.84,0,86.13,3.594,218.45094,7.574,2011,6,25,1274229.1011000017,-19641.261100001633,June,Regular Week,Actual
11,2011-07-01,1297472.06,0,86.43,3.524,218.5467052,7.567,2011,7,26,1291158.049700001,6314.010299999034,July,Regular Week,Actual
11,2011-07-08,1334627.96,0,87.17,3.48,218.6424704,7.567,2011,7,27,1295069.8355000007,39558.12449999922,July,Regular Week,Actual
11,2011-07-15,1266546.73,0,88.3,3.575,218.7275216,7.567,2011,7,28,1279019.8631000007,-12473.133100000676,July,Regular Week,Actual
11,2011-07-22,1290576.44,0,87.8,3.651,218.7857881,7.567,2011,7,29,1294789.8453999993,-4213.405399999348,July,Regular Week,Actual
11,2011-07-29,1212938.67,0,89.46,3.682,218.8440545,7.567,2011,7,30,1362471.022,-149532.3520000002,July,Regular Week,Actual
11,2011-08-05,1403198.94,0,90.04,3.684,218.9023209,7.567,2011,8,31,1384629.4132000003,18569.526799999643,August,Regular Week,Actual
11,2011-08-12,1354188.43,0,90.3,3.638,218.9605873,7.567,2011,8,32,1370754.410700002,-16565.980700002052,August,Regular Week,Actual
11,2011-08-19,1484169.74,0,89.51,3.554,219.023271,7.567,2011,8,33,1432354.3330999995,51815.406900000526,August,Regular Week,Actual
11,2011-08-26,1304706.75,0,89.09,3.523,219.0866908,7.567,2011,8,34,1355889.8298999995,-51183.079899999546,August,Regular Week,Actual
11,2011-09-02,1297792.41,0,91.44,3.533,219.1501106,7.567,2011,9,35,1365154.0926,-67361.68260000017,September,Regular Week,Actual
11,2011-09-09,1249439.95,1,84.91,3.546,219.2135305,7.567,2011,9,36,1271956.2739000015,-22516.32390000159,September,Holiday Week,Actual
11,2011-09-16,1270816.01,0,85.11,3.526,219.3972867,7.567,2011,9,37,1260947.326600002,9868.683399998117,September,Regular Week,Actual
11,2011-09-23,1235775.15,0,82.14,3.467,219.7414914,7.567,2011,9,38,1233338.4449000016,2436.705099998275,September,Regular Week,Actual
11,2011-09-30,1190515.83,0,84.4,3.355,220.085696,7.567,2011,9,39,1219053.7697,-28537.939699999988,September,Regular Week,Actual
11,2011-10-07,1346271.06,0,76.97,3.285,220.4299007,7.197,2011,10,40,1324483.963000001,21787.096999999136,October,Regular Week,Actual
11,2011-10-14,1286388.96,0,75.56,3.274,220.7486167,7.197,2011,10,41,1299037.996799999,-12649.036799998954,October,Regular Week,Actual
11,2011-10-21,1325107.53,0,70.91,3.353,220.9144005,7.197,2011,10,42,1314094.6610000005,11012.868999999482,October,Regular Week,Actual
11,2011-10-28,1310684.1,0,72.66,3.372,221.0801842,7.197,2011,10,43,1308050.1771,2633.9229000001214,October,Regular Week,Actual
11,2011-11-04,1458287.38,0,61.13,3.332,221.245968,7.197,2011,11,44,1403165.1054999984,55122.274500001455,November,Regular Week,Actual
11,2011-11-11,1366053.69,0,64.2,3.297,221.4117517,7.197,2011,11,45,1359030.0523999985,7023.637600001413,November,Regular Week,Actual
11,2011-11-18,1315091.63,0,66.17,3.308,221.6432852,7.197,2011,11,46,1333497.3040999984,-18405.67409999855,November,Regular Week,Actual
11,2011-11-25,1848953.48,1,70.03,3.236,221.9011185,7.197,2011,11,47,1779524.084499999,69429.39550000103,November,Holiday Week,Actual
11,2011-12-02,1399322.44,0,56.89,3.172,222.1589519,7.197,2011,12,48,1534461.7456999994,-135139.30569999944,December,Regular Week,Actual
11,2011-12-09,1646655.94,0,50.63,3.158,222.4167852,7.197,2011,12,49,1629093.3008999988,17562.639100001194,December,Regular Week,Actual
11,2011-12-16,1783910.06,0,59.69,3.159,222.6426418,7.197,2011,12,50,1797201.5379000015,-13291.477900001453,December,Regular Week,Actual
11,2011-12-23,2213518.5,0,54.29,3.112,222.8258628,7.197,2011,12,51,2058626.1357000005,154892.36429999955,December,Regular Week,Actual
11,2011-12-30,1352084.21,1,48.86,3.129,223.0090839,7.197,2011,12,52,1619669.1627000002,-267584.95270000026,December,Holiday Week,Actual
11,2012-01-06,1283885.55,0,54.44,3.157,223.1923049,6.833,2012,1,1,1282733.5933999994,1151.9566000006162,January,Regular Week,Actual
11,2012-01-13,1264736.59,0,53.1,3.261,223.3755259,6.833,2012,1,2,1298584.235500001,-33847.64550000103,January,Regular Week,Actual
11,2012-01-20,1207303.29,0,56.43,3.268,223.4700552,6.833,2012,1,3,1236098.7075000014,-28795.41750000138,January,Regular Week,Actual
11,2012-01-27,1162675.85,0,58.36,3.29,223.5645845,6.833,2012,1,4,1234991.5707000012,-72315.72070000111,January,Regular Week,Actual
11,2012-02-03,1376732.18,0,60.24,3.36,223.6591137,6.833,2012,2,5,1390216.3550000023,-13484.175000002375,February,Regular Week,Actual
11,2012-02-10,1574287.76,1,52.23,3.409,223.753643,6.833,2012,2,6,1475055.8396000003,99231.92039999971,February,Holiday Week,Actual
11,2012-02-17,1569607.94,0,52.77,3.51,223.9170153,6.833,2012,2,7,1481863.5145999999,87744.42540000007,February,Regular Week,Actual
11,2012-02-24,1379473.03,0,61.11,3.555,224.1320199,6.833,2012,2,8,1410371.932900001,-30898.902900001034,February,Regular Week,Actual
11,2012-03-02,1438383.44,0,62.61,3.63,224.3470245,6.833,2012,3,9,1426722.6302999994,11660.809700000565,March,Regular Week,Actual
11,2012-03-09,1413382.76,0,61.44,3.669,224.5620291,6.833,2012,3,10,1414383.2817000004,-1000.5217000003904,March,Regular Week,Actual
11,2012-03-16,1441884.28,0,64.21,3.734,224.7166953,6.833,2012,3,11,1419659.602400001,22224.677599999122,March,Regular Week,Actual
11,2012-03-23,1300593.61,0,67.16,3.787,224.7909104,6.833,2012,3,12,1332532.4639,-31938.853899999987,March,Regular Week,Actual
11,2012-03-30,1300104.03,0,70.23,3.845,224.8651254,6.833,2012,3,13,1332161.4924000008,-32057.462400000775,March,Regular Week,Actual
11,2012-04-06,1596325.01,0,74.19,3.891,224.9393405,6.664,2012,4,14,1452239.3641000015,144085.6458999985,April,Regular Week,Actual
11,2012-04-13,1472752.01,0,72.74,3.891,225.0135556,6.664,2012,4,15,1409801.714900001,62950.29509999906,April,Regular Week,Actual
11,2012-04-20,1315356.99,0,71.97,3.877,225.0689541,6.664,2012,4,16,1400150.0285000012,-84793.03850000119,April,Regular Week,Actual
11,2012-04-27,1236238.29,0,73.4,3.814,225.1243526,6.664,2012,4,17,1278320.874200001,-42082.584200000856,April,Regular Week,Actual
11,2012-05-04,1370251.22,0,79.07,3.749,225.1797511,6.664,2012,5,18,1354240.4253999994,16010.794600000605,May,Regular Week,Actual
11,2012-05-11,1300147.07,0,75.13,3.688,225.2351496,6.664,2012,5,19,1316434.8718999978,-16287.80189999775,May,Regular Week,Actual
11,2012-05-18,1352442.31,0,72.53,3.63,225.2512024,6.664,2012,5,20,1346210.0158000006,6232.294199999422,May,Regular Week,Actual
11,2012-05-25,1297335.87,0,78.44,3.561,225.2515168,6.664,2012,5,21,1364226.0359,-66890.1658999999,May,Regular Week,Actual
11,2012-06-01,1361595.33,0,81.67,3.501,225.2518313,6.664,2012,6,22,1378295.6392999995,-16700.309299999382,June,Regular Week,Actual
11,2012-06-08,1414343.53,0,82.1,3.452,225.2521458,6.664,2012,6,23,1400789.5004000005,13554.029599999543,June,Regular Week,Actual
11,2012-06-15,1417875.42,0,84.97,3.393,225.2644795,6.664,2012,6,24,1398568.2678000005,19307.15219999943,June,Regular Week,Actual
11,2012-06-22,1355680.3,0,83.26,3.346,225.3068615,6.664,2012,6,25,1368813.8054999993,-13133.505499999272,June,Regular Week,Actual
11,2012-06-29,1297028.6,0,87.86,3.286,225.3492435,6.664,2012,6,26,1338411.4509999985,-41382.850999998394,June,Regular Week,Actual
11,2012-07-06,1461129.94,0,83.44,3.227,225.3916254,6.334,2012,7,27,1424286.0862999987,36843.85370000126,July,Regular Week,Actual
11,2012-07-13,1320239.51,0,82.46,3.256,225.4340074,6.334,2012,7,28,1418110.292899999,-97870.78289999906,July,Regular Week,Actual
11,2012-07-20,1344483.81,0,82.41,3.311,225.4438827,6.334,2012,7,29,1399029.862299999,-54546.05229999893,July,Regular Week,Actual
11,2012-07-27,1272395.02,0,85.43,3.407,225.4537579,6.334,2012,7,30,1402740.5935999998,-130345.57359999977,July,Regular Week,Actual
11,2012-08-03,1399341.07,0,86.94,3.417,225.4636332,6.334,2012,8,31,1398634.1175999984,706.9524000016972,August,Regular Week,Actual
11,2012-08-10,1388973.65,0,86.21,3.494,225.4735085,6.334,2012,8,32,1394072.6437000013,-5098.993700001389,August,Regular Week,Actual
11,2012-08-17,1421307.2,0,87.73,3.571,225.5558664,6.334,2012,8,33,1405703.5760000006,15603.62399999937,August,Regular Week,Actual
11,2012-08-24,1409515.73,0,83.17,3.62,225.6925864,6.334,2012,8,34,1398934.1695000005,10581.56049999944,August,Regular Week,Actual
11,2012-08-31,1372872.35,0,86.49,3.638,225.8293063,6.334,2012,8,35,1381042.8715999997,-8170.521599999629,August,Regular Week,Actual
11,2012-09-07,1304584.4,1,85.17,3.73,225.9660263,6.334,2012,9,36,1322899.0104000017,-18314.61040000175,September,Holiday Week,Actual
11,2012-09-14,1267675.05,0,79.61,3.717,226.1122067,6.334,2012,9,37,1294135.245400001,-26460.195400001016,September,Regular Week,Actual
11,2012-09-21,1326132.98,0,73.64,3.721,226.3151496,6.334,2012,9,38,1304908.6509000012,21224.32909999881,September,Regular Week,Actual
11,2012-09-28,1227430.73,0,77.67,3.666,226.5180926,6.334,2012,9,39,1257417.755900001,-29987.02590000094,September,Regular Week,Actual
11,2012-10-05,1422794.26,0,73.37,3.617,226.7210356,6.034,2012,10,40,1262514.832000002,160279.42799999798,October,Regular Week,Actual
11,2012-10-12,1311965.09,0,69.94,3.601,226.9239785,6.034,2012,10,41,1282775.7772000022,29189.31279999786,October,Regular Week,Actual
11,2012-10-19,1232073.18,0,73.77,3.594,226.9688442,6.034,2012,10,42,1237696.9814000027,-5623.801400002791,October,Regular Week,Actual
11,2012-10-26,1200729.45,0,74.26,3.506,226.9873637,6.034,2012,10,43,1215080.891700002,-14351.441700001946,October,Regular Week,Actual
12,2010-02-05,1100046.37,0,49.47,2.962,126.4420645,13.975,2010,2,5,1079518.4499000008,20527.92009999929,February,Regular Week,Actual
12,2010-02-12,1117863.33,1,47.87,2.946,126.4962581,13.975,2010,2,6,1102426.0019999996,15437.328000000445,February,Holiday Week,Actual
12,2010-02-19,1095421.65,0,54.83,2.915,126.5262857,13.975,2010,2,7,1080522.3297999993,14899.320200000657,February,Regular Week,Actual
12,2010-02-26,1048617.17,0,50.23,2.825,126.5522857,13.975,2010,2,8,1064802.831300001,-16185.661300000967,February,Regular Week,Actual
12,2010-03-05,1077018.27,0,53.77,2.987,126.5782857,13.975,2010,3,9,1083006.1392999992,-5987.869299999205,March,Regular Week,Actual
12,2010-03-12,985594.23,0,50.11,2.925,126.6042857,13.975,2010,3,10,1074304.585800001,-88710.35580000095,March,Regular Week,Actual
12,2010-03-19,972088.34,0,59.57,3.054,126.6066452,13.975,2010,3,11,998973.9623000011,-26885.622300001094,March,Regular Week,Actual
12,2010-03-26,981615.81,0,60.06,3.083,126.6050645,13.975,2010,3,12,1003834.3559999997,-22218.545999999624,March,Regular Week,Actual
12,2010-04-02,1011822.3,0,59.84,3.086,126.6034839,14.099,2010,4,13,1008583.2704999989,3239.02950000111,April,Regular Week,Actual
12,2010-04-09,1041238.87,0,59.25,3.09,126.6019032,14.099,2010,4,14,1022855.7803000002,18383.08969999978,April,Regular Week,Actual
12,2010-04-16,957997.52,0,64.95,3.109,126.5621,14.099,2010,4,15,979934.4994999997,-21936.979499999667,April,Regular Week,Actual
12,2010-04-23,993833.44,0,64.55,3.05,126.4713333,14.099,2010,4,16,991484.3655999989,2349.074400001089,April,Regular Week,Actual
12,2010-04-30,954220.22,0,67.38,3.105,126.3805667,14.099,2010,4,17,974519.7874999989,-20299.567499998957,April,Regular Week,Actual
12,2010-05-07,1043240.27,0,70.15,3.127,126.2898,14.099,2010,5,18,1017412.5425999995,25827.727400000556,May,Regular Week,Actual
12,2010-05-14,966054.97,0,68.44,3.145,126.2085484,14.099,2010,5,19,975535.724099999,-9480.754099998972,May,Regular Week,Actual
12,2010-05-21,958374.56,0,76.2,3.12,126.1843871,14.099,2010,5,20,967713.4805000005,-9338.920500000473,May,Regular Week,Actual
12,2010-05-28,955451.16,0,67.84,3.058,126.1602258,14.099,2010,5,21,961092.2629999986,-5641.102999998606,May,Regular Week,Actual
12,2010-06-04,1049357.36,0,81.39,2.941,126.1360645,14.099,2010,6,22,1020022.7246999997,29334.63530000043,June,Regular Week,Actual
12,2010-06-11,1016039.71,0,90.84,2.949,126.1119032,14.099,2010,6,23,1014045.795999999,1993.914000000921,June,Regular Week,Actual
12,2010-06-18,956211.2,0,81.06,3.043,126.114,14.099,2010,6,24,966762.3536000008,-10551.153600000893,June,Regular Week,Actual
12,2010-06-25,958007.69,0,87.27,3.084,126.1266,14.099,2010,6,25,977218.6420000005,-19210.952000000514,June,Regular Week,Actual
12,2010-07-02,951957.31,0,91.98,3.105,126.1392,14.18,2010,7,26,951605.1647000014,352.1452999986941,July,Regular Week,Actual
12,2010-07-09,943506.28,0,90.37,3.1,126.1518,14.18,2010,7,27,945222.3220000007,-1716.0420000007143,July,Regular Week,Actual
12,2010-07-16,916402.76,0,97.18,3.094,126.1498065,14.18,2010,7,28,923996.4088000007,-7593.648800000665,July,Regular Week,Actual
12,2010-07-23,912403.67,0,99.22,3.112,126.1283548,14.18,2010,7,29,917425.007200001,-5021.337200000999,July,Regular Week,Actual
12,2010-07-30,913548.25,0,96.31,3.017,126.1069032,14.18,2010,7,30,918935.3092,-5387.059200000018,July,Regular Week,Actual
12,2010-08-06,967576.95,0,92.95,3.123,126.0854516,14.18,2010,8,31,967145.2764000015,431.67359999846667,August,Regular Week,Actual
12,2010-08-13,928264.4,0,87.01,3.159,126.064,14.18,2010,8,32,962525.4373000008,-34261.03730000078,August,Regular Week,Actual
12,2010-08-20,948447.34,0,92.81,3.041,126.0766452,14.18,2010,8,33,953349.8701000012,-4902.530100001255,August,Regular Week,Actual
12,2010-08-27,1004516.46,0,93.19,3.129,126.0892903,14.18,2010,8,34,989513.3961999996,15003.063800000353,August,Regular Week,Actual
12,2010-09-03,1075758.55,0,83.12,3.087,126.1019355,14.18,2010,9,35,1044075.8889999986,31682.661000001477,September,Regular Week,Actual
12,2010-09-10,903119.03,1,83.63,3.044,126.1145806,14.18,2010,9,36,917369.4862000002,-14250.456200000132,September,Holiday Week,Actual
12,2010-09-17,852882.61,0,82.45,3.028,126.1454667,14.18,2010,9,37,865654.2937,-12771.683700000052,September,Regular Week,Actual
12,2010-09-24,851919.34,0,81.77,2.939,126.1900333,14.18,2010,9,38,857225.9471000014,-5306.60710000142,September,Regular Week,Actual
12,2010-10-01,850936.26,0,85.2,3.001,126.2346,14.313,2010,10,39,855749.0621000008,-4812.802100000787,October,Regular Week,Actual
12,2010-10-08,918335.68,0,71.82,3.013,126.2791667,14.313,2010,10,40,867284.9962000006,51050.68379999942,October,Regular Week,Actual
12,2010-10-15,862419.84,0,75.0,2.976,126.3266774,14.313,2010,10,41,864858.1040000017,-2438.2640000017127,October,Regular Week,Actual
12,2010-10-22,857883.46,0,68.85,3.014,126.3815484,14.313,2010,10,42,871062.2736,-13178.813599999994,October,Regular Week,Actual
12,2010-10-29,955294.7,0,61.09,3.016,126.4364194,14.313,2010,10,43,901509.5328999998,53785.167100000195,October,Regular Week,Actual
12,2010-11-05,929690.71,0,65.49,3.129,126.4912903,14.313,2010,11,44,939692.6660999998,-10001.956099999836,November,Regular Week,Actual
12,2010-11-12,942475.24,0,57.79,3.13,126.5461613,14.313,2010,11,45,957847.9466999996,-15372.706699999631,November,Regular Week,Actual
12,2010-11-19,894493.7,0,58.18,3.161,126.6072,14.313,2010,11,46,957220.4533000008,-62726.7533000008,November,Regular Week,Actual
12,2010-11-26,1601377.41,1,47.66,3.162,126.6692667,14.313,2010,11,47,1309371.0355000007,292006.3744999992,November,Holiday Week,Actual
12,2010-12-03,1069533.17,0,43.33,3.041,126.7313333,14.313,2010,12,48,1249059.1953000007,-179526.0253000008,December,Regular Week,Actual
12,2010-12-10,1121934.15,0,50.01,3.203,126.7934,14.313,2010,12,49,1260458.2034000012,-138524.05340000126,December,Regular Week,Actual
12,2010-12-17,1295605.35,0,52.77,3.236,126.8794839,14.313,2010,12,50,1339629.657100001,-44024.30710000079,December,Regular Week,Actual
12,2010-12-24,1768249.89,0,52.02,3.236,126.9835806,14.313,2010,12,51,1601936.3247999996,166313.5652000003,December,Regular Week,Actual
12,2010-12-31,891736.91,1,45.64,3.148,127.0876774,14.313,2010,12,52,1573008.0376999998,-681271.1276999997,December,Holiday Week,Actual
12,2011-01-07,910110.24,0,37.64,3.287,127.1917742,14.021,2011,1,1,896767.1389999989,13343.101000001072,January,Regular Week,Actual
12,2011-01-14,812011.8,0,43.15,3.312,127.3009355,14.021,2011,1,2,844998.290099999,-32986.490099999006,January,Regular Week,Actual
12,2011-01-21,802105.5,0,53.53,3.223,127.4404839,14.021,2011,1,3,821047.6000999999,-18942.100099999923,January,Regular Week,Actual
12,2011-01-28,873119.06,0,50.74,3.342,127.5800323,14.021,2011,1,4,862652.5569000007,10466.50309999939,January,Regular Week,Actual
12,2011-02-04,1046068.17,0,45.14,3.348,127.7195806,14.021,2011,2,5,1051860.7397000005,-5792.569700000458,February,Regular Week,Actual
12,2011-02-11,1086421.57,1,51.3,3.381,127.859129,14.021,2011,2,6,1094711.297599998,-8289.727599998005,February,Holiday Week,Actual
12,2011-02-18,1128485.1,0,53.35,3.43,127.99525,14.021,2011,2,7,1116014.9096999986,12470.19030000153,February,Regular Week,Actual
12,2011-02-25,1046203.72,0,48.45,3.53,128.13,14.021,2011,2,8,1056724.4841999991,-10520.764199999161,February,Regular Week,Actual
12,2011-03-04,1085248.21,0,51.72,3.674,128.26475,14.021,2011,3,9,1086634.3862999983,-1386.1762999983039,March,Regular Week,Actual
12,2011-03-11,997672.62,0,57.75,3.818,128.3995,14.021,2011,3,10,1049014.2072999997,-51341.587299999665,March,Regular Week,Actual
12,2011-03-18,1009502.01,0,64.21,3.692,128.5121935,14.021,2011,3,11,1010001.0288000013,-499.0188000012422,March,Regular Week,Actual
12,2011-03-25,954107.32,0,54.4,3.909,128.6160645,14.021,2011,3,12,1016372.3493999983,-62265.02939999837,March,Regular Week,Actual
12,2011-04-01,1005463.49,0,63.63,3.772,128.7199355,13.736,2011,4,13,1005603.8466999987,-140.35669999872334,April,Regular Week,Actual
12,2011-04-08,998362.05,0,64.47,4.003,128.8238065,13.736,2011,4,14,1009579.126799999,-11217.076799998991,April,Regular Week,Actual
12,2011-04-15,990951.77,0,57.63,3.868,128.9107333,13.736,2011,4,15,999715.1342999998,-8763.364299999783,April,Regular Week,Actual
12,2011-04-22,1016019.47,0,72.12,4.134,128.9553,13.736,2011,4,16,1007422.8161999993,8596.65380000067,April,Regular Week,Actual
12,2011-04-29,994966.1,0,68.27,4.151,128.9998667,13.736,2011,4,17,998921.367799999,-3955.267799998983,April,Regular Week,Actual
12,2011-05-06,1021154.48,0,68.4,4.193,129.0444333,13.736,2011,5,18,1014210.9636000003,6943.516399999731,May,Regular Week,Actual
12,2011-05-13,977033.5,0,70.93,4.202,129.089,13.736,2011,5,19,984905.8600999999,-7872.360099999933,May,Regular Week,Actual
12,2011-05-20,924134.99,0,66.59,4.169,129.0756774,13.736,2011,5,20,948803.0148999988,-24668.024899998796,May,Regular Week,Actual
12,2011-05-27,964332.51,0,76.67,4.087,129.0623548,13.736,2011,5,21,968941.8024000007,-4609.292400000733,May,Regular Week,Actual
12,2011-06-03,970328.68,0,71.81,4.031,129.0490323,13.736,2011,6,22,972725.8041000016,-2397.124100001529,June,Regular Week,Actual
12,2011-06-10,996937.95,0,78.72,3.981,129.0357097,13.736,2011,6,23,977181.3589000016,19756.59109999833,June,Regular Week,Actual
12,2011-06-17,986504.93,0,86.84,3.935,129.0432,13.736,2011,6,24,986527.7161000016,-22.786100001540035,June,Regular Week,Actual
12,2011-06-24,997282.75,0,88.95,3.898,129.0663,13.736,2011,6,25,988753.3448000007,8529.405199999339,June,Regular Week,Actual
12,2011-07-01,961993.34,0,89.85,3.842,129.0894,13.503,2011,7,26,961711.4212000017,281.9187999982387,July,Regular Week,Actual
12,2011-07-08,943717.38,0,89.9,3.705,129.1125,13.503,2011,7,27,944999.8489999996,-1282.4689999995753,July,Regular Week,Actual
12,2011-07-15,936001.98,0,88.1,3.692,129.1338387,13.503,2011,7,28,938857.8958000003,-2855.915800000308,July,Regular Week,Actual
12,2011-07-22,922231.92,0,91.17,3.794,129.1507742,13.503,2011,7,29,935359.610200001,-13127.690200001001,July,Regular Week,Actual
12,2011-07-29,890547.07,0,93.29,3.805,129.1677097,13.503,2011,7,30,961267.0315000004,-70719.96150000044,July,Regular Week,Actual
12,2011-08-05,988712.52,0,90.61,3.803,129.1846452,13.503,2011,8,31,978001.7962000002,10710.723799999803,August,Regular Week,Actual
12,2011-08-12,955913.68,0,91.04,3.701,129.2015806,13.503,2011,8,32,956953.9260000016,-1040.2460000015562,August,Regular Week,Actual
12,2011-08-19,966817.24,0,91.74,3.743,129.2405806,13.503,2011,8,33,964927.3414999995,1889.898500000476,August,Regular Week,Actual
12,2011-08-26,1017593.47,0,94.61,3.74,129.2832581,13.503,2011,8,34,989534.2844999991,28059.185500000836,August,Regular Week,Actual
12,2011-09-02,1052051.45,0,93.66,3.798,129.3259355,13.503,2011,9,35,1034286.931300001,17764.518699998967,September,Regular Week,Actual
12,2011-09-09,922850.57,1,88.0,3.913,129.3686129,13.503,2011,9,36,931839.5163999991,-8988.9463999992,September,Holiday Week,Actual
12,2011-09-16,889290.23,0,76.36,3.918,129.4306,13.503,2011,9,37,894639.2876999996,-5349.057699999656,September,Regular Week,Actual
12,2011-09-23,871692.74,0,82.95,3.789,129.5183333,13.503,2011,9,38,880613.5924999994,-8920.852499999455,September,Regular Week,Actual
12,2011-09-30,866401.45,0,83.26,3.877,129.6060667,13.503,2011,9,39,880982.4243000008,-14580.974300000817,September,Regular Week,Actual
12,2011-10-07,951244.66,0,70.44,3.827,129.6938,12.89,2011,10,40,938570.9179999991,12673.7420000009,October,Regular Week,Actual
12,2011-10-14,927600.01,0,67.31,3.805,129.7706452,12.89,2011,10,41,938486.2019000005,-10886.191900000442,October,Regular Week,Actual
12,2011-10-21,938604.58,0,73.05,3.842,129.7821613,12.89,2011,10,42,951257.3314000001,-12652.751400000183,October,Regular Week,Actual
12,2011-10-28,990926.38,0,67.41,3.727,129.7936774,12.89,2011,10,43,978433.4506,12492.929400000023,October,Regular Week,Actual
12,2011-11-04,1051944.79,0,59.77,3.828,129.8051935,12.89,2011,11,44,1019930.9655000012,32013.824499998824,November,Regular Week,Actual
12,2011-11-11,1095091.53,0,48.76,3.824,129.8167097,12.89,2011,11,45,1037517.2642000002,57574.26579999982,November,Regular Week,Actual
12,2011-11-18,970641.34,0,54.2,3.813,129.8268333,12.89,2011,11,46,1042403.4415000002,-71762.10150000022,November,Regular Week,Actual
12,2011-11-25,1591920.42,1,53.25,3.622,129.8364,12.89,2011,11,47,1418679.9602,173240.45979999984,November,Holiday Week,Actual
12,2011-12-02,1071383.1,0,52.5,3.701,129.8459667,12.89,2011,12,48,1208183.3904999983,-136800.29049999826,December,Regular Week,Actual
12,2011-12-09,1189646.45,0,42.17,3.644,129.8555333,12.89,2011,12,49,1302688.2757999997,-113041.82579999976,December,Regular Week,Actual
12,2011-12-16,1293404.18,0,43.29,3.6,129.8980645,12.89,2011,12,50,1350288.3606999998,-56884.18069999991,December,Regular Week,Actual
12,2011-12-23,1617612.03,0,45.4,3.541,129.9845484,12.89,2011,12,51,1538357.6311,79254.39889999991,December,Regular Week,Actual
12,2011-12-30,1111638.07,1,44.64,3.428,130.0710323,12.89,2011,12,52,1549987.7647000002,-438349.6947000001,December,Holiday Week,Actual
12,2012-01-06,945823.65,0,50.43,3.599,130.1575161,12.187,2012,1,1,920055.9550000004,25767.6949999996,January,Regular Week,Actual
12,2012-01-13,865467.86,0,48.07,3.657,130.244,12.187,2012,1,2,875169.7965999997,-9701.936599999666,January,Regular Week,Actual
12,2012-01-20,855922.64,0,46.2,3.66,130.2792258,12.187,2012,1,3,865777.9193000001,-9855.279300000053,January,Regular Week,Actual
12,2012-01-27,888203.69,0,50.43,3.675,130.3144516,12.187,2012,1,4,884080.0750999993,4123.614900000626,January,Regular Week,Actual
12,2012-02-03,1058767.95,0,50.58,3.702,130.3496774,12.187,2012,2,5,1091839.1142000007,-33071.1642000007,February,Regular Week,Actual
12,2012-02-10,1199330.85,1,52.27,3.722,130.3849032,12.187,2012,2,6,1177745.2578999982,21585.59210000187,February,Holiday Week,Actual
12,2012-02-17,1240048.85,0,51.8,3.781,130.4546207,12.187,2012,2,7,1206314.5692999982,33734.280700001866,February,Regular Week,Actual
12,2012-02-24,1112034.72,0,53.13,3.95,130.5502069,12.187,2012,2,8,1134038.5629999985,-22003.84299999848,February,Regular Week,Actual
12,2012-03-02,1147636.96,0,52.27,4.178,130.6457931,12.187,2012,3,9,1144205.2943999977,3431.6656000022776,March,Regular Week,Actual
12,2012-03-09,1113208.57,0,54.54,4.25,130.7413793,12.187,2012,3,10,1110633.9549999975,2574.615000002552,March,Regular Week,Actual
12,2012-03-16,1088498.52,0,64.44,4.273,130.8261935,12.187,2012,3,11,1064028.0622999996,24470.457700000377,March,Regular Week,Actual
12,2012-03-23,1045419.87,0,56.26,4.038,130.8966452,12.187,2012,3,12,1061222.8928000005,-15803.0228000005,March,Regular Week,Actual
12,2012-03-30,1025382.22,0,64.36,4.294,130.9670968,12.187,2012,3,13,1044244.8520999992,-18862.63209999923,March,Regular Week,Actual
12,2012-04-06,1128765.71,0,64.05,4.121,131.0375484,11.627,2012,4,14,1095256.0321999982,33509.67780000181,April,Regular Week,Actual
12,2012-04-13,1083811.19,0,64.28,4.254,131.108,11.627,2012,4,15,1065569.0154999983,18242.174500001594,April,Regular Week,Actual
12,2012-04-20,1006486.96,0,66.73,4.222,131.1173333,11.627,2012,4,16,1020464.6559999983,-13977.695999998366,April,Regular Week,Actual
12,2012-04-27,1004252.38,0,77.99,4.193,131.1266667,11.627,2012,4,17,1010388.0962999989,-6135.716299998923,April,Regular Week,Actual
12,2012-05-04,1073433.69,0,76.03,4.171,131.136,11.627,2012,5,18,1054832.8457999988,18600.8442000011,May,Regular Week,Actual
12,2012-05-11,1041995.22,0,77.27,4.186,131.1453333,11.627,2012,5,19,1049690.1413999991,-7694.921399999177,May,Regular Week,Actual
12,2012-05-18,1020486.05,0,84.51,4.11,131.0983226,11.627,2012,5,20,1015445.6293999986,5040.420600001467,May,Regular Week,Actual
12,2012-05-25,991514.21,0,83.84,4.293,131.0287742,11.627,2012,5,21,1004704.7185999986,-13190.508599998662,May,Regular Week,Actual
12,2012-06-01,981345.2,0,78.11,4.277,130.9592258,11.627,2012,6,22,1003522.5721999989,-22177.372199998936,June,Regular Week,Actual
12,2012-06-08,1086231.47,0,84.83,4.103,130.8896774,11.627,2012,6,23,1010524.1924999995,75707.27750000043,June,Regular Week,Actual
12,2012-06-15,1019555.51,0,85.94,4.144,130.8295333,11.627,2012,6,24,1007681.2871000005,11874.22289999947,June,Regular Week,Actual
12,2012-06-22,981386.25,0,91.61,4.014,130.7929,11.627,2012,6,25,987456.9172000001,-6070.667200000142,June,Regular Week,Actual
12,2012-06-29,943124.74,0,90.47,3.875,130.7562667,11.627,2012,6,26,957364.8973999996,-14240.15739999956,June,Regular Week,Actual
12,2012-07-06,1014898.78,0,89.13,3.765,130.7196333,10.926,2012,7,27,951742.0654000008,63156.71459999925,July,Regular Week,Actual
12,2012-07-13,960312.75,0,95.61,3.723,130.683,10.926,2012,7,28,957524.7556,2787.994399999967,July,Regular Week,Actual
12,2012-07-20,941550.34,0,85.53,3.726,130.7012903,10.926,2012,7,29,946129.6739000013,-4579.333900001366,July,Regular Week,Actual
12,2012-07-27,916967.92,0,93.47,3.769,130.7195806,10.926,2012,7,30,953800.1100000009,-36832.190000000875,July,Regular Week,Actual
12,2012-08-03,958667.23,0,88.16,3.76,130.737871,10.926,2012,8,31,958511.2337000007,155.9962999993004,August,Regular Week,Actual
12,2012-08-10,984689.9,0,95.91,3.811,130.7561613,10.926,2012,8,32,981151.2495000013,3538.6504999987083,August,Regular Week,Actual
12,2012-08-17,1005003.12,0,94.87,4.002,130.7909677,10.926,2012,8,33,994869.9125000009,10133.207499999087,August,Regular Week,Actual
12,2012-08-24,1048101.39,0,85.32,4.055,130.8381613,10.926,2012,8,34,992801.3439,55300.046100000036,August,Regular Week,Actual
12,2012-08-31,1061943.49,0,89.78,4.093,130.8853548,10.926,2012,8,35,1029831.7848999996,32111.70510000037,August,Regular Week,Actual
12,2012-09-07,955146.04,1,88.52,4.124,130.9325484,10.926,2012,9,36,946011.3687000008,9134.67129999923,September,Holiday Week,Actual
12,2012-09-14,885892.37,0,83.64,4.133,130.9776667,10.926,2012,9,37,901480.7698000002,-15588.399800000247,September,Regular Week,Actual
12,2012-09-21,922735.37,0,82.97,4.125,131.0103333,10.926,2012,9,38,916409.6164000006,6325.753599999356,September,Regular Week,Actual
12,2012-09-28,880415.67,0,81.22,3.966,131.043,10.926,2012,9,39,905702.7121000014,-25287.04210000136,September,Regular Week,Actual
12,2012-10-05,979825.92,0,81.61,3.966,131.0756667,10.199,2012,10,40,962370.5904000009,17455.329599999124,October,Regular Week,Actual
12,2012-10-12,934917.47,0,71.74,4.468,131.1083333,10.199,2012,10,41,954147.7568999999,-19230.28689999995,October,Regular Week,Actual
12,2012-10-19,960945.43,0,68.66,4.449,131.1499677,10.199,2012,10,42,966926.7845000006,-5981.354500000598,October,Regular Week,Actual
12,2012-10-26,974697.6,0,65.95,4.301,131.1930968,10.199,2012,10,43,992885.4014999995,-18187.801499999478,October,Regular Week,Actual
13,2010-02-05,1967220.53,0,31.53,2.666,126.4420645,8.316,2010,2,5,1951460.8504000006,15759.67959999945,February,Regular Week,Actual
13,2010-02-12,2030933.46,1,33.16,2.671,126.4962581,8.316,2010,2,6,2022300.8080000002,8632.651999999769,February,Holiday Week,Actual
13,2010-02-19,1970274.64,0,35.7,2.654,126.5262857,8.316,2010,2,7,1980515.4529999981,-10240.81299999822,February,Regular Week,Actual
13,2010-02-26,1817850.32,0,29.98,2.667,126.5522857,8.316,2010,2,8,1850176.6980999971,-32326.378099997062,February,Regular Week,Actual
13,2010-03-05,1939980.43,0,40.65,2.681,126.5782857,8.316,2010,3,9,1899176.4651999988,40803.96480000112,March,Regular Week,Actual
13,2010-03-12,1840686.94,0,37.62,2.733,126.6042857,8.316,2010,3,10,1879841.6380000007,-39154.69800000079,March,Regular Week,Actual
13,2010-03-19,1879794.89,0,42.49,2.782,126.6066452,8.316,2010,3,11,1899797.728899997,-20002.838899997063,March,Regular Week,Actual
13,2010-03-26,1882095.98,0,41.48,2.819,126.6050645,8.316,2010,3,12,1909761.3157999977,-27665.335799997672,March,Regular Week,Actual
13,2010-04-02,2142482.14,0,42.15,2.842,126.6034839,8.107,2010,4,13,2055286.504799997,87195.63520000316,April,Regular Week,Actual
13,2010-04-09,1898321.33,0,38.97,2.877,126.6019032,8.107,2010,4,14,1927116.4318000015,-28795.10180000146,April,Regular Week,Actual
13,2010-04-16,1819660.44,0,50.39,2.915,126.5621,8.107,2010,4,15,1847657.8587999986,-27997.418799998704,April,Regular Week,Actual
13,2010-04-23,1909330.77,0,55.66,2.936,126.4713333,8.107,2010,4,16,1893373.0505000013,15957.719499998726,April,Regular Week,Actual
13,2010-04-30,1785823.37,0,48.33,2.941,126.3805667,8.107,2010,4,17,1875657.5571,-89834.18709999998,April,Regular Week,Actual
13,2010-05-07,2005478.46,0,44.42,2.948,126.2898,8.107,2010,5,18,1891257.9278999986,114220.53210000135,May,Regular Week,Actual
13,2010-05-14,1890273.44,0,50.15,2.962,126.2085484,8.107,2010,5,19,1873795.916699999,16477.523300000932,May,Regular Week,Actual
13,2010-05-21,1853657.6,0,57.71,2.95,126.1843871,8.107,2010,5,20,1880646.205499998,-26988.605499997968,May,Regular Week,Actual
13,2010-05-28,1877358.86,0,53.11,2.908,126.1602258,8.107,2010,5,21,1879028.790300002,-1669.9303000019863,May,Regular Week,Actual
13,2010-06-04,2022705.22,0,59.85,2.871,126.1360645,8.107,2010,6,22,1987408.2958000002,35296.924199999776,June,Regular Week,Actual
13,2010-06-11,2037880.96,0,65.24,2.841,126.1119032,8.107,2010,6,23,2010087.0531000006,27793.90689999936,June,Regular Week,Actual
13,2010-06-18,2003435.31,0,58.41,2.819,126.114,8.107,2010,6,24,1998298.979600001,5136.330399999162,June,Regular Week,Actual
13,2010-06-25,1970340.25,0,71.83,2.82,126.1266,8.107,2010,6,25,1970101.1514999997,239.09850000031292,June,Regular Week,Actual
13,2010-07-02,2018314.71,0,78.82,2.814,126.1392,7.951,2010,7,26,1967888.1311000003,50426.578899999615,July,Regular Week,Actual
13,2010-07-09,1870843.9,0,71.33,2.802,126.1518,7.951,2010,7,27,1926207.1310000012,-55363.23100000131,July,Regular Week,Actual
13,2010-07-16,1932231.05,0,77.79,2.791,126.1498065,7.951,2010,7,28,1919359.746700001,12871.303299999097,July,Regular Week,Actual
13,2010-07-23,1907351.2,0,82.27,2.797,126.1283548,7.951,2010,7,29,1915434.5084000004,-8083.3084000004455,July,Regular Week,Actual
13,2010-07-30,1817887.23,0,78.94,2.797,126.1069032,7.951,2010,7,30,1950762.5371000012,-132875.30710000126,July,Regular Week,Actual
13,2010-08-06,1969121.45,0,81.24,2.802,126.0854516,7.951,2010,8,31,1962745.639899999,6375.81010000105,August,Regular Week,Actual
13,2010-08-13,1877592.55,0,74.93,2.837,126.064,7.951,2010,8,32,1979327.6505999984,-101735.10059999838,August,Regular Week,Actual
13,2010-08-20,1997397.63,0,76.34,2.85,126.0766452,7.951,2010,8,33,1980914.9956999978,16482.63430000213,August,Regular Week,Actual
13,2010-08-27,1908278.27,0,75.31,2.854,126.0892903,7.951,2010,8,34,1928376.2673999988,-20097.99739999883,August,Regular Week,Actual
13,2010-09-03,1911852.58,0,65.71,2.868,126.1019355,7.951,2010,9,35,1915624.0615000022,-3771.48150000209,September,Regular Week,Actual
13,2010-09-10,1772143.94,1,65.74,2.87,126.1145806,7.951,2010,9,36,1912911.9377000013,-140767.99770000135,September,Holiday Week,Actual
13,2010-09-17,1790279.74,0,66.84,2.875,126.1454667,7.951,2010,9,37,1808840.751100001,-18561.011100000935,September,Regular Week,Actual
13,2010-09-24,1705655.09,0,68.22,2.872,126.1900333,7.951,2010,9,38,1741869.463900001,-36214.37390000094,September,Regular Week,Actual
13,2010-10-01,1765584.48,0,68.74,2.853,126.2346,7.795,2010,10,39,1774743.257099999,-9158.777099999133,October,Regular Week,Actual
13,2010-10-08,1871924.07,0,63.03,2.841,126.2791667,7.795,2010,10,40,1860867.6576999975,11056.412300002528,October,Regular Week,Actual
13,2010-10-15,1851431.06,0,54.12,2.845,126.3266774,7.795,2010,10,41,1855816.3003000007,-4385.240300000645,October,Regular Week,Actual
13,2010-10-22,1796949.59,0,56.89,2.849,126.3815484,7.795,2010,10,42,1826239.5662000012,-29289.97620000108,October,Regular Week,Actual
13,2010-10-29,1887895.07,0,45.12,2.841,126.4364194,7.795,2010,10,43,1885422.6895999974,2472.380400002701,October,Regular Week,Actual
13,2010-11-05,1854967.66,0,49.96,2.831,126.4912903,7.795,2010,11,44,1909111.277999998,-54143.617999998154,November,Regular Week,Actual
13,2010-11-12,1939964.63,0,42.55,2.831,126.5461613,7.795,2010,11,45,1931878.825199998,8085.804800001904,November,Regular Week,Actual
13,2010-11-19,1925393.91,0,42.0,2.842,126.6072,7.795,2010,11,46,1948428.3752999979,-23034.465299997944,November,Regular Week,Actual
13,2010-11-26,2766400.05,1,28.22,2.83,126.6692667,7.795,2010,11,47,2715527.472800002,50872.577199997846,November,Holiday Week,Actual
13,2010-12-03,2083379.89,0,25.8,2.812,126.7313333,7.795,2010,12,48,2180554.509399996,-97174.61939999624,December,Regular Week,Actual
13,2010-12-10,2461468.35,0,36.78,2.817,126.7934,7.795,2010,12,49,2538181.4590999996,-76713.10909999954,December,Regular Week,Actual
13,2010-12-17,2771646.81,0,35.21,2.842,126.8794839,7.795,2010,12,50,2782266.6359999995,-10619.825999999419,December,Regular Week,Actual
13,2010-12-24,3595903.2,0,34.9,2.846,126.9835806,7.795,2010,12,51,3527129.5951999943,68773.60480000591,December,Regular Week,Actual
13,2010-12-31,1675292.0,1,26.79,2.868,127.0876774,7.795,2010,12,52,1788751.2552999996,-113459.25529999961,December,Holiday Week,Actual
13,2011-01-07,1744544.39,0,16.94,2.891,127.1917742,7.47,2011,1,1,1747880.3799999987,-3335.9899999988265,January,Regular Week,Actual
13,2011-01-14,1682316.31,0,20.6,2.903,127.3009355,7.47,2011,1,2,1742487.484399999,-60171.17439999897,January,Regular Week,Actual
13,2011-01-21,1770177.37,0,34.8,2.934,127.4404839,7.47,2011,1,3,1747035.6139000016,23141.756099998485,January,Regular Week,Actual
13,2011-01-28,1633663.12,0,31.64,2.96,127.5800323,7.47,2011,1,4,1682638.631600002,-48975.51160000195,January,Regular Week,Actual
13,2011-02-04,1848186.58,0,23.35,2.974,127.7195806,7.47,2011,2,5,1880672.481900003,-32485.901900002966,February,Regular Week,Actual
13,2011-02-11,1944438.9,1,30.83,3.034,127.859129,7.47,2011,2,6,1961069.7508000026,-16630.850800002692,February,Holiday Week,Actual
13,2011-02-18,2003480.59,0,40.85,3.062,127.99525,7.47,2011,2,7,1998068.2998000022,5412.290199997835,February,Regular Week,Actual
13,2011-02-25,1831933.95,0,33.17,3.12,128.13,7.47,2011,2,8,1867592.9133,-35658.963299999945,February,Regular Week,Actual
13,2011-03-04,1894960.68,0,34.23,3.23,128.26475,7.47,2011,3,9,1886863.9008000034,8096.7791999964975,March,Regular Week,Actual
13,2011-03-11,1852432.58,0,41.28,3.346,128.3995,7.47,2011,3,10,1859690.5721000019,-7257.992100001778,March,Regular Week,Actual
13,2011-03-18,1852443.78,0,44.69,3.407,128.5121935,7.47,2011,3,11,1853068.209200001,-624.429200001061,March,Regular Week,Actual
13,2011-03-25,1807545.43,0,42.38,3.435,128.6160645,7.47,2011,3,12,1825670.8455000028,-18125.415500002913,March,Regular Week,Actual
13,2011-04-01,1864238.64,0,42.49,3.487,128.7199355,7.193,2011,4,13,1881427.9344999986,-17189.29449999868,April,Regular Week,Actual
13,2011-04-08,1887465.04,0,42.75,3.547,128.8238065,7.193,2011,4,14,1905696.1207999995,-18231.080799999414,April,Regular Week,Actual
13,2011-04-15,1950994.04,0,41.72,3.616,128.9107333,7.193,2011,4,15,1950272.7942999997,721.2457000003196,April,Regular Week,Actual
13,2011-04-22,2124316.34,0,47.55,3.655,128.9553,7.193,2011,4,16,2024485.513000002,99830.82699999795,April,Regular Week,Actual
13,2011-04-29,1895583.12,0,43.85,3.683,128.9998667,7.193,2011,4,17,1946109.751700002,-50526.63170000189,April,Regular Week,Actual
13,2011-05-06,1986380.4,0,47.75,3.744,129.0444333,7.193,2011,5,18,1963542.3177000028,22838.0822999971,May,Regular Week,Actual
13,2011-05-13,1958823.56,0,52.4,3.77,129.089,7.193,2011,5,19,1893438.999400002,65384.560599998105,May,Regular Week,Actual
13,2011-05-20,1860923.55,0,52.12,3.802,129.0756774,7.193,2011,5,20,1880667.9529000018,-19744.402900001733,May,Regular Week,Actual
13,2011-05-27,1866369.93,0,54.62,3.778,129.0623548,7.193,2011,5,21,1885183.5211000035,-18813.59110000357,May,Regular Week,Actual
13,2011-06-03,1935593.87,0,52.76,3.752,129.0490323,7.193,2011,6,22,1951040.509200002,-15446.639200001955,June,Regular Week,Actual
13,2011-06-10,1997816.98,0,61.39,3.732,129.0357097,7.193,2011,6,23,2002591.5543999998,-4774.5743999998085,June,Regular Week,Actual
13,2011-06-17,2086433.49,0,63.35,3.704,129.0432,7.193,2011,6,24,2052753.7899000016,33679.70009999839,June,Regular Week,Actual
13,2011-06-24,2009163.08,0,66.38,3.668,129.0663,7.193,2011,6,25,1985612.6582000025,23550.421799997566,June,Regular Week,Actual
13,2011-07-01,2048035.74,0,74.29,3.613,129.0894,6.877,2011,7,26,2026831.1812000016,21204.55879999837,July,Regular Week,Actual
13,2011-07-08,2021699.38,0,77.3,3.563,129.1125,6.877,2011,7,27,2006816.4776999985,14882.902300001355,July,Regular Week,Actual
13,2011-07-15,1956813.31,0,75.59,3.553,129.1338387,6.877,2011,7,28,1975682.9796000007,-18869.669600000605,July,Regular Week,Actual
13,2011-07-22,1987089.36,0,78.5,3.563,129.1507742,6.877,2011,7,29,1970630.8997000027,16458.460299997358,July,Regular Week,Actual
13,2011-07-29,1880785.69,0,77.62,3.574,129.1677097,6.877,2011,7,30,1929534.867299999,-48749.177299999166,July,Regular Week,Actual
13,2011-08-05,2076231.8,0,75.56,3.595,129.1846452,6.877,2011,8,31,2031027.7947000007,45204.00529999938,August,Regular Week,Actual
13,2011-08-12,1970341.38,0,75.95,3.606,129.2015806,6.877,2011,8,32,1999514.740399998,-29173.360399998026,August,Regular Week,Actual
13,2011-08-19,2090340.98,0,76.68,3.578,129.2405806,6.877,2011,8,33,2045153.2675999969,45187.7124000031,August,Regular Week,Actual
13,2011-08-26,2035244.54,0,81.53,3.57,129.2832581,6.877,2011,8,34,1953676.8803999992,81567.65960000083,August,Regular Week,Actual
13,2011-09-02,1953628.82,0,77.0,3.58,129.3259355,6.877,2011,9,35,1950286.8986999975,3341.9213000026066,September,Regular Week,Actual
13,2011-09-09,1872921.31,1,70.19,3.619,129.3686129,6.877,2011,9,36,1901257.2826000012,-28335.972600001143,September,Holiday Week,Actual
13,2011-09-16,1923223.82,0,67.54,3.641,129.4306,6.877,2011,9,37,1901905.2969999975,21318.523000002606,September,Regular Week,Actual
13,2011-09-23,1847430.96,0,63.6,3.648,129.5183333,6.877,2011,9,38,1876898.8704999993,-29467.9104999993,September,Regular Week,Actual
13,2011-09-30,1835662.69,0,68.28,3.623,129.6060667,6.877,2011,9,39,1859594.4193999988,-23931.729399998905,September,Regular Week,Actual
13,2011-10-07,2067232.56,0,60.62,3.592,129.6938,6.392,2011,10,40,2033554.9403000008,33677.619699999224,October,Regular Week,Actual
13,2011-10-14,1929659.07,0,51.74,3.567,129.7706452,6.392,2011,10,41,1956392.0474999982,-26732.977499998175,October,Regular Week,Actual
13,2011-10-21,1973544.27,0,54.66,3.579,129.7821613,6.392,2011,10,42,1978181.0407000016,-4636.7707000016235,October,Regular Week,Actual
13,2011-10-28,1948733.81,0,47.41,3.567,129.7936774,6.392,2011,10,43,1958031.927000001,-9298.117000001017,October,Regular Week,Actual
13,2011-11-04,2036317.54,0,43.51,3.538,129.8051935,6.392,2011,11,44,2020110.356199999,16207.18380000093,November,Regular Week,Actual
13,2011-11-11,2111592.09,0,33.8,3.513,129.8167097,6.392,2011,11,45,2079515.426800002,32076.66319999774,November,Regular Week,Actual
13,2011-11-18,2016323.51,0,40.65,3.489,129.8268333,6.392,2011,11,46,2033758.9896999993,-17435.479699999327,November,Regular Week,Actual
13,2011-11-25,2864170.61,1,38.89,3.445,129.8364,6.392,2011,11,47,2790630.6675000046,73539.94249999523,November,Holiday Week,Actual
13,2011-12-02,2051315.66,0,33.94,3.389,129.8459667,6.392,2011,12,48,2129488.5094999983,-78172.84949999838,December,Regular Week,Actual
13,2011-12-09,2462779.06,0,24.82,3.341,129.8555333,6.392,2011,12,49,2483144.0391000016,-20364.97910000151,December,Regular Week,Actual
13,2011-12-16,2760346.71,0,27.85,3.282,129.8980645,6.392,2011,12,50,2707322.760600003,53023.949399997015,December,Regular Week,Actual
13,2011-12-23,3556766.03,0,24.76,3.186,129.9845484,6.392,2011,12,51,3491390.270099996,65375.75990000367,December,Regular Week,Actual
13,2011-12-30,1969056.91,1,31.53,3.119,130.0710323,6.392,2011,12,52,1959379.6547999985,9677.255200001411,December,Holiday Week,Actual
13,2012-01-06,1865752.78,0,33.8,3.08,130.1575161,6.104,2012,1,1,1848193.1274000006,17559.65259999945,January,Regular Week,Actual
13,2012-01-13,1794962.64,0,25.61,3.056,130.244,6.104,2012,1,2,1809202.2133000002,-14239.57330000028,January,Regular Week,Actual
13,2012-01-20,1811606.21,0,32.71,3.047,130.2792258,6.104,2012,1,3,1807986.5378999999,3619.6721000000834,January,Regular Week,Actual
13,2012-01-27,1733983.09,0,34.32,3.058,130.3144516,6.104,2012,1,4,1783051.755700001,-49068.66570000094,January,Regular Week,Actual
13,2012-02-03,1927780.74,0,31.39,3.077,130.3496774,6.104,2012,2,5,1951037.6713000007,-23256.931300000753,February,Regular Week,Actual
13,2012-02-10,2069284.57,1,33.73,3.116,130.3849032,6.104,2012,2,6,2068629.7537999966,654.8162000034936,February,Holiday Week,Actual
13,2012-02-17,2214477.06,0,36.57,3.119,130.4546207,6.104,2012,2,7,2135479.848000001,78997.2119999989,February,Regular Week,Actual
13,2012-02-24,1929768.03,0,35.38,3.145,130.5502069,6.104,2012,2,8,1978445.2896000007,-48677.25960000069,February,Regular Week,Actual
13,2012-03-02,1969742.76,0,32.36,3.242,130.6457931,6.104,2012,3,9,1968643.1994999992,1099.5605000008363,March,Regular Week,Actual
13,2012-03-09,1986445.65,0,38.24,3.38,130.7413793,6.104,2012,3,10,1988032.6710000006,-1587.0210000006482,March,Regular Week,Actual
13,2012-03-16,2025582.62,0,52.5,3.529,130.8261935,6.104,2012,3,11,1996212.1342000014,29370.485799998743,March,Regular Week,Actual
13,2012-03-23,1904421.74,0,47.83,3.671,130.8966452,6.104,2012,3,12,1960728.9207000008,-56307.18070000084,March,Regular Week,Actual
13,2012-03-30,1948982.7,0,53.2,3.734,130.9670968,6.104,2012,3,13,1956502.658599998,-7519.95859999815,March,Regular Week,Actual
13,2012-04-06,2271614.76,0,48.85,3.793,131.0375484,5.965,2012,4,14,2161611.1779999984,110003.58200000133,April,Regular Week,Actual
13,2012-04-13,2057637.86,0,51.7,3.833,131.108,5.965,2012,4,15,2057102.351900003,535.5080999971833,April,Regular Week,Actual
13,2012-04-20,1955689.12,0,50.24,3.845,131.1173333,5.965,2012,4,16,2023589.228300002,-67900.10830000183,April,Regular Week,Actual
13,2012-04-27,1970121.65,0,64.8,3.842,131.1266667,5.965,2012,4,17,1973442.9346000024,-3321.2846000024583,April,Regular Week,Actual
13,2012-05-04,1995994.51,0,54.41,3.831,131.136,5.965,2012,5,18,2009934.5595999984,-13940.049599998398,May,Regular Week,Actual
13,2012-05-11,2080764.17,0,56.47,3.809,131.1453333,5.965,2012,5,19,2056101.9533999974,24662.216600002488,May,Regular Week,Actual
13,2012-05-18,2131900.55,0,65.17,3.808,131.0983226,5.965,2012,5,20,2011042.5925999999,120857.95739999996,May,Regular Week,Actual
13,2012-05-25,2043349.41,0,62.39,3.801,131.0287742,5.965,2012,5,21,2040844.2324999983,2505.1775000016205,May,Regular Week,Actual
13,2012-06-01,2035431.39,0,61.11,3.788,130.9592258,5.965,2012,6,22,2039121.9422999965,-3690.552299996605,June,Regular Week,Actual
13,2012-06-08,2182437.9,0,68.4,3.776,130.8896774,5.965,2012,6,23,2112996.991400002,69440.90859999787,June,Regular Week,Actual
13,2012-06-15,2152229.11,0,65.97,3.756,130.8295333,5.965,2012,6,24,2039882.6545000004,112346.45549999946,June,Regular Week,Actual
13,2012-06-22,2094373.0,0,72.89,3.737,130.7929,5.965,2012,6,25,2082915.1006000007,11457.899399999296,June,Regular Week,Actual
13,2012-06-29,2037663.71,0,82.0,3.681,130.7562667,5.965,2012,6,26,2060729.3538,-23065.64379999996,June,Regular Week,Actual
13,2012-07-06,2184980.35,0,79.23,3.63,130.7196333,5.765,2012,7,27,2116872.083099997,68108.26690000296,July,Regular Week,Actual
13,2012-07-13,2002750.99,0,83.68,3.595,130.683,5.765,2012,7,28,2030688.3012000006,-27937.31120000058,July,Regular Week,Actual
13,2012-07-20,2053089.32,0,75.69,3.556,130.7012903,5.765,2012,7,29,2041600.8650999973,11488.454900002806,July,Regular Week,Actual
13,2012-07-27,1914430.53,0,80.42,3.537,130.7195806,5.765,2012,7,30,1982258.1245000002,-67827.59450000012,July,Regular Week,Actual
13,2012-08-03,2044148.23,0,81.99,3.512,130.737871,5.765,2012,8,31,2037477.888899998,6670.3411000019405,August,Regular Week,Actual
13,2012-08-10,2041019.92,0,81.69,3.509,130.7561613,5.765,2012,8,32,2036547.1512999975,4472.76870000246,August,Regular Week,Actual
13,2012-08-17,2095769.18,0,79.4,3.545,130.7909677,5.765,2012,8,33,2086123.398900003,9645.781099996995,August,Regular Week,Actual
13,2012-08-24,2059458.25,0,77.37,3.582,130.8381613,5.765,2012,8,34,2057362.8022000005,2095.4477999994997,August,Regular Week,Actual
13,2012-08-31,2073855.42,0,79.18,3.624,130.8853548,5.765,2012,8,35,2074598.639599998,-743.2195999980904,August,Regular Week,Actual
13,2012-09-07,2165796.31,1,70.65,3.689,130.9325484,5.765,2012,9,36,2124361.2470000014,41435.062999998685,September,Holiday Week,Actual
13,2012-09-14,1919917.03,0,68.55,3.749,130.9776667,5.765,2012,9,37,2000116.7093000007,-80199.67930000066,September,Regular Week,Actual
13,2012-09-21,1938379.66,0,67.96,3.821,131.0103333,5.765,2012,9,38,1961625.3129999987,-23245.65299999877,September,Regular Week,Actual
13,2012-09-28,1927664.11,0,64.8,3.821,131.043,5.765,2012,9,39,1950104.8713000016,-22440.761300001526,September,Regular Week,Actual
13,2012-10-05,2041918.74,0,61.79,3.815,131.0756667,5.621,2012,10,40,2033790.6498000005,8128.090199999511,October,Regular Week,Actual
13,2012-10-12,1999079.44,0,55.1,3.797,131.1083333,5.621,2012,10,41,2011615.3718999987,-12535.931899998803,October,Regular Week,Actual
13,2012-10-19,2018010.15,0,52.06,3.781,131.1499677,5.621,2012,10,42,2011214.1080000019,6796.041999998037,October,Regular Week,Actual
13,2012-10-26,2035189.66,0,46.97,3.755,131.1930968,5.621,2012,10,43,2017846.2892000014,17343.37079999852,October,Regular Week,Actual
14,2010-02-05,2623469.95,0,27.31,2.784,181.8711898,8.992,2010,2,5,2472914.9825999965,150554.9674000037,February,Regular Week,Actual
14,2010-02-12,1704218.84,1,27.73,2.773,181.982317,8.992,2010,2,6,2469937.370499997,-765718.5304999969,February,Holiday Week,Actual
14,2010-02-19,2204556.7,0,31.27,2.745,182.0347816,8.992,2010,2,7,2258621.946899997,-54065.246899996884,February,Regular Week,Actual
14,2010-02-26,2095591.63,0,34.89,2.754,182.0774691,8.992,2010,2,8,2238781.1299999976,-143189.49999999767,February,Regular Week,Actual
14,2010-03-05,2237544.75,0,37.13,2.777,182.1201566,8.992,2010,3,9,2214591.0151999993,22953.734800000675,March,Regular Week,Actual
14,2010-03-12,2156035.06,0,45.8,2.818,182.1628441,8.992,2010,3,10,2158537.3654000005,-2502.3054000004195,March,Regular Week,Actual
14,2010-03-19,2066219.3,0,48.79,2.844,182.0779857,8.992,2010,3,11,2110388.1742000016,-44168.87420000159,March,Regular Week,Actual
14,2010-03-26,2050396.27,0,54.36,2.854,181.9718697,8.992,2010,3,12,2096514.3770000013,-46118.10700000124,March,Regular Week,Actual
14,2010-04-02,2495630.51,0,47.74,2.85,181.8657537,8.899,2010,4,13,2125876.4541000007,369754.0558999991,April,Regular Week,Actual
14,2010-04-09,2258781.28,0,65.45,2.869,181.7596377,8.899,2010,4,14,2215780.8337,43000.44629999995,April,Regular Week,Actual
14,2010-04-16,2121788.61,0,54.28,2.899,181.6924769,8.899,2010,4,15,2119726.5392,2062.0707999998704,April,Regular Week,Actual
14,2010-04-23,2138144.91,0,53.47,2.902,181.6772564,8.899,2010,4,16,2123356.0651,14788.844900000375,April,Regular Week,Actual
14,2010-04-30,2082355.12,0,53.15,2.921,181.6620359,8.899,2010,4,17,2133307.7868999983,-50952.66689999821,April,Regular Week,Actual
14,2010-05-07,2370116.52,0,70.75,2.966,181.6468154,8.899,2010,5,18,2203190.898299998,166925.62170000188,May,Regular Week,Actual
14,2010-05-14,2129771.13,0,54.26,2.982,181.6612792,8.899,2010,5,19,2139009.8391999975,-9238.709199997596,May,Regular Week,Actual
14,2010-05-21,2108187.1,0,62.62,2.958,181.8538486,8.899,2010,5,20,2154117.8513999972,-45930.751399997156,May,Regular Week,Actual
14,2010-05-28,2227152.16,0,69.27,2.899,182.0464181,8.899,2010,5,21,2226067.4796999986,1084.6803000015207,May,Regular Week,Actual
14,2010-06-04,2363601.47,0,75.93,2.847,182.2389876,8.899,2010,6,22,2244559.7451999993,119041.7248000009,June,Regular Week,Actual
14,2010-06-11,2249570.04,0,69.71,2.809,182.4315571,8.899,2010,6,23,2242929.6039999984,6640.436000001617,June,Regular Week,Actual
14,2010-06-18,2248645.59,0,72.62,2.78,182.4424199,8.899,2010,6,24,2230036.2391000018,18609.3508999981,June,Regular Week,Actual
14,2010-06-25,2246179.91,0,79.32,2.808,182.3806,8.899,2010,6,25,2154342.054900001,91837.85509999935,June,Regular Week,Actual
14,2010-07-02,2334788.42,0,76.61,2.815,182.3187801,8.743,2010,7,26,2282721.0611999976,52067.358800002374,July,Regular Week,Actual
14,2010-07-09,2236209.13,0,82.45,2.793,182.2569603,8.743,2010,7,27,2132533.726400001,103675.40359999891,July,Regular Week,Actual
14,2010-07-16,2130287.27,0,77.84,2.783,182.2604411,8.743,2010,7,28,2168297.997800002,-38010.727800001856,July,Regular Week,Actual
14,2010-07-23,2044155.39,0,81.46,2.771,182.3509895,8.743,2010,7,29,2108643.8348000012,-64488.444800001336,July,Regular Week,Actual
14,2010-07-30,2054843.28,0,79.78,2.781,182.4415378,8.743,2010,7,30,2092255.839400001,-37412.559400001075,July,Regular Week,Actual
14,2010-08-06,2219813.5,0,77.17,2.784,182.5320862,8.743,2010,8,31,2186341.0839,33472.41610000003,August,Regular Week,Actual
14,2010-08-13,2052984.81,0,78.44,2.805,182.6226346,8.743,2010,8,32,2047726.7311000002,5258.078899999848,August,Regular Week,Actual
14,2010-08-20,2057138.31,0,76.01,2.779,182.6165205,8.743,2010,8,33,2066996.3328000011,-9858.022800001083,August,Regular Week,Actual
14,2010-08-27,2020332.07,0,71.36,2.755,182.6104063,8.743,2010,8,34,2109106.585500001,-88774.51550000091,August,Regular Week,Actual
14,2010-09-03,2182563.66,0,78.37,2.715,182.6042922,8.743,2010,9,35,2141890.036499998,40673.62350000208,September,Regular Week,Actual
14,2010-09-10,2191767.76,1,70.87,2.699,182.598178,8.743,2010,9,36,2183203.619199998,8564.140800001565,September,Holiday Week,Actual
14,2010-09-17,1953539.85,0,66.55,2.706,182.622509,8.743,2010,9,37,1970659.539299998,-17119.689299997874,September,Regular Week,Actual
14,2010-09-24,1879891.13,0,68.59,2.713,182.6696737,8.743,2010,9,38,1957096.7803999982,-77205.6503999983,September,Regular Week,Actual
14,2010-10-01,1855703.66,0,70.58,2.707,182.7168385,8.724,2010,10,39,2024953.9062999994,-169250.24629999953,October,Regular Week,Actual
14,2010-10-08,2091663.2,0,56.49,2.764,182.7640032,8.724,2010,10,40,1962586.8922999993,129076.3077000007,October,Regular Week,Actual
14,2010-10-15,1932162.63,0,58.61,2.868,182.8106203,8.724,2010,10,41,1948393.4772999992,-16230.847299999325,October,Regular Week,Actual
14,2010-10-22,1936621.09,0,53.15,2.917,182.8558685,8.724,2010,10,42,1961259.5514000019,-24638.461400001775,October,Regular Week,Actual
14,2010-10-29,1984768.34,0,61.3,2.921,182.9011166,8.724,2010,10,43,1972137.2520000017,12631.087999998359,October,Regular Week,Actual
14,2010-11-05,2078417.47,0,45.65,2.917,182.9463648,8.724,2010,11,44,2062606.0826000003,15811.387399999658,November,Regular Week,Actual
14,2010-11-12,2092189.06,0,46.14,2.931,182.9916129,8.724,2010,11,45,2074713.737700001,17475.322299998952,November,Regular Week,Actual
14,2010-11-19,1968462.58,0,50.02,3.0,182.8989385,8.724,2010,11,46,1992230.2504000026,-23767.670400002506,November,Regular Week,Actual
14,2010-11-26,2921709.71,1,46.15,3.039,182.7832769,8.724,2010,11,47,2804251.1059000003,117458.60409999965,November,Holiday Week,Actual
14,2010-12-03,2258489.63,0,40.93,3.046,182.6676154,8.724,2010,12,48,2310472.9828999974,-51983.352899997495,December,Regular Week,Actual
14,2010-12-10,2600519.26,0,30.54,3.109,182.5519538,8.724,2010,12,49,2579888.2743999977,20630.98560000211,December,Regular Week,Actual
14,2010-12-17,2762861.41,0,30.51,3.14,182.517732,8.724,2010,12,50,2722032.107799998,40829.30220000213,December,Regular Week,Actual
14,2010-12-24,3818686.45,0,30.59,3.141,182.54459,8.724,2010,12,51,3367869.0723999995,450817.3776000007,December,Regular Week,Actual
14,2010-12-31,1623716.46,1,29.67,3.179,182.5714479,8.724,2010,12,52,1764923.2416999992,-141206.78169999924,December,Holiday Week,Actual
14,2011-01-07,1864746.1,0,34.32,3.193,182.5983058,8.549,2011,1,1,1926145.615799998,-61399.51579999784,January,Regular Week,Actual
14,2011-01-14,1699095.9,0,24.78,3.205,182.6585782,8.549,2011,1,2,1746277.5175000015,-47181.617500001565,January,Regular Week,Actual
14,2011-01-21,1743188.87,0,30.55,3.229,182.9193368,8.549,2011,1,3,1744839.2257000015,-1650.3557000013534,January,Regular Week,Actual
14,2011-01-28,1613718.38,0,24.05,3.237,183.1800955,8.549,2011,1,4,1705820.1725999997,-92101.79259999981,January,Regular Week,Actual
14,2011-02-04,1995891.87,0,28.73,3.231,183.4408542,8.549,2011,2,5,1964084.6922000016,31807.17779999855,February,Regular Week,Actual
14,2011-02-11,1980405.03,1,30.3,3.239,183.7016129,8.549,2011,2,6,2000096.405800001,-19691.37580000097,February,Holiday Week,Actual
14,2011-02-18,2019031.67,0,40.7,3.245,183.9371353,8.549,2011,2,7,2000384.3036999973,18647.36630000267,February,Regular Week,Actual
14,2011-02-25,1875708.88,0,35.78,3.274,184.1625632,8.549,2011,2,8,1938563.884599998,-62855.00459999801,February,Regular Week,Actual
14,2011-03-04,2041215.61,0,38.65,3.433,184.3879911,8.549,2011,3,9,2018100.5609000025,23115.049099997617,March,Regular Week,Actual
14,2011-03-11,1931104.67,0,45.01,3.582,184.613419,8.549,2011,3,10,1991894.6996000002,-60790.02960000024,March,Regular Week,Actual
14,2011-03-18,1932491.42,0,46.66,3.631,184.809719,8.549,2011,3,11,1944834.813699997,-12343.393699997105,March,Regular Week,Actual
14,2011-03-25,1879451.23,0,41.76,3.625,184.9943679,8.549,2011,3,12,1938201.0283999995,-58749.798399999505,March,Regular Week,Actual
14,2011-04-01,1869110.55,0,37.27,3.638,185.1790167,8.521,2011,4,13,2021536.2726999987,-152425.72269999865,April,Regular Week,Actual
14,2011-04-08,2037798.88,0,48.71,3.72,185.3636656,8.521,2011,4,14,2053589.5566999968,-15790.676699996926,April,Regular Week,Actual
14,2011-04-15,1974960.86,0,53.69,3.821,185.5339821,8.521,2011,4,15,2095416.1799999976,-120455.3199999975,April,Regular Week,Actual
14,2011-04-22,2256461.39,0,53.04,3.892,185.6684673,8.521,2011,4,16,2164495.963899997,91965.42610000307,April,Regular Week,Actual
14,2011-04-29,1930617.64,0,66.18,3.962,185.8029526,8.521,2011,4,17,1994721.1115999979,-64103.47159999795,April,Regular Week,Actual
14,2011-05-06,2095599.93,0,58.21,4.046,185.9374378,8.521,2011,5,18,2064890.1955000036,30709.734499996295,May,Regular Week,Actual
14,2011-05-13,2004330.3,0,60.38,4.066,186.0719231,8.521,2011,5,19,2002325.914900002,2004.3850999979768,May,Regular Week,Actual
14,2011-05-20,1959967.8,0,62.28,4.062,185.9661154,8.521,2011,5,20,1991702.565400002,-31734.765400002012,May,Regular Week,Actual
14,2011-05-27,2080694.24,0,69.7,3.985,185.8603077,8.521,2011,5,21,2060679.4377000025,20014.802299997536,May,Regular Week,Actual
14,2011-06-03,2079899.47,0,76.38,3.922,185.7545,8.521,2011,6,22,2082041.2775999992,-2141.8075999992434,June,Regular Week,Actual
14,2011-06-10,2132446.0,0,73.88,3.881,185.6486923,8.521,2011,6,23,2113579.3135999995,18866.68640000047,June,Regular Week,Actual
14,2011-06-17,2082083.34,0,69.32,3.842,185.6719333,8.521,2011,6,24,2065932.2553000022,16151.084699997911,June,Regular Week,Actual
14,2011-06-24,2069523.52,0,74.85,3.804,185.7919609,8.521,2011,6,25,2065402.2042000017,4121.315799998352,June,Regular Week,Actual
14,2011-07-01,2074668.19,0,74.04,3.748,185.9119885,8.625,2011,7,26,2050046.1352999983,24622.05470000161,July,Regular Week,Actual
14,2011-07-08,2063401.06,0,77.49,3.711,186.032016,8.625,2011,7,27,2047197.6996000009,16203.36039999919,July,Regular Week,Actual
14,2011-07-15,1953544.76,0,78.47,3.76,186.1399808,8.625,2011,7,28,1965897.0803999987,-12352.320399998687,July,Regular Week,Actual
14,2011-07-22,1882070.88,0,82.33,3.811,186.2177885,8.625,2011,7,29,1897888.8260999974,-15817.946099997498,July,Regular Week,Actual
14,2011-07-29,1871021.01,0,81.31,3.829,186.2955962,8.625,2011,7,30,1901563.610099999,-30542.600099998992,July,Regular Week,Actual
14,2011-08-05,2066020.69,0,78.22,3.842,186.3734038,8.625,2011,8,31,2018500.2741999987,47520.41580000124,August,Regular Week,Actual
14,2011-08-12,1928773.82,0,77.0,3.812,186.4512115,8.625,2011,8,32,1949396.1086999977,-20622.28869999759,August,Regular Week,Actual
14,2011-08-19,1896873.99,0,72.98,3.747,186.5093071,8.625,2011,8,33,1960494.3922000013,-63620.40220000129,August,Regular Week,Actual
14,2011-08-26,2273470.62,0,72.55,3.704,186.5641172,8.625,2011,8,34,2158266.293800002,115204.32619999815,August,Regular Week,Actual
14,2011-09-02,1750891.47,0,70.63,3.703,186.6189274,8.625,2011,9,35,2129882.8204000015,-378991.3504000015,September,Regular Week,Actual
14,2011-09-09,2202742.9,1,71.48,3.738,186.6737376,8.625,2011,9,36,2165487.8617000016,37255.03829999827,September,Holiday Week,Actual
14,2011-09-16,1864637.89,0,69.17,3.742,186.8024,8.625,2011,9,37,1942727.1367999974,-78089.24679999752,September,Regular Week,Actual
14,2011-09-23,1871555.64,0,63.75,3.711,187.0295321,8.625,2011,9,38,1924791.9935999971,-53236.35359999724,September,Regular Week,Actual
14,2011-09-30,1809989.29,0,70.66,3.645,187.2566641,8.625,2011,9,39,2073568.2986999995,-263579.0086999994,September,Regular Week,Actual
14,2011-10-07,2078796.76,0,55.82,3.583,187.4837962,8.523,2011,10,40,2040800.1631999994,37996.59680000064,October,Regular Week,Actual
14,2011-10-14,1890870.75,0,63.82,3.541,187.6917481,8.523,2011,10,41,1933841.8222000003,-42971.072200000286,October,Regular Week,Actual
14,2011-10-21,2009004.59,0,59.6,3.57,187.7846197,8.523,2011,10,42,2021074.632600002,-12070.042600001907,October,Regular Week,Actual
14,2011-10-28,2056846.12,0,51.78,3.569,187.8774913,8.523,2011,10,43,2056210.0746000023,636.045399997849,October,Regular Week,Actual
14,2011-11-04,2174056.71,0,43.92,3.551,187.9703629,8.523,2011,11,44,2137030.5379000013,37026.17209999869,November,Regular Week,Actual
14,2011-11-11,2081534.65,0,47.65,3.53,188.0632345,8.523,2011,11,45,2075322.3464,6212.303599999985,November,Regular Week,Actual
14,2011-11-18,1969360.72,0,51.34,3.53,188.1983654,8.523,2011,11,46,2032334.6863000002,-62973.966300000204,November,Regular Week,Actual
14,2011-11-25,2685351.81,1,48.71,3.492,188.3504,8.523,2011,11,47,2708682.7571000014,-23330.947100001387,November,Holiday Week,Actual
14,2011-12-02,2143080.57,0,50.19,3.452,188.5024346,8.523,2011,12,48,2321361.488299999,-178280.9182999991,December,Regular Week,Actual
14,2011-12-09,2470581.29,0,46.57,3.415,188.6544692,8.523,2011,12,49,2513191.436699998,-42610.14669999806,December,Regular Week,Actual
14,2011-12-16,2594363.09,0,39.93,3.413,188.7979349,8.523,2011,12,50,2601291.9473000015,-6928.857300001662,December,Regular Week,Actual
14,2011-12-23,3369068.99,0,42.27,3.389,188.9299752,8.523,2011,12,51,3389838.2868000017,-20769.296800001524,December,Regular Week,Actual
14,2011-12-30,1914148.89,1,37.79,3.389,189.0620155,8.523,2011,12,52,1978098.749499998,-63949.85949999816,December,Holiday Week,Actual
14,2012-01-06,1859144.96,0,35.88,3.422,189.1940558,8.424,2012,1,1,1815181.5613000006,43963.39869999932,January,Regular Week,Actual
14,2012-01-13,1696248.27,0,41.18,3.513,189.3260962,8.424,2012,1,2,1642458.1256000006,53790.14439999941,January,Regular Week,Actual
14,2012-01-20,1789113.32,0,31.85,3.533,189.4214733,8.424,2012,1,3,1510307.7973,278805.5227000001,January,Regular Week,Actual
14,2012-01-27,1595362.27,0,37.93,3.567,189.5168505,8.424,2012,1,4,1517661.2305999997,77701.03940000036,January,Regular Week,Actual
14,2012-02-03,1877410.36,0,42.96,3.617,189.6122277,8.424,2012,2,5,1594750.1116999998,282660.2483000003,February,Regular Week,Actual
14,2012-02-10,2077256.24,1,37.0,3.64,189.7076048,8.424,2012,2,6,1691173.1513000003,386083.08869999973,February,Holiday Week,Actual
14,2012-02-17,2020550.99,0,36.85,3.695,189.8424834,8.424,2012,2,7,1754048.4152000004,266502.5747999996,February,Regular Week,Actual
14,2012-02-24,1875040.16,0,42.86,3.739,190.0069881,8.424,2012,2,8,1741101.102500001,133939.05749999895,February,Regular Week,Actual
14,2012-03-02,1926004.99,0,41.55,3.816,190.1714927,8.424,2012,3,9,1886785.1955000013,39219.79449999868,March,Regular Week,Actual
14,2012-03-09,2020839.31,0,45.52,3.848,190.3359973,8.424,2012,3,10,1958467.2016000014,62372.10839999863,March,Regular Week,Actual
14,2012-03-16,1941040.5,0,50.56,3.862,190.4618964,8.424,2012,3,11,1926592.129600001,14448.370399998967,March,Regular Week,Actual
14,2012-03-23,1893447.71,0,59.45,3.9,190.5363213,8.424,2012,3,12,1923650.3721000007,-30202.662100000773,March,Regular Week,Actual
14,2012-03-30,1905033.01,0,50.04,3.953,190.6107463,8.424,2012,3,13,1983734.8651999987,-78701.85519999871,March,Regular Week,Actual
14,2012-04-06,2376022.26,0,49.73,3.996,190.6851712,8.567,2012,4,14,2197215.1356999977,178807.12430000212,April,Regular Week,Actual
14,2012-04-13,1912909.69,0,51.83,4.044,190.7595962,8.567,2012,4,15,1934937.439499998,-22027.749499998055,April,Regular Week,Actual
14,2012-04-20,1875686.44,0,63.13,4.027,190.8138013,8.567,2012,4,16,1887375.201699998,-11688.761699998053,April,Regular Week,Actual
14,2012-04-27,1784029.95,0,53.2,4.004,190.8680064,8.567,2012,4,17,1850142.8130999983,-66112.86309999833,April,Regular Week,Actual
14,2012-05-04,1949354.29,0,55.21,3.951,190.9222115,8.567,2012,5,18,1927046.3847999992,22307.905200000852,May,Regular Week,Actual
14,2012-05-11,1987531.05,0,61.24,3.889,190.9764167,8.567,2012,5,19,1933419.3848000017,54111.6651999983,May,Regular Week,Actual
14,2012-05-18,1932233.17,0,66.3,3.848,190.9964479,8.567,2012,5,20,1943197.352600002,-10964.182600002037,May,Regular Week,Actual
14,2012-05-25,2030869.61,0,67.21,3.798,191.0028096,8.567,2012,5,21,1962148.8775000027,68720.73249999736,May,Regular Week,Actual
14,2012-06-01,2049485.49,0,74.48,3.742,191.0091712,8.567,2012,6,22,1963374.7867000017,86110.7032999983,June,Regular Week,Actual
14,2012-06-08,2099615.88,0,64.3,3.689,191.0155329,8.567,2012,6,23,1932902.8135999993,166713.0664000006,June,Regular Week,Actual
14,2012-06-15,1905733.68,0,71.93,3.62,191.0299731,8.567,2012,6,24,1843899.932700002,61833.747299997834,June,Regular Week,Actual
14,2012-06-22,1660228.88,0,74.22,3.564,191.0646096,8.567,2012,6,25,1741919.1588999992,-81690.27889999934,June,Regular Week,Actual
14,2012-06-29,1591835.02,0,75.22,3.506,191.0992462,8.567,2012,6,26,1671074.1492,-79239.12920000008,June,Regular Week,Actual
14,2012-07-06,1862128.95,0,82.99,3.475,191.1338827,8.684,2012,7,27,1746431.9528999988,115696.9971000012,July,Regular Week,Actual
14,2012-07-13,1544422.35,0,79.97,3.523,191.1685192,8.684,2012,7,28,1542225.433599997,2196.916400003014,July,Regular Week,Actual
14,2012-07-20,1553250.16,0,78.89,3.567,191.1670428,8.684,2012,7,29,1547291.6908999977,5958.469100002199,July,Regular Week,Actual
14,2012-07-27,1479514.66,0,77.2,3.647,191.1655664,8.684,2012,7,30,1533584.1581999979,-54069.498199997935,July,Regular Week,Actual
14,2012-08-03,1656886.46,0,76.58,3.654,191.16409,8.684,2012,8,31,1630558.0369999993,26328.42300000065,August,Regular Week,Actual
14,2012-08-10,1648570.03,0,78.65,3.722,191.1626135,8.684,2012,8,32,1594300.4627999996,54269.5672000004,August,Regular Week,Actual
14,2012-08-17,1660433.3,0,75.71,3.807,191.2284919,8.684,2012,8,33,1647786.7358000004,12646.564199999673,August,Regular Week,Actual
14,2012-08-24,1621841.33,0,72.62,3.834,191.3448865,8.684,2012,8,34,1662700.9611000002,-40859.631100000115,August,Regular Week,Actual
14,2012-08-31,1613342.19,0,75.09,3.867,191.461281,8.684,2012,8,35,1640659.4479999992,-27317.257999999216,August,Regular Week,Actual
14,2012-09-07,1904512.34,1,75.7,3.911,191.5776756,8.684,2012,9,36,1776395.653400001,128116.68659999897,September,Holiday Week,Actual
14,2012-09-14,1554794.22,0,67.87,3.948,191.69985,8.684,2012,9,37,1585092.7141999993,-30298.494199999375,September,Regular Week,Actual
14,2012-09-21,1565352.46,0,65.32,4.038,191.8567038,8.684,2012,9,38,1570894.4463999995,-5541.986399999587,September,Regular Week,Actual
14,2012-09-28,1522512.2,0,64.88,3.997,192.0135577,8.684,2012,9,39,1561769.0446999997,-39256.84469999978,September,Regular Week,Actual
14,2012-10-05,1687592.16,0,64.89,3.985,192.1704115,8.667,2012,10,40,1651676.3418999978,35915.81810000213,October,Regular Week,Actual
14,2012-10-12,1639585.61,0,54.47,4.0,192.3272654,8.667,2012,10,41,1633549.4679000003,6036.142099999823,October,Regular Week,Actual
14,2012-10-19,1590274.72,0,56.47,3.969,192.3308542,8.667,2012,10,42,1620825.7737999994,-30551.053799999412,October,Regular Week,Actual
14,2012-10-26,1704357.62,0,58.85,3.882,192.3088989,8.667,2012,10,43,1616889.3120000013,87468.3079999988,October,Regular Week,Actual
15,2010-02-05,652122.44,0,19.83,2.954,131.5279032,8.35,2010,2,5,636969.8345999996,15152.60540000035,February,Regular Week,Actual
15,2010-02-12,682447.1,1,22.0,2.94,131.5866129,8.35,2010,2,6,657995.8198000005,24451.280199999455,February,Holiday Week,Actual
15,2010-02-19,660838.75,0,27.54,2.909,131.637,8.35,2010,2,7,598277.5290000007,62561.22099999932,February,Regular Week,Actual
15,2010-02-26,564883.2,0,29.87,2.91,131.686,8.35,2010,2,8,583817.5557000007,-18934.35570000077,February,Regular Week,Actual
15,2010-03-05,605325.43,0,31.79,2.919,131.735,8.35,2010,3,9,596912.7346000002,8412.695399999851,March,Regular Week,Actual
15,2010-03-12,604173.59,0,41.39,2.938,131.784,8.35,2010,3,10,622988.9181000009,-18815.328100000974,March,Regular Week,Actual
15,2010-03-19,593710.67,0,44.69,2.96,131.8242903,8.35,2010,3,11,621420.4826000012,-27709.81260000111,March,Regular Week,Actual
15,2010-03-26,592111.49,0,39.53,2.963,131.863129,8.35,2010,3,12,606441.5873000007,-14330.097300000722,March,Regular Week,Actual
15,2010-04-02,718470.71,0,45.27,2.957,131.9019677,8.185,2010,4,13,680370.9369000006,38099.77309999941,April,Regular Week,Actual
15,2010-04-09,634605.77,0,57.77,2.992,131.9408065,8.185,2010,4,14,643824.9427000008,-9219.17270000081,April,Regular Week,Actual
15,2010-04-16,641208.65,0,49.63,3.01,131.9809,8.185,2010,4,15,638557.5482999996,2651.101700000465,April,Regular Week,Actual
15,2010-04-23,643097.6,0,46.54,3.021,132.0226667,8.185,2010,4,16,634144.3475000007,8953.252499999246,April,Regular Week,Actual
15,2010-04-30,570791.11,0,49.09,3.042,132.0644333,8.185,2010,4,17,590749.5144999999,-19958.404499999946,April,Regular Week,Actual
15,2010-05-07,661348.88,0,63.16,3.095,132.1062,8.185,2010,5,18,644545.1778000008,16803.702199999243,May,Regular Week,Actual
15,2010-05-14,594385.2,0,47.13,3.112,132.152129,8.185,2010,5,19,600194.3345000008,-5809.134500000859,May,Regular Week,Actual
15,2010-05-21,616598.1,0,59.09,3.096,132.2230323,8.185,2010,5,20,614335.1429000009,2262.9570999990683,May,Regular Week,Actual
15,2010-05-28,744772.88,0,70.61,3.046,132.2939355,8.185,2010,5,21,721103.5637000008,23669.31629999925,May,Regular Week,Actual
15,2010-06-04,693192.5,0,69.99,3.006,132.3648387,8.185,2010,6,22,693245.0558,-52.555799999972805,June,Regular Week,Actual
15,2010-06-11,619337.29,0,61.04,2.972,132.4357419,8.185,2010,6,23,618961.1424999997,376.147500000312,June,Regular Week,Actual
15,2010-06-18,652329.53,0,65.83,2.942,132.4733333,8.185,2010,6,24,665812.3999000004,-13482.869900000398,June,Regular Week,Actual
15,2010-06-25,672194.03,0,72.79,2.958,132.4976,8.185,2010,6,25,693919.2465999998,-21725.21659999981,June,Regular Week,Actual
15,2010-07-02,709337.11,0,66.13,2.958,132.5218667,8.099,2010,7,26,693808.4699999999,15528.64000000013,July,Regular Week,Actual
15,2010-07-09,691497.62,0,77.33,2.94,132.5461333,8.099,2010,7,27,683556.3317999992,7941.288200000767,July,Regular Week,Actual
15,2010-07-16,633203.69,0,72.83,2.933,132.5667742,8.099,2010,7,28,635691.2720999994,-2487.5820999994176,July,Regular Week,Actual
15,2010-07-23,598553.43,0,73.2,2.924,132.5825806,8.099,2010,7,29,611163.1795999997,-12609.749599999632,July,Regular Week,Actual
15,2010-07-30,619224.06,0,72.04,2.932,132.5983871,8.099,2010,7,30,621753.6674000005,-2529.6074000004446,July,Regular Week,Actual
15,2010-08-06,639651.24,0,72.7,2.942,132.6141935,8.099,2010,8,31,634881.9918000002,4769.248199999798,August,Regular Week,Actual
15,2010-08-13,622437.08,0,72.17,2.923,132.63,8.099,2010,8,32,629840.7897000002,-7403.7097000002395,August,Regular Week,Actual
15,2010-08-20,637090.44,0,71.1,2.913,132.6616129,8.099,2010,8,33,631750.4287999995,5340.011200000416,August,Regular Week,Actual
15,2010-08-27,649791.15,0,65.07,2.885,132.6932258,8.099,2010,8,34,616589.6482,33201.50179999997,August,Regular Week,Actual
15,2010-09-03,638647.21,0,73.17,2.86,132.7248387,8.099,2010,9,35,629836.2698000004,8810.940199999604,September,Regular Week,Actual
15,2010-09-10,641965.2,1,62.36,2.837,132.7564516,8.099,2010,9,36,614225.8548000007,27739.345199999283,September,Holiday Week,Actual
15,2010-09-17,583210.87,0,57.94,2.846,132.7670667,8.099,2010,9,37,582078.5798000001,1132.2901999999303,September,Regular Week,Actual
15,2010-09-24,548542.47,0,62.53,2.837,132.7619333,8.099,2010,9,38,570095.4154999995,-21552.945499999565,September,Regular Week,Actual
15,2010-10-01,566945.95,0,59.69,2.84,132.7568,8.067,2010,10,39,577761.9794000004,-10816.029400000465,October,Regular Week,Actual
15,2010-10-08,591603.79,0,52.19,2.903,132.7516667,8.067,2010,10,40,607912.6595999999,-16308.86959999986,October,Regular Week,Actual
15,2010-10-15,577011.26,0,49.96,2.999,132.7633548,8.067,2010,10,41,584402.4415999997,-7391.181599999662,October,Regular Week,Actual
15,2010-10-22,600395.73,0,47.1,3.049,132.8170968,8.067,2010,10,42,598445.2884999993,1950.4415000006557,October,Regular Week,Actual
15,2010-10-29,598301.5,0,55.09,3.055,132.8708387,8.067,2010,10,43,598441.0191,-139.5191000000341,October,Regular Week,Actual
15,2010-11-05,612987.64,0,40.29,3.049,132.9245806,8.067,2010,11,44,612698.3688000005,289.27119999949355,November,Regular Week,Actual
15,2010-11-12,619639.74,0,39.63,3.065,132.9783226,8.067,2010,11,45,611555.5235000006,8084.216499999398,November,Regular Week,Actual
15,2010-11-19,608200.81,0,44.1,3.138,132.9172,8.067,2010,11,46,713357.6608000009,-105156.85080000083,November,Regular Week,Actual
15,2010-11-26,1120018.92,1,40.71,3.186,132.8369333,8.067,2010,11,47,1003323.844400001,116695.07559999893,November,Holiday Week,Actual
15,2010-12-03,754134.95,0,36.0,3.2,132.7566667,8.067,2010,12,48,843720.8409000009,-89585.89090000093,December,Regular Week,Actual
15,2010-12-10,847294.04,0,23.97,3.255,132.6764,8.067,2010,12,49,926674.946300001,-79380.90630000096,December,Regular Week,Actual
15,2010-12-17,983825.15,0,25.3,3.301,132.6804516,8.067,2010,12,50,998830.0135000009,-15004.863500000909,December,Regular Week,Actual
15,2010-12-24,1368318.17,0,25.07,3.309,132.7477419,8.067,2010,12,51,1264579.5176000015,103738.65239999839,December,Regular Week,Actual
15,2010-12-31,543754.17,1,26.54,3.336,132.8150323,8.067,2010,12,52,717139.6471000012,-173385.47710000118,December,Holiday Week,Actual
15,2011-01-07,509640.77,0,30.53,3.351,132.8823226,7.771,2011,1,1,512090.8543000006,-2450.08430000057,January,Regular Week,Actual
15,2011-01-14,479424.2,0,19.53,3.367,132.9510645,7.771,2011,1,2,492198.2451000005,-12774.045100000512,January,Regular Week,Actual
15,2011-01-21,487311.03,0,21.84,3.391,133.0285161,7.771,2011,1,3,491537.0258000007,-4225.995800000674,January,Regular Week,Actual
15,2011-01-28,481119.6,0,19.61,3.402,133.1059677,7.771,2011,1,4,492200.0977000006,-11080.497700000647,January,Regular Week,Actual
15,2011-02-04,556550.85,0,20.69,3.4,133.1834194,7.771,2011,2,5,559938.9823000007,-3388.132300000754,February,Regular Week,Actual
15,2011-02-11,582864.35,1,21.64,3.416,133.260871,7.771,2011,2,6,582183.0918000009,681.2581999991089,February,Holiday Week,Actual
15,2011-02-18,649993.5,0,33.06,3.42,133.3701429,7.771,2011,2,7,623192.5181000003,26800.981899999664,February,Regular Week,Actual
15,2011-02-25,547564.09,0,20.87,3.452,133.4921429,7.771,2011,2,8,562026.734500001,-14462.644500000984,February,Regular Week,Actual
15,2011-03-04,573374.49,0,28.16,3.605,133.6141429,7.771,2011,3,9,566820.9903000005,6553.499699999462,March,Regular Week,Actual
15,2011-03-11,537035.28,0,34.27,3.752,133.7361429,7.771,2011,3,10,551276.6071000007,-14241.327100000693,March,Regular Week,Actual
15,2011-03-18,551553.99,0,40.23,3.796,133.8492258,7.771,2011,3,11,558400.7485000003,-6846.7585000003455,March,Regular Week,Actual
15,2011-03-25,527389.28,0,32.63,3.789,133.9587419,7.771,2011,3,12,543364.2193000005,-15974.939300000435,March,Regular Week,Actual
15,2011-04-01,542556.05,0,30.34,3.811,134.0682581,7.658,2011,4,13,566977.3194999995,-24421.26949999947,April,Regular Week,Actual
15,2011-04-08,587370.81,0,40.94,3.895,134.1777742,7.658,2011,4,14,608908.9697999996,-21538.159799999557,April,Regular Week,Actual
15,2011-04-15,607691.36,0,48.63,3.981,134.2784667,7.658,2011,4,15,611443.4785999998,-3752.1185999998124,April,Regular Week,Actual
15,2011-04-22,655318.26,0,41.37,4.061,134.3571,7.658,2011,4,16,635399.5390999996,19918.720900000422,April,Regular Week,Actual
15,2011-04-29,560764.41,0,55.46,4.117,134.4357333,7.658,2011,4,17,586317.5295999993,-25553.119599999278,April,Regular Week,Actual
15,2011-05-06,630522.67,0,49.87,4.192,134.5143667,7.658,2011,5,18,615643.4278000005,14879.242199999513,May,Regular Week,Actual
15,2011-05-13,630482.91,0,57.07,4.211,134.593,7.658,2011,5,19,620235.6093999989,10247.300600001123,May,Regular Week,Actual
15,2011-05-20,593941.9,0,57.19,4.202,134.6803871,7.658,2011,5,20,602562.6372999989,-8620.737299998873,May,Regular Week,Actual
15,2011-05-27,636193.24,0,65.87,4.134,134.7677742,7.658,2011,5,21,641121.9779000004,-4928.737900000415,May,Regular Week,Actual
15,2011-06-03,695396.19,0,69.8,4.069,134.8551613,7.658,2011,6,22,673286.8507999995,22109.339200000395,June,Regular Week,Actual
15,2011-06-10,642679.81,0,69.86,4.025,134.9425484,7.658,2011,6,23,653960.7445000005,-11280.93450000044,June,Regular Week,Actual
15,2011-06-17,639928.85,0,63.9,3.989,135.0837333,7.658,2011,6,24,625736.5776000004,14192.27239999955,June,Regular Week,Actual
15,2011-06-24,656594.95,0,69.96,3.964,135.2652667,7.658,2011,6,25,653942.9684000008,2651.981599999126,June,Regular Week,Actual
15,2011-07-01,674669.16,0,67.43,3.916,135.4468,7.806,2011,7,26,659166.9342999989,15502.225700001116,July,Regular Week,Actual
15,2011-07-08,635118.48,0,73.47,3.886,135.6283333,7.806,2011,7,27,643196.3569999989,-8077.876999998931,July,Regular Week,Actual
15,2011-07-15,624114.56,0,73.34,3.915,135.7837419,7.806,2011,7,28,609131.6454999995,14982.914500000537,July,Regular Week,Actual
15,2011-07-22,607475.44,0,79.97,3.972,135.8738387,7.806,2011,7,29,599640.5437999999,7834.896200000076,July,Regular Week,Actual
15,2011-07-29,577511.02,0,74.67,4.004,135.9639355,7.806,2011,7,30,587910.2322000007,-10399.21220000065,July,Regular Week,Actual
15,2011-08-05,607961.21,0,73.63,4.02,136.0540323,7.806,2011,8,31,597890.0843000007,10071.125699999277,August,Regular Week,Actual
15,2011-08-12,590836.37,0,70.63,3.995,136.144129,7.806,2011,8,32,592968.9098999994,-2132.539899999392,August,Regular Week,Actual
15,2011-08-19,599488.98,0,70.41,3.942,136.183129,7.806,2011,8,33,598070.6120999992,1418.3679000007687,August,Regular Week,Actual
15,2011-08-26,605413.17,0,69.19,3.906,136.2136129,7.806,2011,8,34,605698.0024000006,-284.83240000053775,August,Regular Week,Actual
15,2011-09-02,649159.68,0,67.63,3.879,136.2440968,7.806,2011,9,35,630424.5643000001,18735.115699999966,September,Regular Week,Actual
15,2011-09-09,607593.51,1,67.59,3.93,136.2745806,7.806,2011,9,36,613828.5631999997,-6235.053199999733,September,Holiday Week,Actual
15,2011-09-16,545052.34,0,62.1,3.937,136.3145,7.806,2011,9,37,556794.4493000011,-11742.109300001175,September,Regular Week,Actual
15,2011-09-23,545570.86,0,59.0,3.899,136.367,7.806,2011,9,38,570608.1298000005,-25037.269800000475,September,Regular Week,Actual
15,2011-09-30,521297.31,0,64.87,3.858,136.4195,7.806,2011,9,39,562998.4852000003,-41701.17520000035,September,Regular Week,Actual
15,2011-10-07,579068.88,0,51.24,3.775,136.472,7.866,2011,10,40,580327.6551000006,-1258.775100000552,October,Regular Week,Actual
15,2011-10-14,537300.94,0,61.3,3.744,136.5150968,7.866,2011,10,41,552083.3162999998,-14782.376299999887,October,Regular Week,Actual
15,2011-10-21,603318.89,0,51.67,3.757,136.5017742,7.866,2011,10,42,593307.3660000003,10011.523999999743,October,Regular Week,Actual
15,2011-10-28,589842.69,0,45.54,3.757,136.4884516,7.866,2011,10,43,591664.8962999999,-1822.2062999999616,October,Regular Week,Actual
15,2011-11-04,615121.78,0,43.39,3.738,136.475129,7.866,2011,11,44,605885.7246000004,9236.055399999605,November,Regular Week,Actual
15,2011-11-11,618949.82,0,47.13,3.719,136.4618065,7.866,2011,11,45,602566.3525000005,16383.467499999446,November,Regular Week,Actual
15,2011-11-18,597856.51,0,46.53,3.717,136.4666667,7.866,2011,11,46,699699.8418000004,-101843.3318000004,November,Regular Week,Actual
15,2011-11-25,1066478.1,1,41.1,3.689,136.4788,7.866,2011,11,47,957504.5075999994,108973.59240000066,November,Holiday Week,Actual
15,2011-12-02,699028.66,0,45.67,3.666,136.4909333,7.866,2011,12,48,756345.2133999985,-57316.55339999846,December,Regular Week,Actual
15,2011-12-09,764565.55,0,38.53,3.627,136.5030667,7.866,2011,12,49,785357.2720999988,-20791.722099998733,December,Regular Week,Actual
15,2011-12-16,870415.49,0,35.49,3.611,136.5335161,7.866,2011,12,50,855133.5058999989,15281.98410000105,December,Regular Week,Actual
15,2011-12-23,1182691.87,0,34.93,3.587,136.5883871,7.866,2011,12,51,1084083.5681000003,98608.30189999985,December,Regular Week,Actual
15,2011-12-30,603460.79,1,31.44,3.566,136.6432581,7.866,2011,12,52,681944.6858999997,-78483.89589999965,December,Holiday Week,Actual
15,2012-01-06,516087.65,0,30.24,3.585,136.698129,7.943,2012,1,1,510254.4641999996,5833.185800000443,January,Regular Week,Actual
15,2012-01-13,454183.42,0,36.26,3.666,136.753,7.943,2012,1,2,497606.58100000024,-43423.161000000255,January,Regular Week,Actual
15,2012-01-20,492721.85,0,21.39,3.705,136.8564194,7.943,2012,1,3,490362.80580000073,2359.044199999247,January,Regular Week,Actual
15,2012-01-27,466045.63,0,30.87,3.737,136.9598387,7.943,2012,1,4,478382.21370000055,-12336.583700000541,January,Regular Week,Actual
15,2012-02-03,523831.64,0,35.3,3.796,137.0632581,7.943,2012,2,5,541490.4094000004,-17658.76940000034,February,Regular Week,Actual
15,2012-02-10,628218.22,1,31.91,3.826,137.1666774,7.943,2012,2,6,561721.2735000001,66496.94649999985,February,Holiday Week,Actual
15,2012-02-17,598502.83,0,30.26,3.874,137.2583103,7.943,2012,2,7,581709.3950999994,16793.434900000575,February,Regular Week,Actual
15,2012-02-24,561137.06,0,33.18,3.917,137.3411034,7.943,2012,2,8,556764.3860000005,4372.673999999533,February,Regular Week,Actual
15,2012-03-02,541292.64,0,33.24,3.983,137.4238966,7.943,2012,3,9,546877.3527000005,-5584.712700000498,March,Regular Week,Actual
15,2012-03-09,545120.67,0,36.97,4.021,137.5066897,7.943,2012,3,10,546103.0566000011,-982.3866000010166,March,Regular Week,Actual
15,2012-03-16,570611.23,0,47.42,4.021,137.5843871,7.943,2012,3,11,557821.3286000008,12789.901399999158,March,Regular Week,Actual
15,2012-03-23,565481.88,0,58.92,4.054,137.6552903,7.943,2012,3,12,563387.4465000008,2094.433499999228,March,Regular Week,Actual
15,2012-03-30,557547.25,0,42.65,4.098,137.7261935,7.943,2012,3,13,557170.6143000002,376.6356999997515,March,Regular Week,Actual
15,2012-04-06,659950.36,0,40.01,4.143,137.7970968,8.15,2012,4,14,552504.2746000002,107446.08539999975,April,Regular Week,Actual
15,2012-04-13,558585.13,0,43.52,4.187,137.868,8.15,2012,4,15,553461.4774000007,5123.652599999332,April,Regular Week,Actual
15,2012-04-20,534780.57,0,54.47,4.17,137.9230667,8.15,2012,4,16,542030.5334000002,-7249.963400000241,April,Regular Week,Actual
15,2012-04-27,527402.62,0,41.57,4.163,137.9781333,8.15,2012,4,17,533964.2227999995,-6561.602799999528,April,Regular Week,Actual
15,2012-05-04,577868.38,0,51.04,4.124,138.0332,8.15,2012,5,18,570632.6772000006,7235.702799999388,May,Regular Week,Actual
15,2012-05-11,579539.95,0,54.23,4.055,138.0882667,8.15,2012,5,19,581004.4482000005,-1464.4982000004966,May,Regular Week,Actual
15,2012-05-18,600050.98,0,58.84,4.029,138.1065806,8.15,2012,5,20,590695.6835999993,9355.29640000069,May,Regular Week,Actual
15,2012-05-25,693780.42,0,67.97,3.979,138.1101935,8.15,2012,5,21,675365.8818000007,18414.53819999937,May,Regular Week,Actual
15,2012-06-01,663971.26,0,67.61,3.915,138.1138065,8.15,2012,6,22,661263.1335999996,2708.1264000004157,June,Regular Week,Actual
15,2012-06-08,611390.67,0,59.35,3.871,138.1174194,8.15,2012,6,23,589702.1317999996,21688.538200000417,June,Regular Week,Actual
15,2012-06-15,636737.65,0,67.7,3.786,138.1295333,8.15,2012,6,24,647108.5097999993,-10370.859799999278,June,Regular Week,Actual
15,2012-06-22,687085.6,0,74.28,3.722,138.1629,8.15,2012,6,25,676287.7076000005,10797.89239999943,June,Regular Week,Actual
15,2012-06-29,624099.48,0,68.91,3.667,138.1962667,8.15,2012,6,26,671219.4403000001,-47119.96030000015,June,Regular Week,Actual
15,2012-07-06,678024.75,0,74.64,3.646,138.2296333,8.193,2012,7,27,665479.6919000001,12545.058099999907,July,Regular Week,Actual
15,2012-07-13,591335.5,0,72.62,3.689,138.263,8.193,2012,7,28,610558.3971000001,-19222.89710000006,July,Regular Week,Actual
15,2012-07-20,592369.22,0,75.31,3.732,138.2331935,8.193,2012,7,29,594838.2825999997,-2469.0625999997137,July,Regular Week,Actual
15,2012-07-27,571190.83,0,73.9,3.82,138.2033871,8.193,2012,7,30,591895.0425999998,-20704.212599999853,July,Regular Week,Actual
15,2012-08-03,590739.62,0,73.13,3.819,138.1735806,8.193,2012,8,31,591681.9134999997,-942.2934999996796,August,Regular Week,Actual
15,2012-08-10,590453.63,0,73.99,3.863,138.1437742,8.193,2012,8,32,592934.3964000002,-2480.766400000197,August,Regular Week,Actual
15,2012-08-17,579738.2,0,70.29,3.963,138.1857097,8.193,2012,8,33,587431.3190000006,-7693.119000000646,August,Regular Week,Actual
15,2012-08-24,606210.77,0,66.98,3.997,138.2814516,8.193,2012,8,34,604018.1596000013,2192.6103999987245,August,Regular Week,Actual
15,2012-08-31,610185.32,0,71.42,4.026,138.3771935,8.193,2012,8,35,604011.4249000002,6173.895099999732,August,Regular Week,Actual
15,2012-09-07,587259.82,1,71.61,4.076,138.4729355,8.193,2012,9,36,596698.9073000002,-9439.087300000247,September,Holiday Week,Actual
15,2012-09-14,527509.76,0,65.44,4.088,138.5673,8.193,2012,9,37,588856.4859000006,-61346.72590000054,September,Regular Week,Actual
15,2012-09-21,533161.64,0,60.34,4.203,138.6534,8.193,2012,9,38,545202.5370000001,-12040.897000000114,September,Regular Week,Actual
15,2012-09-28,553901.97,0,57.13,4.158,138.7395,8.193,2012,9,39,558271.6957999999,-4369.725799999898,September,Regular Week,Actual
15,2012-10-05,573498.64,0,59.57,4.151,138.8256,7.992,2012,10,40,567234.5057000003,6264.134299999685,October,Regular Week,Actual
15,2012-10-12,551799.63,0,49.12,4.186,138.9117,7.992,2012,10,41,553379.6219000004,-1579.991900000372,October,Regular Week,Actual
15,2012-10-19,555652.77,0,52.89,4.153,138.8336129,7.992,2012,10,42,559979.7640000008,-4326.994000000763,October,Regular Week,Actual
15,2012-10-26,558473.6,0,55.75,4.071,138.7281613,7.992,2012,10,43,575217.9986000002,-16744.39860000019,October,Regular Week,Actual
16,2010-02-05,477409.3,0,19.79,2.58,189.3816974,7.039,2010,2,5,473289.6589999998,4119.641000000178,February,Regular Week,Actual
16,2010-02-12,472044.28,1,20.87,2.572,189.4642725,7.039,2010,2,6,471779.38130000065,264.89869999937946,February,Holiday Week,Actual
16,2010-02-19,469868.7,0,21.13,2.55,189.5340998,7.039,2010,2,7,467576.13350000046,2292.5664999995497,February,Regular Week,Actual
16,2010-02-26,443242.17,0,18.12,2.586,189.6018023,7.039,2010,2,8,451891.0988000008,-8648.92880000081,February,Regular Week,Actual
16,2010-03-05,444181.85,0,27.92,2.62,189.6695049,7.039,2010,3,9,461777.3765000003,-17595.526500000327,March,Regular Week,Actual
16,2010-03-12,445393.74,0,28.64,2.684,189.7372075,7.039,2010,3,10,454186.29920000007,-8792.559200000076,March,Regular Week,Actual
16,2010-03-19,504307.35,0,33.45,2.692,189.734262,7.039,2010,3,11,488540.6681000007,15766.681899999268,March,Regular Week,Actual
16,2010-03-26,483177.2,0,29.88,2.717,189.7195417,7.039,2010,3,12,476494.10370000044,6683.096299999568,March,Regular Week,Actual
16,2010-04-02,490503.69,0,36.19,2.725,189.7048215,6.842,2010,4,13,485413.98810000025,5089.701899999753,April,Regular Week,Actual
16,2010-04-09,424083.99,0,34.21,2.75,189.6901012,6.842,2010,4,14,470198.62350000016,-46114.63350000017,April,Regular Week,Actual
16,2010-04-16,436312.41,0,45.69,2.765,189.6628845,6.842,2010,4,15,423745.3976999995,12567.012300000468,April,Regular Week,Actual
16,2010-04-23,370230.94,0,44.9,2.776,189.6190057,6.842,2010,4,16,391115.46119999996,-20884.52119999996,April,Regular Week,Actual
16,2010-04-30,383550.93,0,37.75,2.766,189.575127,6.842,2010,4,17,387882.9551999999,-4332.025199999916,April,Regular Week,Actual
16,2010-05-07,403217.22,0,37.43,2.771,189.5312483,6.842,2010,5,18,402120.5265999996,1096.6934000003967,May,Regular Week,Actual
16,2010-05-14,401770.9,0,41.26,2.788,189.4904116,6.842,2010,5,19,402107.3137999994,-336.4137999993982,May,Regular Week,Actual
16,2010-05-21,435300.51,0,47.34,2.776,189.467827,6.842,2010,5,20,430596.6013000001,4703.908699999913,May,Regular Week,Actual
16,2010-05-28,479430.0,0,52.08,2.737,189.4452425,6.842,2010,5,21,476102.83359999984,3327.166400000162,May,Regular Week,Actual
16,2010-06-04,516295.81,0,53.76,2.7,189.422658,6.842,2010,6,22,518038.94730000047,-1743.1373000004678,June,Regular Week,Actual
16,2010-06-11,535587.31,0,62.63,2.684,189.4000734,6.842,2010,6,23,546999.3777000003,-11412.067700000247,June,Regular Week,Actual
16,2010-06-18,540149.85,0,52.4,2.674,189.4185259,6.842,2010,6,24,521262.32020000025,18887.529799999727,June,Regular Week,Actual
16,2010-06-25,546554.96,0,62.37,2.715,189.4533931,6.842,2010,6,25,555277.2074000004,-8722.247400000459,June,Regular Week,Actual
16,2010-07-02,610641.42,0,64.44,2.728,189.4882603,6.868,2010,7,26,631896.3994999998,-21254.979499999783,July,Regular Week,Actual
16,2010-07-09,614253.33,0,61.79,2.711,189.5231276,6.868,2010,7,27,598183.9128999992,16069.417100000777,July,Regular Week,Actual
16,2010-07-16,586583.69,0,67.68,2.699,189.6125456,6.868,2010,7,28,586633.5573999995,-49.867399999522604,July,Regular Week,Actual
16,2010-07-23,588344.18,0,70.67,2.691,189.774698,6.868,2010,7,29,599265.3493999998,-10921.16939999978,July,Regular Week,Actual
16,2010-07-30,562633.67,0,70.71,2.69,189.9368504,6.868,2010,7,30,598326.7771000002,-35693.10710000014,July,Regular Week,Actual
16,2010-08-06,586936.45,0,67.42,2.69,190.0990028,6.868,2010,8,31,582124.4756000007,4811.97439999925,August,Regular Week,Actual
16,2010-08-13,543757.97,0,63.91,2.723,190.2611552,6.868,2010,8,32,558014.1970999995,-14256.227099999553,August,Regular Week,Actual
16,2010-08-20,521516.96,0,63.59,2.732,190.2948237,6.868,2010,8,33,559912.7819999997,-38395.821999999636,August,Regular Week,Actual
16,2010-08-27,581010.52,0,65.66,2.731,190.3284922,6.868,2010,8,34,573910.438100001,7100.081899999059,August,Regular Week,Actual
16,2010-09-03,542087.89,0,58.02,2.773,190.3621607,6.868,2010,9,35,542441.4506000004,-353.5606000004336,September,Regular Week,Actual
16,2010-09-10,537518.57,1,57.24,2.78,190.3958293,6.868,2010,9,36,543845.3698000002,-6326.79980000027,September,Holiday Week,Actual
16,2010-09-17,522049.52,0,56.55,2.8,190.4688287,6.868,2010,9,37,522903.9668000008,-854.446800000791,September,Regular Week,Actual
16,2010-09-24,511330.32,0,58.19,2.793,190.5713264,6.868,2010,9,38,509494.2314000002,1836.0885999997845,September,Regular Week,Actual
16,2010-10-01,463977.54,0,59.39,2.759,190.6738241,6.986,2010,10,39,491238.45729999966,-27260.91729999968,October,Regular Week,Actual
16,2010-10-08,442894.2,0,54.29,2.745,190.7763218,6.986,2010,10,40,468270.4657000002,-25376.265700000164,October,Regular Week,Actual
16,2010-10-15,452169.28,0,45.0,2.762,190.8623087,6.986,2010,10,41,480233.4221999999,-28064.142199999886,October,Regular Week,Actual
16,2010-10-22,541216.92,0,45.85,2.762,190.9070184,6.986,2010,10,42,484422.35980000003,56794.56020000001,October,Regular Week,Actual
16,2010-10-29,495022.51,0,35.76,2.748,190.951728,6.986,2010,10,43,482221.4774999999,12801.032500000088,October,Regular Week,Actual
16,2010-11-05,446905.02,0,39.94,2.729,190.9964377,6.986,2010,11,44,477805.29120000044,-30900.271200000425,November,Regular Week,Actual
16,2010-11-12,453632.76,0,34.04,2.737,191.0411474,6.986,2010,11,45,474787.6945000004,-21154.93450000038,November,Regular Week,Actual
16,2010-11-19,458634.68,0,27.26,2.758,191.0312172,6.986,2010,11,46,475545.8527999999,-16911.172799999884,November,Regular Week,Actual
16,2010-11-26,651837.77,1,23.46,2.742,191.0121805,6.986,2010,11,47,596161.3991,55676.37089999998,November,Holiday Week,Actual
16,2010-12-03,512260.59,0,23.68,2.712,190.9931437,6.986,2010,12,48,530531.0663000006,-18270.47630000062,December,Regular Week,Actual
16,2010-12-10,570103.64,0,32.02,2.728,190.9741069,6.986,2010,12,49,582790.7721000006,-12687.132100000628,December,Regular Week,Actual
16,2010-12-17,648652.01,0,26.01,2.778,191.0303376,6.986,2010,12,50,676948.5188999994,-28296.508899999433,December,Regular Week,Actual
16,2010-12-24,1004730.69,0,32.46,2.781,191.1430189,6.986,2010,12,51,900739.2292999992,103991.46070000075,December,Regular Week,Actual
16,2010-12-31,575317.38,1,19.66,2.829,191.2557002,6.986,2010,12,52,624747.6242000009,-49430.24420000089,December,Holiday Week,Actual
16,2011-01-07,573545.96,0,12.39,2.882,191.3683815,6.614,2011,1,1,536211.6215000008,37334.33849999914,January,Regular Week,Actual
16,2011-01-14,470365.59,0,17.46,2.911,191.4784939,6.614,2011,1,2,479822.73400000087,-9457.144000000844,January,Regular Week,Actual
16,2011-01-21,462888.13,0,28.6,2.973,191.5731924,6.614,2011,1,3,463800.40670000046,-912.2767000004533,January,Regular Week,Actual
16,2011-01-28,448391.99,0,20.8,3.008,191.667891,6.614,2011,1,4,457419.6378000003,-9027.647800000326,January,Regular Week,Actual
16,2011-02-04,479263.15,0,13.64,3.011,191.7625895,6.614,2011,2,5,494751.3935000005,-15488.243500000448,February,Regular Week,Actual
16,2011-02-11,466806.89,1,15.02,3.037,191.8572881,6.614,2011,2,6,476538.67820000043,-9731.788200000417,February,Holiday Week,Actual
16,2011-02-18,491179.79,0,27.18,3.051,191.9178331,6.614,2011,2,7,469254.83310000034,21924.95689999964,February,Regular Week,Actual
16,2011-02-25,475201.64,0,26.15,3.101,191.9647167,6.614,2011,2,8,471982.07390000037,3219.566099999647,February,Regular Week,Actual
16,2011-03-04,484829.07,0,31.77,3.232,192.0116004,6.614,2011,3,9,481386.0058000003,3443.0641999997315,March,Regular Week,Actual
16,2011-03-11,457504.35,0,29.36,3.372,192.058484,6.614,2011,3,10,466090.2752000004,-8585.925200000405,March,Regular Week,Actual
16,2011-03-18,497373.49,0,36.5,3.406,192.1237981,6.614,2011,3,11,485639.08310000005,11734.406899999944,March,Regular Week,Actual
16,2011-03-25,465279.68,0,32.61,3.414,192.1964844,6.614,2011,3,12,469903.6940999999,-4624.014099999913,March,Regular Week,Actual
16,2011-04-01,459756.11,0,35.75,3.461,192.2691707,6.339,2011,4,13,461945.71539999964,-2189.605399999651,April,Regular Week,Actual
16,2011-04-08,439276.5,0,38.04,3.532,192.3418571,6.339,2011,4,14,448961.2093999999,-9684.709399999876,April,Regular Week,Actual
16,2011-04-15,427855.24,0,34.59,3.611,192.4225954,6.339,2011,4,15,423419.7936999998,4435.446300000185,April,Regular Week,Actual
16,2011-04-22,368600.0,0,40.74,3.636,192.5234638,6.339,2011,4,16,384878.5144,-16278.514399999985,April,Regular Week,Actual
16,2011-04-29,378100.31,0,37.77,3.663,192.6243322,6.339,2011,4,17,387126.62339999987,-9026.313399999868,April,Regular Week,Actual
16,2011-05-06,423805.22,0,38.64,3.735,192.7252006,6.339,2011,5,18,404928.9557,18876.26429999998,May,Regular Week,Actual
16,2011-05-13,410406.95,0,43.29,3.767,192.826069,6.339,2011,5,19,417887.2249000001,-7480.274900000077,May,Regular Week,Actual
16,2011-05-20,435397.19,0,43.95,3.828,192.831317,6.339,2011,5,20,436498.4180999999,-1101.2280999998911,May,Regular Week,Actual
16,2011-05-27,444718.68,0,45.17,3.795,192.8365651,6.339,2011,5,21,455213.11470000003,-10494.434700000042,May,Regular Week,Actual
16,2011-06-03,531080.31,0,54.08,3.763,192.8418131,6.339,2011,6,22,533622.4388000006,-2542.1288000005297,June,Regular Week,Actual
16,2011-06-10,600952.06,0,55.78,3.735,192.8470612,6.339,2011,6,23,548199.9009000004,52752.1590999997,June,Regular Week,Actual
16,2011-06-17,581546.23,0,58.34,3.697,192.9034759,6.339,2011,6,24,570351.2929999995,11194.9370000005,June,Regular Week,Actual
16,2011-06-24,569105.03,0,54.36,3.661,192.9982655,6.339,2011,6,25,563642.2520000007,5462.777999999351,June,Regular Week,Actual
16,2011-07-01,608737.56,0,63.59,3.597,193.0930552,6.338,2011,7,26,606207.3147000003,2530.2452999997186,July,Regular Week,Actual
16,2011-07-08,634634.66,0,65.0,3.54,193.1878448,6.338,2011,7,27,620337.0135999991,14297.6464000009,July,Regular Week,Actual
16,2011-07-15,586841.77,0,65.16,3.532,193.3125484,6.338,2011,7,28,592062.9599000006,-5221.18990000058,July,Regular Week,Actual
16,2011-07-22,581758.22,0,65.36,3.545,193.5120367,6.338,2011,7,29,584530.2414999999,-2772.0214999999152,July,Regular Week,Actual
16,2011-07-29,582381.95,0,66.84,3.547,193.711525,6.338,2011,7,30,579819.8858000005,2562.0641999994405,July,Regular Week,Actual
16,2011-08-05,592981.33,0,63.96,3.554,193.9110133,6.338,2011,8,31,577479.4304,15501.899600000004,August,Regular Week,Actual
16,2011-08-12,563884.47,0,67.09,3.542,194.1105017,6.338,2011,8,32,565011.6476999996,-1127.177699999651,August,Regular Week,Actual
16,2011-08-19,554630.42,0,68.83,3.499,194.2500634,6.338,2011,8,33,559143.0284000005,-4512.608400000492,August,Regular Week,Actual
16,2011-08-26,557312.01,0,67.51,3.485,194.3796374,6.338,2011,8,34,560524.9628,-3212.95279999997,August,Regular Week,Actual
16,2011-09-02,580805.33,0,63.44,3.511,194.5092113,6.338,2011,9,35,570367.9183999992,10437.411600000807,September,Regular Week,Actual
16,2011-09-09,574622.56,1,56.99,3.566,194.6387853,6.338,2011,9,36,557503.2136999997,17119.346300000325,September,Holiday Week,Actual
16,2011-09-16,539081.09,0,53.68,3.596,194.7419707,6.338,2011,9,37,531672.1854000005,7408.904599999427,September,Regular Week,Actual
16,2011-09-23,504856.97,0,50.39,3.581,194.8099713,6.338,2011,9,38,505820.74969999975,-963.7796999997809,September,Regular Week,Actual
16,2011-09-30,450075.31,0,57.61,3.538,194.8779718,6.338,2011,9,39,475150.17000000016,-25074.86000000016,September,Regular Week,Actual
16,2011-10-07,482926.93,0,48.91,3.498,194.9459724,6.232,2011,10,40,490706.0602999998,-7779.130299999786,October,Regular Week,Actual
16,2011-10-14,498241.06,0,39.97,3.491,195.0261012,6.232,2011,10,41,496855.6431999999,1385.4168000001227,October,Regular Week,Actual
16,2011-10-21,560104.16,0,46.99,3.548,195.1789994,6.232,2011,10,42,539339.0763999992,20765.083600000828,October,Regular Week,Actual
16,2011-10-28,505918.21,0,41.97,3.55,195.3318977,6.232,2011,10,43,515427.84480000025,-9509.634800000233,October,Regular Week,Actual
16,2011-11-04,511059.95,0,33.43,3.527,195.4847959,6.232,2011,11,44,508430.5779000006,2629.3720999993966,November,Regular Week,Actual
16,2011-11-11,513181.31,0,29.56,3.505,195.6376941,6.232,2011,11,45,512516.0562000004,665.2537999995984,November,Regular Week,Actual
16,2011-11-18,480353.64,0,31.73,3.479,195.7184713,6.232,2011,11,46,499151.1310000005,-18797.491000000504,November,Regular Week,Actual
16,2011-11-25,712422.4,1,31.39,3.424,195.7704,6.232,2011,11,47,674890.7724999995,37531.627500000526,November,Holiday Week,Actual
16,2011-12-02,530492.84,0,27.83,3.378,195.8223287,6.232,2011,12,48,583735.9859000009,-53243.145900000934,December,Regular Week,Actual
16,2011-12-09,574798.86,0,14.44,3.331,195.8742575,6.232,2011,12,49,592141.3575999999,-17342.497599999886,December,Regular Week,Actual
16,2011-12-16,679481.9,0,22.5,3.266,195.9841685,6.232,2011,12,50,690597.7361999995,-11115.836199999438,December,Regular Week,Actual
16,2011-12-23,950691.96,0,20.79,3.173,196.1713893,6.232,2011,12,51,861352.3247999995,89339.63520000048,December,Regular Week,Actual
16,2011-12-30,665861.06,1,23.91,3.119,196.3586101,6.232,2011,12,52,697080.8962000008,-31219.83620000072,December,Holiday Week,Actual
16,2012-01-06,564538.07,0,26.49,3.095,196.5458309,6.162,2012,1,1,516437.35380000045,48100.7161999995,January,Regular Week,Actual
16,2012-01-13,508520.09,0,19.55,3.077,196.7330517,6.162,2012,1,2,504402.42600000073,4117.663999999291,January,Regular Week,Actual
16,2012-01-20,474389.75,0,29.3,3.055,196.7796652,6.162,2012,1,3,474997.9304000002,-608.1804000001866,January,Regular Week,Actual
16,2012-01-27,453979.19,0,28.17,3.038,196.8262786,6.162,2012,1,4,462735.3101999999,-8756.120199999888,January,Regular Week,Actual
16,2012-02-03,475905.1,0,25.53,3.031,196.8728921,6.162,2012,2,5,473373.8551000005,2531.2448999994667,February,Regular Week,Actual
16,2012-02-10,473766.97,1,23.69,3.103,196.9195056,6.162,2012,2,6,477154.84949999966,-3387.87949999969,February,Holiday Week,Actual
16,2012-02-17,494069.49,0,31.19,3.113,196.9432711,6.162,2012,2,7,490707.052,3362.4379999999655,February,Regular Week,Actual
16,2012-02-24,495720.3,0,26.21,3.129,196.9499007,6.162,2012,2,8,488104.6322,7615.667799999996,February,Regular Week,Actual
16,2012-03-02,464189.09,0,23.4,3.191,196.9565303,6.162,2012,3,9,473796.0618000009,-9606.971800000872,March,Regular Week,Actual
16,2012-03-09,495951.66,0,28.16,3.286,196.9631599,6.162,2012,3,10,484568.9252000004,11382.734799999569,March,Regular Week,Actual
16,2012-03-16,520850.71,0,38.02,3.486,197.0457208,6.162,2012,3,11,509392.62390000053,11458.086099999491,March,Regular Week,Actual
16,2012-03-23,493503.89,0,38.7,3.664,197.2295234,6.162,2012,3,12,495870.05810000026,-2366.1681000002427,March,Regular Week,Actual
16,2012-03-30,485095.41,0,48.29,3.75,197.4133259,6.162,2012,3,13,490587.0121999993,-5491.6021999993245,March,Regular Week,Actual
16,2012-04-06,502662.07,0,48.93,3.854,197.5971285,6.169,2012,4,14,502155.5507999999,506.51920000009704,April,Regular Week,Actual
16,2012-04-13,450756.71,0,45.83,3.901,197.780931,6.169,2012,4,15,462986.0791999996,-12229.369199999608,April,Regular Week,Actual
16,2012-04-20,436221.26,0,43.61,3.936,197.7227385,6.169,2012,4,16,433910.1579999999,2311.10200000013,April,Regular Week,Actual
16,2012-04-27,398445.15,0,59.69,3.927,197.664546,6.169,2012,4,17,429290.8116999993,-30845.6616999993,April,Regular Week,Actual
16,2012-05-04,426959.62,0,51.34,3.903,197.6063534,6.169,2012,5,18,436083.16379999975,-9123.543799999752,May,Regular Week,Actual
16,2012-05-11,479855.0,0,53.57,3.87,197.5481609,6.169,2012,5,19,473672.48789999983,6182.512100000167,May,Regular Week,Actual
16,2012-05-18,493506.47,0,56.74,3.837,197.5553137,6.169,2012,5,20,480155.3337999995,13351.136200000474,May,Regular Week,Actual
16,2012-05-25,518045.09,0,57.36,3.804,197.5886046,6.169,2012,5,21,503829.86940000067,14215.22059999936,May,Regular Week,Actual
16,2012-06-01,532311.93,0,58.97,3.764,197.6218954,6.169,2012,6,22,540265.0041999999,-7953.074199999799,June,Regular Week,Actual
16,2012-06-08,603618.89,0,65.43,3.741,197.6551863,6.169,2012,6,23,621328.9788000002,-17710.088800000143,June,Regular Week,Actual
16,2012-06-15,570045.79,0,65.36,3.723,197.692292,6.169,2012,6,24,610499.1625999996,-40453.37259999954,June,Regular Week,Actual
16,2012-06-22,581745.72,0,70.41,3.735,197.7389345,6.169,2012,6,25,585306.9768999995,-3561.256899999571,June,Regular Week,Actual
16,2012-06-29,570162.28,0,77.31,3.693,197.785577,6.169,2012,6,26,785345.4708000002,-215183.19080000021,June,Regular Week,Actual
16,2012-07-06,641763.53,0,70.49,3.646,197.8322195,6.061,2012,7,27,621101.9077000007,20661.622299999348,July,Regular Week,Actual
16,2012-07-13,569005.06,0,70.29,3.613,197.8788621,6.061,2012,7,28,580753.7063000007,-11748.646300000604,July,Regular Week,Actual
16,2012-07-20,565297.54,0,68.43,3.585,197.9290378,6.061,2012,7,29,573735.9116000002,-8438.371600000188,July,Regular Week,Actual
16,2012-07-27,539337.87,0,69.0,3.57,197.9792136,6.061,2012,7,30,558060.2226999999,-18722.35269999993,July,Regular Week,Actual
16,2012-08-03,584000.71,0,68.59,3.528,198.0293893,6.061,2012,8,31,554585.2572999999,29415.452700000023,August,Regular Week,Actual
16,2012-08-10,554036.84,0,70.24,3.509,198.0795651,6.061,2012,8,32,553994.8912,41.94880000001285,August,Regular Week,Actual
16,2012-08-17,521896.6,0,62.07,3.545,198.1001057,6.061,2012,8,33,533500.0357000004,-11603.43570000038,August,Regular Week,Actual
16,2012-08-24,551152.15,0,61.44,3.558,198.0984199,6.061,2012,8,34,548936.5032999995,2215.646700000507,August,Regular Week,Actual
16,2012-08-31,551837.31,0,64.19,3.556,198.0967341,6.061,2012,8,35,555593.3761000001,-3756.0661000000546,August,Regular Week,Actual
16,2012-09-07,537138.58,1,60.09,3.596,198.0950484,6.061,2012,9,36,552354.5583999992,-15215.978399999207,September,Holiday Week,Actual
16,2012-09-14,526525.16,0,56.69,3.659,198.1267184,6.061,2012,9,37,527952.3280999995,-1427.1680999994278,September,Regular Week,Actual
16,2012-09-21,509942.56,0,56.48,3.765,198.358523,6.061,2012,9,38,508468.4211000002,1474.138899999787,September,Regular Week,Actual
16,2012-09-28,469607.73,0,51.4,3.789,198.5903276,6.061,2012,9,39,481679.07559999934,-12071.34559999936,September,Regular Week,Actual
16,2012-10-05,471281.68,0,50.46,3.779,198.8221322,5.847,2012,10,40,504198.6977999995,-32917.01779999951,October,Regular Week,Actual
16,2012-10-12,491817.19,0,43.26,3.76,199.0539368,5.847,2012,10,41,512440.2157999996,-20623.025799999596,October,Regular Week,Actual
16,2012-10-19,577198.97,0,40.59,3.75,199.1481963,5.847,2012,10,42,550259.6140999995,26939.35590000043,October,Regular Week,Actual
16,2012-10-26,475770.14,0,40.99,3.686,199.2195317,5.847,2012,10,43,544584.0437999996,-68813.90379999962,October,Regular Week,Actual
17,2010-02-05,789036.02,0,23.11,2.666,126.4420645,6.548,2010,2,5,791143.8754000003,-2107.855400000233,February,Regular Week,Actual
17,2010-02-12,841951.91,1,18.36,2.671,126.4962581,6.548,2010,2,6,844900.5392999988,-2948.629299998749,February,Holiday Week,Actual
17,2010-02-19,800714.0,0,25.06,2.654,126.5262857,6.548,2010,2,7,800697.7662999998,16.233700000215322,February,Regular Week,Actual
17,2010-02-26,749549.55,0,15.64,2.667,126.5522857,6.548,2010,2,8,823405.0110999993,-73855.46109999926,February,Regular Week,Actual
17,2010-03-05,783300.05,0,31.58,2.681,126.5782857,6.548,2010,3,9,780631.568799999,2668.481200001086,March,Regular Week,Actual
17,2010-03-12,763961.82,0,29.71,2.733,126.6042857,6.548,2010,3,10,771378.9894999996,-7417.169499999611,March,Regular Week,Actual
17,2010-03-19,752034.52,0,33.96,2.782,126.6066452,6.548,2010,3,11,765793.2966000006,-13758.776600000565,March,Regular Week,Actual
17,2010-03-26,793097.64,0,35.59,2.819,126.6050645,6.548,2010,3,12,795389.7811000005,-2292.1411000004737,March,Regular Week,Actual
17,2010-04-02,848521.17,0,36.94,2.842,126.6034839,6.635,2010,4,13,831897.8521000008,16623.31789999921,April,Regular Week,Actual
17,2010-04-09,770228.02,0,34.05,2.877,126.6019032,6.635,2010,4,14,793051.9664000005,-22823.94640000048,April,Regular Week,Actual
17,2010-04-16,757738.76,0,45.22,2.915,126.5621,6.635,2010,4,15,867129.4594999999,-109390.69949999987,April,Regular Week,Actual
17,2010-04-23,977790.83,0,52.25,2.936,126.4713333,6.635,2010,4,16,942398.812299999,35392.017700001015,April,Regular Week,Actual
17,2010-04-30,807798.73,0,43.82,2.941,126.3805667,6.635,2010,4,17,846065.4149999996,-38266.68499999959,April,Regular Week,Actual
17,2010-05-07,843848.65,0,40.26,2.948,126.2898,6.635,2010,5,18,841919.8099000003,1928.8400999996811,May,Regular Week,Actual
17,2010-05-14,813756.09,0,47.28,2.962,126.2085484,6.635,2010,5,19,868014.1404000004,-54258.050400000415,May,Regular Week,Actual
17,2010-05-21,826626.5,0,53.94,2.95,126.1843871,6.635,2010,5,20,884037.2319000002,-57410.731900000246,May,Regular Week,Actual
17,2010-05-28,872817.62,0,48.19,2.908,126.1602258,6.635,2010,5,21,883092.805,-10275.185000000056,May,Regular Week,Actual
17,2010-06-04,876902.87,0,53.79,2.871,126.1360645,6.635,2010,6,22,881969.7998000005,-5066.929800000507,June,Regular Week,Actual
17,2010-06-11,845252.21,0,57.14,2.841,126.1119032,6.635,2010,6,23,878317.7696000001,-33065.55960000015,June,Regular Week,Actual
17,2010-06-18,877996.27,0,54.94,2.819,126.114,6.635,2010,6,24,881151.1594,-3154.8893999999855,June,Regular Week,Actual
17,2010-06-25,893995.44,0,62.64,2.82,126.1266,6.635,2010,6,25,889535.9155999991,4459.52440000081,June,Regular Week,Actual
17,2010-07-02,958875.37,0,68.98,2.814,126.1392,6.697,2010,7,26,925752.6303999999,33122.73960000009,July,Regular Week,Actual
17,2010-07-09,836915.92,0,62.41,2.802,126.1518,6.697,2010,7,27,856259.3120000006,-19343.392000000575,July,Regular Week,Actual
17,2010-07-16,876591.41,0,65.66,2.791,126.1498065,6.697,2010,7,28,874369.8041999991,2221.6058000009507,July,Regular Week,Actual
17,2010-07-23,893504.87,0,69.66,2.797,126.1283548,6.697,2010,7,29,893505.4072000002,-0.537200000253506,July,Regular Week,Actual
17,2010-07-30,833517.19,0,69.96,2.797,126.1069032,6.697,2010,7,30,876223.1273000005,-42705.93730000057,July,Regular Week,Actual
17,2010-08-06,795301.17,0,70.53,2.802,126.0854516,6.697,2010,8,31,818838.1148000014,-23536.944800001336,August,Regular Week,Actual
17,2010-08-13,759995.18,0,65.17,2.837,126.064,6.697,2010,8,32,781919.8571000008,-21924.677100000787,August,Regular Week,Actual
17,2010-08-20,783929.7,0,67.04,2.85,126.0766452,6.697,2010,8,33,789803.258700001,-5873.5587000011,August,Regular Week,Actual
17,2010-08-27,802583.89,0,65.03,2.854,126.0892903,6.697,2010,8,34,797175.1629000007,5408.72709999932,August,Regular Week,Actual
17,2010-09-03,834373.73,0,57.86,2.868,126.1019355,6.697,2010,9,35,836634.1824999996,-2260.4524999996647,September,Regular Week,Actual
17,2010-09-10,1200888.28,1,56.28,2.87,126.1145806,6.697,2010,9,36,1069170.2774000007,131718.0025999993,September,Holiday Week,Actual
17,2010-09-17,871264.25,0,58.53,2.875,126.1454667,6.697,2010,9,37,870407.4553000001,856.794699999853,September,Regular Week,Actual
17,2010-09-24,852876.29,0,58.39,2.872,126.1900333,6.697,2010,9,38,852362.5219000003,513.7680999997538,September,Regular Week,Actual
17,2010-10-01,829207.27,0,60.07,2.853,126.2346,6.885,2010,10,39,835002.3546000002,-5795.084600000177,October,Regular Week,Actual
17,2010-10-08,827738.06,0,58.06,2.841,126.2791667,6.885,2010,10,40,833445.7069000001,-5707.646900000051,October,Regular Week,Actual
17,2010-10-15,838297.32,0,47.35,2.845,126.3266774,6.885,2010,10,41,833456.0118999997,4841.308100000257,October,Regular Week,Actual
17,2010-10-22,815093.76,0,47.95,2.849,126.3815484,6.885,2010,10,42,824342.527,-9248.766999999993,October,Regular Week,Actual
17,2010-10-29,861941.25,0,39.87,2.841,126.4364194,6.885,2010,10,43,843256.7233999994,18684.526600000565,October,Regular Week,Actual
17,2010-11-05,818434.49,0,42.54,2.831,126.4912903,6.885,2010,11,44,828386.1253999993,-9951.63539999933,November,Regular Week,Actual
17,2010-11-12,855459.96,0,36.32,2.831,126.5461613,6.885,2010,11,45,825930.5728999994,29529.387100000517,November,Regular Week,Actual
17,2010-11-19,782252.57,0,36.31,2.842,126.6072,6.885,2010,11,46,819318.5262999996,-37065.95629999961,November,Regular Week,Actual
17,2010-11-26,1005448.76,1,19.03,2.83,126.6692667,6.885,2010,11,47,1002309.685200001,3139.0747999990126,November,Holiday Week,Actual
17,2010-12-03,926573.81,0,22.47,2.812,126.7313333,6.885,2010,12,48,941920.0655000006,-15346.255500000552,December,Regular Week,Actual
17,2010-12-10,962475.55,0,31.64,2.817,126.7934,6.885,2010,12,49,967778.3728999989,-5302.822899998864,December,Regular Week,Actual
17,2010-12-17,1049372.38,0,25.13,2.842,126.8794839,6.885,2010,12,50,988325.0433,61047.33669999987,December,Regular Week,Actual
17,2010-12-24,1309226.79,0,26.58,2.846,126.9835806,6.885,2010,12,51,1132477.1368000014,176749.65319999866,December,Regular Week,Actual
17,2010-12-31,635862.55,1,20.79,2.868,127.0876774,6.885,2010,12,52,816005.766099999,-180143.2160999989,December,Holiday Week,Actual
17,2011-01-07,1083071.14,0,6.23,2.891,127.1917742,6.866,2011,1,1,967456.3911,115614.74889999989,January,Regular Week,Actual
17,2011-01-14,758510.36,0,16.57,2.903,127.3009355,6.866,2011,1,2,881822.2388999999,-123311.8788999999,January,Regular Week,Actual
17,2011-01-21,755804.37,0,26.62,2.934,127.4404839,6.866,2011,1,3,773172.1900999997,-17367.820099999662,January,Regular Week,Actual
17,2011-01-28,736335.69,0,22.16,2.96,127.5800323,6.866,2011,1,4,759177.3202999991,-22841.630299999146,January,Regular Week,Actual
17,2011-02-04,816603.05,0,11.29,2.974,127.7195806,6.866,2011,2,5,820018.2654999989,-3415.215499998885,February,Regular Week,Actual
17,2011-02-11,813211.46,1,14.19,3.034,127.859129,6.866,2011,2,6,842461.098599999,-29249.638599999016,February,Holiday Week,Actual
17,2011-02-18,860962.91,0,26.86,3.062,127.99525,6.866,2011,2,7,827764.6243999988,33198.285600001225,February,Regular Week,Actual
17,2011-02-25,767256.53,0,24.36,3.12,128.13,6.866,2011,2,8,795870.2283999999,-28613.698399999877,February,Regular Week,Actual
17,2011-03-04,816138.33,0,24.21,3.23,128.26475,6.866,2011,3,9,786542.8633,29595.46669999999,March,Regular Week,Actual
17,2011-03-11,779602.36,0,32.42,3.346,128.3995,6.866,2011,3,10,780454.0147999995,-851.6547999995528,March,Regular Week,Actual
17,2011-03-18,778436.81,0,34.48,3.407,128.5121935,6.866,2011,3,11,780497.6236000004,-2060.8136000003433,March,Regular Week,Actual
17,2011-03-25,781267.76,0,36.71,3.435,128.6160645,6.866,2011,3,12,796676.1166,-15408.356599999941,March,Regular Week,Actual
17,2011-04-01,795859.23,0,39.38,3.487,128.7199355,6.774,2011,4,13,801701.8429999996,-5842.612999999663,April,Regular Week,Actual
17,2011-04-08,811855.72,0,39.16,3.547,128.8238065,6.774,2011,4,14,821555.0820999995,-9699.362099999562,April,Regular Week,Actual
17,2011-04-15,825283.43,0,39.98,3.616,128.9107333,6.774,2011,4,15,893061.6080999998,-67778.17809999979,April,Regular Week,Actual
17,2011-04-22,1060770.11,0,42.24,3.655,128.9553,6.774,2011,4,16,1001395.6140999998,59374.49590000033,April,Regular Week,Actual
17,2011-04-29,806979.15,0,40.14,3.683,128.9998667,6.774,2011,4,17,856045.7654,-49066.61540000001,April,Regular Week,Actual
17,2011-05-06,882132.28,0,45.66,3.744,129.0444333,6.774,2011,5,18,873649.5177000007,8482.762299999362,May,Regular Week,Actual
17,2011-05-13,870625.49,0,49.26,3.77,129.089,6.774,2011,5,19,872393.9531999998,-1768.4631999997655,May,Regular Week,Actual
17,2011-05-20,844443.35,0,51.93,3.802,129.0756774,6.774,2011,5,20,864867.0690999996,-20423.71909999964,May,Regular Week,Actual
17,2011-05-27,892056.64,0,51.04,3.778,129.0623548,6.774,2011,5,21,884387.7513000004,7668.888699999661,May,Regular Week,Actual
17,2011-06-03,895020.48,0,49.61,3.752,129.0490323,6.774,2011,6,22,885681.0066000004,9339.473399999551,June,Regular Week,Actual
17,2011-06-10,881190.46,0,54.57,3.732,129.0357097,6.774,2011,6,23,884544.6316999997,-3354.171699999715,June,Regular Week,Actual
17,2011-06-17,894686.67,0,56.61,3.704,129.0432,6.774,2011,6,24,893891.0765000008,795.5934999992605,June,Regular Week,Actual
17,2011-06-24,920719.98,0,60.99,3.668,129.0663,6.774,2011,6,25,916212.3058000001,4507.674199999892,June,Regular Week,Actual
17,2011-07-01,940554.34,0,67.39,3.613,129.0894,6.745,2011,7,26,921181.4119000013,19372.928099998622,July,Regular Week,Actual
17,2011-07-08,915064.22,0,70.6,3.563,129.1125,6.745,2011,7,27,910255.2736999999,4808.946300000069,July,Regular Week,Actual
17,2011-07-15,902727.76,0,67.93,3.553,129.1338387,6.745,2011,7,28,891457.1048000004,11270.655199999572,July,Regular Week,Actual
17,2011-07-22,899044.34,0,69.82,3.563,129.1507742,6.745,2011,7,29,904515.0334000001,-5470.693400000106,July,Regular Week,Actual
17,2011-07-29,861894.77,0,68.59,3.574,129.1677097,6.745,2011,7,30,873454.4664999999,-11559.696499999845,July,Regular Week,Actual
17,2011-08-05,866184.92,0,65.71,3.595,129.1846452,6.745,2011,8,31,852663.696100001,13521.223899999051,August,Regular Week,Actual
17,2011-08-12,800819.79,0,64.79,3.606,129.2015806,6.745,2011,8,32,825169.8977000007,-24350.107700000633,August,Regular Week,Actual
17,2011-08-19,797523.04,0,67.59,3.578,129.2405806,6.745,2011,8,33,809818.7430000006,-12295.703000000562,August,Regular Week,Actual
17,2011-08-26,837390.79,0,72.04,3.57,129.2832581,6.745,2011,8,34,839599.5583000004,-2208.7683000003453,August,Regular Week,Actual
17,2011-09-02,847380.07,0,69.31,3.58,129.3259355,6.745,2011,9,35,871131.7088000006,-23751.638800000655,September,Regular Week,Actual
17,2011-09-09,1161900.18,1,61.94,3.619,129.3686129,6.745,2011,9,36,1135579.0414000023,26321.13859999762,September,Holiday Week,Actual
17,2011-09-16,1051116.95,0,61.48,3.641,129.4306,6.745,2011,9,37,1012921.3202000014,38195.6297999986,September,Regular Week,Actual
17,2011-09-23,895535.31,0,56.96,3.648,129.5183333,6.745,2011,9,38,919816.6460000011,-24281.336000001058,September,Regular Week,Actual
17,2011-09-30,868191.05,0,61.4,3.623,129.6060667,6.745,2011,9,39,894181.6029999992,-25990.55299999914,September,Regular Week,Actual
17,2011-10-07,918006.9,0,54.4,3.592,129.6938,6.617,2011,10,40,883837.2678999995,34169.63210000051,October,Regular Week,Actual
17,2011-10-14,884042.63,0,47.69,3.567,129.7706452,6.617,2011,10,41,885641.4893999997,-1598.8593999997247,October,Regular Week,Actual
17,2011-10-21,877380.22,0,47.27,3.579,129.7821613,6.617,2011,10,42,887005.8032999997,-9625.583299999707,October,Regular Week,Actual
17,2011-10-28,936508.43,0,41.89,3.567,129.7936774,6.617,2011,10,43,919986.5236000005,16521.906399999512,October,Regular Week,Actual
17,2011-11-04,927657.63,0,37.52,3.538,129.8051935,6.617,2011,11,44,923537.5734,4120.056600000011,November,Regular Week,Actual
17,2011-11-11,914759.2,0,27.61,3.513,129.8167097,6.617,2011,11,45,908787.6511000013,5971.5488999986555,November,Regular Week,Actual
17,2011-11-18,877724.31,0,32.93,3.489,129.8268333,6.617,2011,11,46,899731.1515000014,-22006.841500001377,November,Regular Week,Actual
17,2011-11-25,1225700.28,1,32.81,3.445,129.8364,6.617,2011,11,47,1144390.9595000008,81309.32049999922,November,Holiday Week,Actual
17,2011-12-02,945267.68,0,26.47,3.389,129.8459667,6.617,2011,12,48,980337.0937000015,-35069.41370000143,December,Regular Week,Actual
17,2011-12-09,976522.93,0,17.56,3.341,129.8555333,6.617,2011,12,49,1005268.4130000018,-28745.483000001754,December,Regular Week,Actual
17,2011-12-16,1067754.06,0,21.07,3.282,129.8980645,6.617,2011,12,50,1058330.1246000016,9423.935399998445,December,Regular Week,Actual
17,2011-12-23,1289156.9,0,18.76,3.186,129.9845484,6.617,2011,12,51,1200079.1404000018,89077.75959999813,December,Regular Week,Actual
17,2011-12-30,777207.3,1,26.73,3.119,130.0710323,6.617,2011,12,52,867789.9817999988,-90582.68179999874,December,Holiday Week,Actual
17,2012-01-06,1198104.22,0,27.64,3.08,130.1575161,6.403,2012,1,1,874244.1728999998,323860.0471000002,January,Regular Week,Actual
17,2012-01-13,873576.96,0,20.28,3.056,130.244,6.403,2012,1,2,880121.8391999997,-6544.879199999734,January,Regular Week,Actual
17,2012-01-20,809272.65,0,27.26,3.047,130.2792258,6.403,2012,1,3,808986.8136999995,285.83630000054836,January,Regular Week,Actual
17,2012-01-27,769522.33,0,29.99,3.058,130.3144516,6.403,2012,1,4,801359.4327999988,-31837.10279999883,January,Regular Week,Actual
17,2012-02-03,864852.85,0,26.26,3.077,130.3496774,6.403,2012,2,5,854942.8269999992,9910.023000000743,February,Regular Week,Actual
17,2012-02-10,880165.7,1,23.63,3.116,130.3849032,6.403,2012,2,6,886839.3221000013,-6673.622100001317,February,Holiday Week,Actual
17,2012-02-17,927084.65,0,30.76,3.119,130.4546207,6.403,2012,2,7,899702.6149000011,27382.03509999893,February,Regular Week,Actual
17,2012-02-24,843864.43,0,30.01,3.145,130.5502069,6.403,2012,2,8,865793.752200001,-21929.322200000985,February,Regular Week,Actual
17,2012-03-02,856178.47,0,26.28,3.242,130.6457931,6.403,2012,3,9,860454.3569999994,-4275.886999999406,March,Regular Week,Actual
17,2012-03-09,860224.98,0,32.02,3.38,130.7413793,6.403,2012,3,10,863927.9384999995,-3702.958499999484,March,Regular Week,Actual
17,2012-03-16,853136.46,0,43.69,3.529,130.8261935,6.403,2012,3,11,859475.0838999994,-6338.623899999424,March,Regular Week,Actual
17,2012-03-23,851762.28,0,40.69,3.671,130.8966452,6.403,2012,3,12,902778.7207999997,-51016.44079999963,March,Regular Week,Actual
17,2012-03-30,872469.03,0,45.29,3.734,130.9670968,6.403,2012,3,13,899085.5597000004,-26616.52970000042,March,Regular Week,Actual
17,2012-04-06,986922.62,0,43.92,3.793,131.0375484,6.235,2012,4,14,959710.8589,27211.761100000003,April,Regular Week,Actual
17,2012-04-13,877055.32,0,46.94,3.833,131.108,6.235,2012,4,15,910969.5560999992,-33914.23609999928,April,Regular Week,Actual
17,2012-04-20,1119979.98,0,47.69,3.845,131.1173333,6.235,2012,4,16,1037114.8058000001,82865.17419999989,April,Regular Week,Actual
17,2012-04-27,925916.65,0,59.11,3.842,131.1266667,6.235,2012,4,17,1033109.8221000002,-107193.1721000002,April,Regular Week,Actual
17,2012-05-04,930121.14,0,48.86,3.831,131.136,6.235,2012,5,18,927777.432,2343.707999999984,May,Regular Week,Actual
17,2012-05-11,944100.3,0,49.96,3.809,131.1453333,6.235,2012,5,19,944921.8837000005,-821.5837000004249,May,Regular Week,Actual
17,2012-05-18,968816.33,0,59.67,3.808,131.0983226,6.235,2012,5,20,976022.8111000002,-7206.481100000208,May,Regular Week,Actual
17,2012-05-25,984881.59,0,55.69,3.801,131.0287742,6.235,2012,5,21,968853.8910000012,16027.698999998742,May,Regular Week,Actual
17,2012-06-01,938914.28,0,54.13,3.788,130.9592258,6.235,2012,6,22,948256.621800001,-9342.341800000984,June,Regular Week,Actual
17,2012-06-08,987990.24,0,60.51,3.776,130.8896774,6.235,2012,6,23,976714.1871000006,11276.052899999428,June,Regular Week,Actual
17,2012-06-15,964169.67,0,56.67,3.756,130.8295333,6.235,2012,6,24,957574.6313000013,6595.038699998753,June,Regular Week,Actual
17,2012-06-22,981210.57,0,62.9,3.737,130.7929,6.235,2012,6,25,977139.3165000007,4071.253499999293,June,Regular Week,Actual
17,2012-06-29,982322.24,0,71.14,3.681,130.7562667,6.235,2012,6,26,974255.8264999996,8066.4135000003735,June,Regular Week,Actual
17,2012-07-06,1046782.52,0,68.91,3.63,130.7196333,5.936,2012,7,27,995675.1459000002,51107.37409999978,July,Regular Week,Actual
17,2012-07-13,960746.04,0,72.94,3.595,130.683,5.936,2012,7,28,923918.9626000007,36827.07739999937,July,Regular Week,Actual
17,2012-07-20,944698.7,0,70.59,3.556,130.7012903,5.936,2012,7,29,925527.5739000009,19171.126099999063,July,Regular Week,Actual
17,2012-07-27,907493.24,0,74.2,3.537,130.7195806,5.936,2012,7,30,900966.9486999996,6526.29130000039,July,Regular Week,Actual
17,2012-08-03,877813.33,0,72.94,3.512,130.737871,5.936,2012,8,31,872991.8913000003,4821.438699999708,August,Regular Week,Actual
17,2012-08-10,849074.04,0,73.29,3.509,130.7561613,5.936,2012,8,32,859686.8680000006,-10612.828000000562,August,Regular Week,Actual
17,2012-08-17,844928.17,0,70.98,3.545,130.7909677,5.936,2012,8,33,862508.509200001,-17580.339200000977,August,Regular Week,Actual
17,2012-08-24,924299.78,0,68.89,3.582,130.8381613,5.936,2012,8,34,900241.207400001,24058.572599999025,August,Regular Week,Actual
17,2012-08-31,865924.2,0,68.07,3.624,130.8853548,5.936,2012,8,35,899157.6548000012,-33233.45480000123,August,Regular Week,Actual
17,2012-09-07,1255633.29,1,61.99,3.689,130.9325484,5.936,2012,9,36,1192105.4733000018,63527.81669999822,September,Holiday Week,Actual
17,2012-09-14,1071040.22,0,59.64,3.749,130.9776667,5.936,2012,9,37,1027671.6825999997,43368.53740000026,September,Regular Week,Actual
17,2012-09-21,938303.28,0,58.43,3.821,131.0103333,5.936,2012,9,38,955947.6266000004,-17644.346600000397,September,Regular Week,Actual
17,2012-09-28,972716.24,0,57.77,3.821,131.043,5.936,2012,9,39,966767.9754999992,5948.264500000747,September,Regular Week,Actual
17,2012-10-05,952609.17,0,52.81,3.815,131.0756667,5.527,2012,10,40,954968.7515000013,-2359.5815000012517,October,Regular Week,Actual
17,2012-10-12,919878.34,0,44.82,3.797,131.1083333,5.527,2012,10,41,935655.1920000017,-15776.852000001702,October,Regular Week,Actual
17,2012-10-19,957356.84,0,48.16,3.781,131.1499677,5.527,2012,10,42,955688.9493000017,1667.8906999982428,October,Regular Week,Actual
17,2012-10-26,943465.29,0,39.94,3.755,131.1930968,5.527,2012,10,43,947256.2148000011,-3790.924800001085,October,Regular Week,Actual
18,2010-02-05,1205307.5,0,21.33,2.788,131.5279032,9.202,2010,2,5,1190203.2597000005,15104.240299999481,February,Regular Week,Actual
18,2010-02-12,1187880.7,1,26.41,2.771,131.5866129,9.202,2010,2,6,1176140.8228000016,11739.877199998358,February,Holiday Week,Actual
18,2010-02-19,1150663.42,0,30.91,2.747,131.637,9.202,2010,2,7,1139101.1411000015,11562.278899998404,February,Regular Week,Actual
18,2010-02-26,1068157.45,0,35.42,2.753,131.686,9.202,2010,2,8,1102309.9823000014,-34152.532300001476,February,Regular Week,Actual
18,2010-03-05,1179738.5,0,37.17,2.766,131.735,9.202,2010,3,9,1159544.3170000007,20194.182999999262,March,Regular Week,Actual
18,2010-03-12,1138800.32,0,42.39,2.805,131.784,9.202,2010,3,10,1162385.5079000005,-23585.187900000485,March,Regular Week,Actual
18,2010-03-19,1087507.47,0,45.42,2.834,131.8242903,9.202,2010,3,11,1104019.6274999997,-16512.15749999974,March,Regular Week,Actual
18,2010-03-26,1092704.09,0,47.55,2.831,131.863129,9.202,2010,3,12,1117924.9752000014,-25220.8852000013,March,Regular Week,Actual
18,2010-04-02,1254107.84,0,45.63,2.826,131.9019677,9.269,2010,4,13,1201125.2434000014,52982.59659999865,April,Regular Week,Actual
18,2010-04-09,1174447.55,0,59.91,2.849,131.9408065,9.269,2010,4,14,1166675.0260999987,7772.52390000131,April,Regular Week,Actual
18,2010-04-16,1135577.62,0,50.26,2.885,131.9809,9.269,2010,4,15,1135168.5291999981,409.09080000198446,April,Regular Week,Actual
18,2010-04-23,1132433.55,0,50.3,2.895,132.0226667,9.269,2010,4,16,1123586.4996999982,8847.050300001865,April,Regular Week,Actual
18,2010-04-30,1060446.16,0,51.12,2.935,132.0644333,9.269,2010,4,17,1091437.8224999981,-30991.66249999823,April,Regular Week,Actual
18,2010-05-07,1222255.47,0,65.64,2.981,132.1062,9.269,2010,5,18,1202228.4685999993,20027.00140000065,May,Regular Week,Actual
18,2010-05-14,1092616.49,0,49.9,2.983,132.152129,9.269,2010,5,19,1120781.4468999987,-28164.95689999871,May,Regular Week,Actual
18,2010-05-21,1101621.36,0,60.27,2.961,132.2230323,9.269,2010,5,20,1135382.6267999995,-33761.2667999994,May,Regular Week,Actual
18,2010-05-28,1256282.79,0,69.12,2.906,132.2939355,9.269,2010,5,21,1240079.5486000015,16203.241399998544,May,Regular Week,Actual
18,2010-06-04,1271311.76,0,70.28,2.857,132.3648387,9.269,2010,6,22,1249360.1772000017,21951.582799998345,June,Regular Week,Actual
18,2010-06-11,1173521.82,0,64.08,2.83,132.4357419,9.269,2010,6,23,1191132.2985999985,-17610.4785999984,June,Regular Week,Actual
18,2010-06-18,1183225.92,0,65.96,2.805,132.4733333,9.269,2010,6,24,1196885.485800001,-13659.565800001146,June,Regular Week,Actual
18,2010-06-25,1220983.17,0,74.04,2.81,132.4976,9.269,2010,6,25,1200006.2028000013,20976.967199998675,June,Regular Week,Actual
18,2010-07-02,1257928.35,0,71.22,2.815,132.5218667,9.342,2010,7,26,1233630.1313999994,24298.21860000072,July,Regular Week,Actual
18,2010-07-09,1171391.41,0,79.75,2.806,132.5461333,9.342,2010,7,27,1123846.3944000003,47545.01559999958,July,Regular Week,Actual
18,2010-07-16,1115514.61,0,76.9,2.796,132.5667742,9.342,2010,7,28,1106870.1525,8644.457500000019,July,Regular Week,Actual
18,2010-07-23,1032908.23,0,75.71,2.784,132.5825806,9.342,2010,7,29,1060472.5600000008,-27564.330000000773,July,Regular Week,Actual
18,2010-07-30,1078557.62,0,75.79,2.792,132.5983871,9.342,2010,7,30,1084463.427100001,-5905.807100000791,July,Regular Week,Actual
18,2010-08-06,1166117.85,0,73.67,2.792,132.6141935,9.342,2010,8,31,1142218.0860000013,23899.763999998802,August,Regular Week,Actual
18,2010-08-13,1084722.78,0,74.19,2.81,132.63,9.342,2010,8,32,1166549.5563000012,-81826.77630000119,August,Regular Week,Actual
18,2010-08-20,1141860.67,0,71.76,2.796,132.6616129,9.342,2010,8,33,1153348.8784000014,-11488.208400001517,August,Regular Week,Actual
18,2010-08-27,1214302.76,0,67.05,2.77,132.6932258,9.342,2010,8,34,1176796.1617000015,37506.59829999856,August,Regular Week,Actual
18,2010-09-03,1187359.77,0,75.42,2.735,132.7248387,9.342,2010,9,35,1142352.7892000002,45006.98079999979,September,Regular Week,Actual
18,2010-09-10,1011201.12,1,67.09,2.717,132.7564516,9.342,2010,9,36,1093242.3450999996,-82041.22509999957,September,Holiday Week,Actual
18,2010-09-17,997998.21,0,60.94,2.716,132.7670667,9.342,2010,9,37,1028939.5220999988,-30941.312099998817,September,Regular Week,Actual
18,2010-09-24,950862.92,0,64.82,2.718,132.7619333,9.342,2010,9,38,1020924.3270999991,-70061.40709999902,September,Regular Week,Actual
18,2010-10-01,948977.5,0,67.76,2.717,132.7568,9.331,2010,10,39,1103897.8335999998,-154920.33359999978,October,Regular Week,Actual
18,2010-10-08,1107432.71,0,54.73,2.776,132.7516667,9.331,2010,10,40,1088914.6486999986,18518.06130000134,October,Regular Week,Actual
18,2010-10-15,1029618.1,0,52.02,2.878,132.7633548,9.331,2010,10,41,1043968.5319999992,-14350.431999999215,October,Regular Week,Actual
18,2010-10-22,1052120.43,0,47.12,2.919,132.8170968,9.331,2010,10,42,1051410.998600002,709.4313999980222,October,Regular Week,Actual
18,2010-10-29,1038576.54,0,55.85,2.938,132.8708387,9.331,2010,10,43,1046561.9974000012,-7985.45740000112,October,Regular Week,Actual
18,2010-11-05,1089530.94,0,42.05,2.938,132.9245806,9.331,2010,11,44,1076291.2315999991,13239.708400000818,November,Regular Week,Actual
18,2010-11-12,1081322.12,0,43.17,2.961,132.9783226,9.331,2010,11,45,1075666.7658999993,5655.354100000812,November,Regular Week,Actual
18,2010-11-19,1045722.37,0,45.26,3.03,132.9172,9.331,2010,11,46,1065413.7033000009,-19691.33330000087,November,Regular Week,Actual
18,2010-11-26,1653759.36,1,40.81,3.07,132.8369333,9.331,2010,11,47,1576295.2210000015,77464.13899999857,November,Holiday Week,Actual
18,2010-12-03,1211026.13,0,37.09,3.065,132.7566667,9.331,2010,12,48,1309748.4718999993,-98722.34189999942,December,Regular Week,Actual
18,2010-12-10,1416168.98,0,25.64,3.132,132.6764,9.331,2010,12,49,1454532.6403000006,-38363.66030000057,December,Regular Week,Actual
18,2010-12-17,1588430.71,0,27.4,3.139,132.6804516,9.331,2010,12,50,1536280.2902000002,52150.4197999998,December,Regular Week,Actual
18,2010-12-24,2027507.15,0,28.16,3.15,132.7477419,9.331,2010,12,51,1921973.805900002,105533.34409999801,December,Regular Week,Actual
18,2010-12-31,887907.01,1,26.1,3.177,132.8150323,9.331,2010,12,52,1048152.0645000007,-160245.05450000067,December,Holiday Week,Actual
18,2011-01-07,933960.3,0,30.1,3.193,132.8823226,9.131,2011,1,1,922665.3715999987,11294.928400001372,January,Regular Week,Actual
18,2011-01-14,777175.28,0,22.69,3.215,132.9510645,9.131,2011,1,2,908934.9020999986,-131759.62209999852,January,Regular Week,Actual
18,2011-01-21,891148.55,0,22.55,3.232,133.0285161,9.131,2011,1,3,896840.0327999985,-5691.482799998485,January,Regular Week,Actual
18,2011-01-28,849540.85,0,14.84,3.243,133.1059677,9.131,2011,1,4,876321.6703999991,-26780.820399999153,January,Regular Week,Actual
18,2011-02-04,1055841.24,0,20.79,3.24,133.1834194,9.131,2011,2,5,1023309.1396999988,32532.100300001213,February,Regular Week,Actual
18,2011-02-11,1122053.58,1,24.3,3.255,133.260871,9.131,2011,2,6,1045476.8985999993,76576.68140000082,February,Holiday Week,Actual
18,2011-02-18,1095058.57,0,31.59,3.263,133.3701429,9.131,2011,2,7,1063629.6643999983,31428.905600001803,February,Regular Week,Actual
18,2011-02-25,1005983.31,0,26.15,3.281,133.4921429,9.131,2011,2,8,1025186.9633000009,-19203.65330000082,February,Regular Week,Actual
18,2011-03-04,1063310.62,0,28.49,3.437,133.6141429,9.131,2011,3,9,1044395.8221000008,18914.797899999307,March,Regular Week,Actual
18,2011-03-11,1002714.25,0,38.4,3.6,133.7361429,9.131,2011,3,10,1000020.4646000002,2693.7853999998188,March,Regular Week,Actual
18,2011-03-18,945889.59,0,41.12,3.634,133.8492258,9.131,2011,3,11,959809.781900001,-13920.191900001024,March,Regular Week,Actual
18,2011-03-25,944523.3,0,36.65,3.624,133.9587419,9.131,2011,3,12,952959.5733999993,-8436.273399999249,March,Regular Week,Actual
18,2011-04-01,938083.17,0,35.06,3.638,134.0682581,8.975,2011,4,13,950149.7867000008,-12066.616700000712,April,Regular Week,Actual
18,2011-04-08,1018541.3,0,43.32,3.72,134.1777742,8.975,2011,4,14,1000129.7100999992,18411.589900000836,April,Regular Week,Actual
18,2011-04-15,988157.72,0,49.91,3.823,134.2784667,8.975,2011,4,15,998189.8604999995,-10032.140499999514,April,Regular Week,Actual
18,2011-04-22,1105860.06,0,45.99,3.919,134.3571,8.975,2011,4,16,1068979.4917000006,36880.56829999946,April,Regular Week,Actual
18,2011-04-29,974114.39,0,58.82,3.988,134.4357333,8.975,2011,4,17,1002209.1617000005,-28094.771700000507,April,Regular Week,Actual
18,2011-05-06,1065427.37,0,54.17,4.078,134.5143667,8.975,2011,5,18,1043789.9222000007,21637.447799999383,May,Regular Week,Actual
18,2011-05-13,993172.98,0,58.48,4.095,134.593,8.975,2011,5,19,1009582.1990000005,-16409.219000000507,May,Regular Week,Actual
18,2011-05-20,994610.43,0,57.55,4.101,134.6803871,8.975,2011,5,20,1014407.0749000004,-19796.644900000305,May,Regular Week,Actual
18,2011-05-27,1065214.14,0,64.6,4.034,134.7677742,8.975,2011,5,21,1055300.5035000003,9913.636499999557,May,Regular Week,Actual
18,2011-06-03,1178039.0,0,70.9,3.973,134.8551613,8.975,2011,6,22,1118511.6683000005,59527.331699999515,June,Regular Week,Actual
18,2011-06-10,1044079.2,0,69.49,3.924,134.9425484,8.975,2011,6,23,1053539.0982000013,-9459.898200001335,June,Regular Week,Actual
18,2011-06-17,1045859.39,0,63.23,3.873,135.0837333,8.975,2011,6,24,1043518.9430000007,2340.4469999993453,June,Regular Week,Actual
18,2011-06-24,1056478.65,0,67.41,3.851,135.2652667,8.975,2011,6,25,1044952.0294000013,11526.620599998627,June,Regular Week,Actual
18,2011-07-01,1087051.26,0,69.75,3.815,135.4468,8.89,2011,7,26,1065353.0832000012,21698.17679999885,July,Regular Week,Actual
18,2011-07-08,1048802.62,0,73.12,3.784,135.6283333,8.89,2011,7,27,1015195.1862999998,33607.433700000285,July,Regular Week,Actual
18,2011-07-15,974916.13,0,74.36,3.827,135.7837419,8.89,2011,7,28,978400.3471999997,-3484.2171999997227,July,Regular Week,Actual
18,2011-07-22,991262.46,0,78.68,3.882,135.8738387,8.89,2011,7,29,987091.7788999991,4170.68110000086,July,Regular Week,Actual
18,2011-07-29,954148.64,0,73.85,3.898,135.9639355,8.89,2011,7,30,964788.3992999999,-10639.759299999918,July,Regular Week,Actual
18,2011-08-05,1002806.39,0,74.58,3.903,136.0540323,8.89,2011,8,31,971330.0736,31476.31640000001,August,Regular Week,Actual
18,2011-08-12,928470.83,0,73.57,3.88,136.144129,8.89,2011,8,32,946663.7612999992,-18192.93129999924,August,Regular Week,Actual
18,2011-08-19,932679.79,0,69.24,3.82,136.183129,8.89,2011,8,33,951111.6833000006,-18431.893300000578,August,Regular Week,Actual
18,2011-08-26,1147906.46,0,70.32,3.796,136.2136129,8.89,2011,8,34,1042260.4964999988,105645.96350000112,August,Regular Week,Actual
18,2011-09-02,540922.94,0,68.23,3.784,136.2440968,8.89,2011,9,35,715249.2517999992,-174326.3117999992,September,Regular Week,Actual
18,2011-09-09,951549.61,1,68.11,3.809,136.2745806,8.89,2011,9,36,884489.9449999994,67059.66500000062,September,Holiday Week,Actual
18,2011-09-16,845715.37,0,66.23,3.809,136.3145,8.89,2011,9,37,861684.5969000001,-15969.226900000125,September,Regular Week,Actual
18,2011-09-23,853073.17,0,60.44,3.758,136.367,8.89,2011,9,38,890410.1240999997,-37336.954099999624,September,Regular Week,Actual
18,2011-09-30,847348.08,0,69.01,3.684,136.4195,8.89,2011,9,39,868074.7136999991,-20726.63369999919,September,Regular Week,Actual
18,2011-10-07,1019741.1,0,54.65,3.633,136.472,8.471,2011,10,40,1033695.4030999998,-13954.303099999786,October,Regular Week,Actual
18,2011-10-14,953533.95,0,60.26,3.583,136.5150968,8.471,2011,10,41,1060781.7428000004,-107247.7928000004,October,Regular Week,Actual
18,2011-10-21,1048212.62,0,55.83,3.618,136.5017742,8.471,2011,10,42,1054438.3429000003,-6225.722900000284,October,Regular Week,Actual
18,2011-10-28,1106642.63,0,45.61,3.604,136.4884516,8.471,2011,10,43,1086305.7716999995,20336.85830000043,October,Regular Week,Actual
18,2011-11-04,1100625.06,0,38.29,3.586,136.475129,8.471,2011,11,44,1091668.7144000009,8956.345599999186,November,Regular Week,Actual
18,2011-11-11,1079931.63,0,45.69,3.57,136.4618065,8.471,2011,11,45,1072646.825900001,7284.8040999989025,November,Regular Week,Actual
18,2011-11-18,1056992.18,0,47.88,3.571,136.4666667,8.471,2011,11,46,1076812.112900002,-19819.932900001993,November,Regular Week,Actual
18,2011-11-25,1624170.99,1,41.97,3.536,136.4788,8.471,2011,11,47,1595856.3033999994,28314.686600000598,November,Holiday Week,Actual
18,2011-12-02,1188047.61,0,46.25,3.501,136.4909333,8.471,2011,12,48,1411994.1894999996,-223946.57949999953,December,Regular Week,Actual
18,2011-12-09,1368471.23,0,42.36,3.47,136.5030667,8.471,2011,12,49,1424832.6844000008,-56361.45440000086,December,Regular Week,Actual
18,2011-12-16,1516924.23,0,35.52,3.445,136.5335161,8.471,2011,12,50,1525870.9796000002,-8946.749600000214,December,Regular Week,Actual
18,2011-12-23,1882393.4,0,35.78,3.413,136.5883871,8.471,2011,12,51,1909531.123400002,-27137.723400002113,December,Regular Week,Actual
18,2011-12-30,1010562.49,1,32.36,3.402,136.6432581,8.471,2011,12,52,1093141.777099999,-82579.28709999891,December,Holiday Week,Actual
18,2012-01-06,977286.07,0,31.27,3.439,136.698129,8.075,2012,1,1,957729.9617000002,19556.10829999973,January,Regular Week,Actual
18,2012-01-13,890130.25,0,35.25,3.523,136.753,8.075,2012,1,2,940051.3759,-49921.125899999985,January,Regular Week,Actual
18,2012-01-20,937522.77,0,24.2,3.542,136.8564194,8.075,2012,1,3,958421.9870000001,-20899.217000000062,January,Regular Week,Actual
18,2012-01-27,825584.22,0,30.44,3.568,136.9598387,8.075,2012,1,4,972525.2713999999,-146941.05139999988,January,Regular Week,Actual
18,2012-02-03,1049772.04,0,37.62,3.633,137.0632581,8.075,2012,2,5,1058056.7975000017,-8284.757500001695,February,Regular Week,Actual
18,2012-02-10,1161615.51,1,32.83,3.655,137.1666774,8.075,2012,2,6,1123699.8008000017,37915.709199998295,February,Holiday Week,Actual
18,2012-02-17,1115985.81,0,32.87,3.703,137.2583103,8.075,2012,2,7,1100821.0758000012,15164.7341999989,February,Regular Week,Actual
18,2012-02-24,1037861.11,0,36.34,3.751,137.3411034,8.075,2012,2,8,1051255.4127999998,-13394.30279999983,February,Regular Week,Actual
18,2012-03-02,1047178.91,0,33.59,3.827,137.4238966,8.075,2012,3,9,1059985.978699999,-12807.068699998898,March,Regular Week,Actual
18,2012-03-09,1084894.47,0,38.1,3.876,137.5066897,8.075,2012,3,10,1074869.2449999994,10025.225000000559,March,Regular Week,Actual
18,2012-03-16,1022018.43,0,45.84,3.867,137.5843871,8.075,2012,3,11,1033243.3814000017,-11224.95140000165,March,Regular Week,Actual
18,2012-03-23,1031139.3,0,58.06,3.889,137.6552903,8.075,2012,3,12,1041004.4989000014,-9865.198900001356,March,Regular Week,Actual
18,2012-03-30,1009121.2,0,45.35,3.921,137.7261935,8.075,2012,3,13,1038521.1505000015,-29399.95050000155,March,Regular Week,Actual
18,2012-04-06,1200815.3,0,43.8,3.957,137.7970968,8.304,2012,4,14,1159240.8722999988,41574.42770000128,April,Regular Week,Actual
18,2012-04-13,998443.5,0,47.75,4.025,137.868,8.304,2012,4,15,1011533.9646,-13090.464599999948,April,Regular Week,Actual
18,2012-04-20,1025813.8,0,60.88,4.046,137.9230667,8.304,2012,4,16,1018577.9301999988,7235.869800001266,April,Regular Week,Actual
18,2012-04-27,961186.23,0,50.43,4.023,137.9781333,8.304,2012,4,17,986204.3953,-25018.165299999993,April,Regular Week,Actual
18,2012-05-04,1050027.89,0,49.66,3.991,138.0332,8.304,2012,5,18,1034025.2845000005,16002.605499999365,May,Regular Week,Actual
18,2012-05-11,1060433.1,0,57.44,3.947,138.0882667,8.304,2012,5,19,1088921.7187000003,-28488.618700000225,May,Regular Week,Actual
18,2012-05-18,1047444.59,0,62.31,3.899,138.1065806,8.304,2012,5,20,1059194.2296000014,-11749.639600001392,May,Regular Week,Actual
18,2012-05-25,1088446.58,0,65.48,3.85,138.1101935,8.304,2012,5,21,1079763.4561999992,8683.123800000874,May,Regular Week,Actual
18,2012-06-01,1118313.7,0,71.42,3.798,138.1138065,8.304,2012,6,22,1077571.7104999993,40741.98950000061,June,Regular Week,Actual
18,2012-06-08,1110479.94,0,59.1,3.746,138.1174194,8.304,2012,6,23,1083722.980099999,26756.95990000083,June,Regular Week,Actual
18,2012-06-15,1057425.83,0,66.58,3.683,138.1295333,8.304,2012,6,24,1064590.355799999,-7164.5257999990135,June,Regular Week,Actual
18,2012-06-22,1080357.89,0,70.92,3.629,138.1629,8.304,2012,6,25,1079991.0918999999,366.79810000001453,June,Regular Week,Actual
18,2012-06-29,1097006.3,0,70.17,3.577,138.1962667,8.304,2012,6,26,1084686.8777999987,12319.42220000131,June,Regular Week,Actual
18,2012-07-06,1158247.31,0,76.08,3.538,138.2296333,8.535,2012,7,27,1106216.0718000012,52031.23819999886,July,Regular Week,Actual
18,2012-07-13,1024784.92,0,75.09,3.561,138.263,8.535,2012,7,28,1045543.2801000013,-20758.360100001213,July,Regular Week,Actual
18,2012-07-20,1033543.56,0,77.43,3.61,138.2331935,8.535,2012,7,29,1049386.7921000014,-15843.232100001303,July,Regular Week,Actual
18,2012-07-27,924506.26,0,72.97,3.701,138.2033871,8.535,2012,7,30,969491.8727000005,-44985.61270000052,July,Regular Week,Actual
18,2012-08-03,1052066.58,0,72.67,3.698,138.1735806,8.535,2012,8,31,1026126.7681999995,25939.811800000607,August,Regular Week,Actual
18,2012-08-10,967304.07,0,75.7,3.772,138.1437742,8.535,2012,8,32,991541.4532999988,-24237.383299998823,August,Regular Week,Actual
18,2012-08-17,1048134.24,0,73.25,3.84,138.1857097,8.535,2012,8,33,1015643.8897999992,32490.3502000008,August,Regular Week,Actual
18,2012-08-24,1145840.91,0,68.52,3.874,138.2814516,8.535,2012,8,34,1107093.3390999986,38747.57090000133,August,Regular Week,Actual
18,2012-08-31,1117097.23,0,70.09,3.884,138.3771935,8.535,2012,8,35,1101873.8827000002,15223.34729999979,August,Regular Week,Actual
18,2012-09-07,1083521.24,1,71.85,3.921,138.4729355,8.535,2012,9,36,1070078.966899999,13442.273100001039,September,Holiday Week,Actual
18,2012-09-14,960476.1,0,64.45,3.988,138.5673,8.535,2012,9,37,998897.6440999996,-38421.54409999959,September,Regular Week,Actual
18,2012-09-21,971386.65,0,60.23,4.056,138.6534,8.535,2012,9,38,996009.391100001,-24622.741100001032,September,Regular Week,Actual
18,2012-09-28,1002856.2,0,58.24,4.018,138.7395,8.535,2012,9,39,1007483.3979000007,-4627.197900000727,September,Regular Week,Actual
18,2012-10-05,1092204.79,0,59.68,4.027,138.8256,8.243,2012,10,40,1072409.9630000014,19794.82699999865,October,Regular Week,Actual
18,2012-10-12,1074079.0,0,50.97,4.029,138.9117,8.243,2012,10,41,1069136.4132000005,4942.586799999466,October,Regular Week,Actual
18,2012-10-19,1048706.75,0,51.96,4.0,138.8336129,8.243,2012,10,42,1070627.9842000008,-21921.234200000763,October,Regular Week,Actual
18,2012-10-26,1127516.25,0,56.09,3.917,138.7281613,8.243,2012,10,43,1106594.9302000008,20921.31979999924,October,Regular Week,Actual
19,2010-02-05,1507637.17,0,20.96,2.954,131.5279032,8.35,2010,2,5,1455857.7208999998,51779.449100000085,February,Regular Week,Actual
19,2010-02-12,1536549.95,1,23.22,2.94,131.5866129,8.35,2010,2,6,1473294.4250999996,63255.52490000031,February,Holiday Week,Actual
19,2010-02-19,1515976.11,0,28.57,2.909,131.637,8.35,2010,2,7,1493551.4174999997,22424.692500000354,February,Regular Week,Actual
19,2010-02-26,1373270.06,0,30.33,2.91,131.686,8.35,2010,2,8,1491967.0213999993,-118696.96139999921,February,Regular Week,Actual
19,2010-03-05,1495844.57,0,32.92,2.919,131.735,8.35,2010,3,9,1489877.7209999976,5966.84900000249,March,Regular Week,Actual
19,2010-03-12,1467889.2,0,39.06,2.938,131.784,8.35,2010,3,10,1451936.7601000003,15952.439899999648,March,Regular Week,Actual
19,2010-03-19,1332940.35,0,43.74,2.96,131.8242903,8.35,2010,3,11,1380562.6918999988,-47622.34189999872,March,Regular Week,Actual
19,2010-03-26,1427023.45,0,39.07,2.963,131.863129,8.35,2010,3,12,1412954.2912000003,14069.158799999626,March,Regular Week,Actual
19,2010-04-02,1642970.27,0,45.26,2.957,131.9019677,8.185,2010,4,13,1415410.5502999988,227559.71970000118,April,Regular Week,Actual
19,2010-04-09,1489613.32,0,55.66,2.992,131.9408065,8.185,2010,4,14,1455401.310299997,34212.00970000308,April,Regular Week,Actual
19,2010-04-16,1460354.67,0,49.67,3.01,131.9809,8.185,2010,4,15,1434972.2654999977,25382.404500002274,April,Regular Week,Actual
19,2010-04-23,1456793.33,0,46.87,3.021,132.0226667,8.185,2010,4,16,1434102.6254999982,22690.704500001855,April,Regular Week,Actual
19,2010-04-30,1405065.57,0,49.89,3.042,132.0644333,8.185,2010,4,17,1431349.3055999978,-26283.735599997686,April,Regular Week,Actual
19,2010-05-07,1566219.77,0,62.54,3.095,132.1062,8.185,2010,5,18,1523784.0854999998,42435.68450000021,May,Regular Week,Actual
19,2010-05-14,1437319.45,0,46.53,3.112,132.152129,8.185,2010,5,19,1457610.7865000006,-20291.336500000674,May,Regular Week,Actual
19,2010-05-21,1377716.17,0,57.53,3.096,132.2230323,8.185,2010,5,20,1484005.0313999993,-106288.86139999935,May,Regular Week,Actual
19,2010-05-28,1648882.62,0,68.85,3.046,132.2939355,8.185,2010,5,21,1589037.0428000016,59845.577199998545,May,Regular Week,Actual
19,2010-06-04,1519013.49,0,68.88,3.006,132.3648387,8.185,2010,6,22,1522938.495599999,-3925.005599999102,June,Regular Week,Actual
19,2010-06-11,1410683.94,0,61.64,2.972,132.4357419,8.185,2010,6,23,1430107.1849999994,-19423.244999999413,June,Regular Week,Actual
19,2010-06-18,1457314.39,0,66.25,2.942,132.4733333,8.185,2010,6,24,1477906.8958999997,-20592.505899999756,June,Regular Week,Actual
19,2010-06-25,1450407.32,0,72.3,2.958,132.4976,8.185,2010,6,25,1477218.9569999978,-26811.636999997776,June,Regular Week,Actual
19,2010-07-02,1549018.68,0,66.25,2.958,132.5218667,8.099,2010,7,26,1519744.7981000012,29273.881899998756,July,Regular Week,Actual
19,2010-07-09,1577541.24,0,78.22,2.94,132.5461333,8.099,2010,7,27,1537184.6517999985,40356.58820000151,July,Regular Week,Actual
19,2010-07-16,1412157.02,0,74.6,2.933,132.5667742,8.099,2010,7,28,1432739.6026999992,-20582.582699999213,July,Regular Week,Actual
19,2010-07-23,1372043.71,0,74.68,2.924,132.5825806,8.099,2010,7,29,1439318.689199999,-67274.97919999901,July,Regular Week,Actual
19,2010-07-30,1366395.96,0,72.83,2.932,132.5983871,8.099,2010,7,30,1390724.0450999981,-24328.085099998163,July,Regular Week,Actual
19,2010-08-06,1492060.89,0,74.2,2.942,132.6141935,8.099,2010,8,31,1424097.574599999,67963.3154000009,August,Regular Week,Actual
19,2010-08-13,1418027.08,0,72.71,2.923,132.63,8.099,2010,8,32,1413780.1155999987,4246.964400001336,August,Regular Week,Actual
19,2010-08-20,1419383.19,0,72.22,2.913,132.6616129,8.099,2010,8,33,1428253.6564999982,-8870.466499998234,August,Regular Week,Actual
19,2010-08-27,1557888.16,0,66.4,2.885,132.6932258,8.099,2010,8,34,1523096.362099998,34791.797900001984,August,Regular Week,Actual
19,2010-09-03,1623519.64,0,74.69,2.86,132.7248387,8.099,2010,9,35,1572767.763199999,50751.8768000009,September,Regular Week,Actual
19,2010-09-10,1591453.39,1,63.36,2.837,132.7564516,8.099,2010,9,36,1532416.4314999988,59036.958500001114,September,Holiday Week,Actual
19,2010-09-17,1386789.31,0,58.68,2.846,132.7670667,8.099,2010,9,37,1381071.9829000002,5717.327099999879,September,Regular Week,Actual
19,2010-09-24,1318343.58,0,63.43,2.837,132.7619333,8.099,2010,9,38,1346602.278599999,-28258.69859999884,September,Regular Week,Actual
19,2010-10-01,1379456.3,0,59.91,2.84,132.7568,8.067,2010,10,39,1403777.3327999988,-24321.032799998764,October,Regular Week,Actual
19,2010-10-08,1428960.72,0,53.74,2.903,132.7516667,8.067,2010,10,40,1430593.5648999992,-1632.8448999992106,October,Regular Week,Actual
19,2010-10-15,1369317.63,0,51.32,2.999,132.7633548,8.067,2010,10,41,1375685.9786999985,-6368.348699998576,October,Regular Week,Actual
19,2010-10-22,1357154.71,0,48.45,3.049,132.8170968,8.067,2010,10,42,1372265.1816999984,-15110.471699998481,October,Regular Week,Actual
19,2010-10-29,1404576.48,0,56.11,3.055,132.8708387,8.067,2010,10,43,1391029.8828,13546.59719999996,October,Regular Week,Actual
19,2010-11-05,1435379.25,0,41.78,3.049,132.9245806,8.067,2010,11,44,1445236.3963,-9857.146299999906,November,Regular Week,Actual
19,2010-11-12,1490235.86,0,40.3,3.065,132.9783226,8.067,2010,11,45,1468953.5694000004,21282.290599999717,November,Regular Week,Actual
19,2010-11-19,1377593.1,0,44.22,3.138,132.9172,8.067,2010,11,46,1462858.2471999996,-85265.14719999954,November,Regular Week,Actual
19,2010-11-26,1993367.83,1,42.62,3.186,132.8369333,8.067,2010,11,47,1874154.1366000024,119213.69339999766,November,Holiday Week,Actual
19,2010-12-03,1615987.96,0,36.64,3.2,132.7566667,8.067,2010,12,48,1662872.4823999994,-46884.522399999434,December,Regular Week,Actual
19,2010-12-10,1799070.98,0,25.12,3.255,132.6764,8.067,2010,12,49,1767648.194599999,31422.785400000867,December,Regular Week,Actual
19,2010-12-17,1911967.44,0,26.83,3.301,132.6804516,8.067,2010,12,50,1890317.6441,21649.795900000026,December,Regular Week,Actual
19,2010-12-24,2678206.42,0,26.05,3.309,132.7477419,8.067,2010,12,51,2453117.0680999975,225089.35190000245,December,Regular Week,Actual
19,2010-12-31,1275146.94,1,28.65,3.336,132.8150323,8.067,2010,12,52,1394237.0477999994,-119090.10779999942,December,Holiday Week,Actual
19,2011-01-07,1224175.99,0,31.34,3.351,132.8823226,7.771,2011,1,1,1230667.2123000016,-6491.222300001653,January,Regular Week,Actual
19,2011-01-14,1181204.53,0,21.68,3.367,132.9510645,7.771,2011,1,2,1204060.3726000013,-22855.842600001255,January,Regular Week,Actual
19,2011-01-21,1212967.84,0,22.8,3.391,133.0285161,7.771,2011,1,3,1220884.1824000017,-7916.342400001595,January,Regular Week,Actual
19,2011-01-28,1284185.49,0,20.66,3.402,133.1059677,7.771,2011,1,4,1265370.017499999,18815.47250000108,January,Regular Week,Actual
19,2011-02-04,1370562.11,0,21.02,3.4,133.1834194,7.771,2011,2,5,1361337.4671999991,9224.642800000962,February,Regular Week,Actual
19,2011-02-11,1430851.11,1,21.79,3.416,133.260871,7.771,2011,2,6,1430036.0291000002,815.0808999999426,February,Holiday Week,Actual
19,2011-02-18,1457270.16,0,34.74,3.42,133.3701429,7.771,2011,2,7,1427824.4658999983,29445.694100001594,February,Regular Week,Actual
19,2011-02-25,1296658.47,0,23.24,3.452,133.4921429,7.771,2011,2,8,1340407.360299999,-43748.89029999892,February,Regular Week,Actual
19,2011-03-04,1433569.44,0,29.28,3.605,133.6141429,7.771,2011,3,9,1403897.0998999989,29672.340100001078,March,Regular Week,Actual
19,2011-03-11,1351450.43,0,35.59,3.752,133.7361429,7.771,2011,3,10,1363231.2637000016,-11780.833700001705,March,Regular Week,Actual
19,2011-03-18,1257972.37,0,40.32,3.796,133.8492258,7.771,2011,3,11,1311986.9003000008,-54014.53030000068,March,Regular Week,Actual
19,2011-03-25,1266564.94,0,33.26,3.789,133.9587419,7.771,2011,3,12,1325828.1655000008,-59263.22550000087,March,Regular Week,Actual
19,2011-04-01,1305950.22,0,30.68,3.811,134.0682581,7.658,2011,4,13,1344481.8361999989,-38531.61619999888,April,Regular Week,Actual
19,2011-04-08,1419911.91,0,41.26,3.895,134.1777742,7.658,2011,4,14,1409042.083899998,10869.82610000181,April,Regular Week,Actual
19,2011-04-15,1392093.04,0,48.67,3.981,134.2784667,7.658,2011,4,15,1411803.7165,-19710.67650000006,April,Regular Week,Actual
19,2011-04-22,1514288.82,0,41.66,4.061,134.3571,7.658,2011,4,16,1481876.9385999972,32411.881400002865,April,Regular Week,Actual
19,2011-04-29,1297237.7,0,54.23,4.117,134.4357333,7.658,2011,4,17,1444681.2561999988,-147443.55619999883,April,Regular Week,Actual
19,2011-05-06,1451953.95,0,50.43,4.192,134.5143667,7.658,2011,5,18,1442188.7347000004,9765.215299999574,May,Regular Week,Actual
19,2011-05-13,1429143.06,0,54.2,4.211,134.593,7.658,2011,5,19,1437906.2021000003,-8763.142100000288,May,Regular Week,Actual
19,2011-05-20,1355234.3,0,52.8,4.202,134.6803871,7.658,2011,5,20,1438729.7200000002,-83495.42000000016,May,Regular Week,Actual
19,2011-05-27,1388553.11,0,63.2,4.134,134.7677742,7.658,2011,5,21,1432608.8582000001,-44055.74820000003,May,Regular Week,Actual
19,2011-06-03,1457345.75,0,66.01,4.069,134.8551613,7.658,2011,6,22,1458788.2114000001,-1442.4614000001457,June,Regular Week,Actual
19,2011-06-10,1467473.63,0,68.26,4.025,134.9425484,7.658,2011,6,23,1460806.319799999,6667.31020000088,June,Regular Week,Actual
19,2011-06-17,1418973.62,0,64.02,3.989,135.0837333,7.658,2011,6,24,1417927.8964000014,1045.723599998746,June,Regular Week,Actual
19,2011-06-24,1440785.7,0,68.4,3.964,135.2652667,7.658,2011,6,25,1447048.4634000002,-6262.763400000287,June,Regular Week,Actual
19,2011-07-01,1462731.93,0,67.64,3.916,135.4468,7.806,2011,7,26,1457243.8426000022,5488.087399997748,July,Regular Week,Actual
19,2011-07-08,1465489.75,0,73.2,3.886,135.6283333,7.806,2011,7,27,1457533.5193,7956.230699999956,July,Regular Week,Actual
19,2011-07-15,1391580.41,0,73.7,3.915,135.7837419,7.806,2011,7,28,1388497.266999998,3083.143000002019,July,Regular Week,Actual
19,2011-07-22,1377119.45,0,79.37,3.972,135.8738387,7.806,2011,7,29,1377114.8593000001,4.590699999826029,July,Regular Week,Actual
19,2011-07-29,1298775.8,0,74.86,4.004,135.9639355,7.806,2011,7,30,1343857.0233999984,-45081.22339999839,July,Regular Week,Actual
19,2011-08-05,1408968.55,0,73.84,4.02,136.0540323,7.806,2011,8,31,1390017.5890999986,18950.96090000146,August,Regular Week,Actual
19,2011-08-12,1360969.45,0,70.92,3.995,136.144129,7.806,2011,8,32,1399506.8471999988,-38537.39719999884,August,Regular Week,Actual
19,2011-08-19,1391792.69,0,71.14,3.942,136.183129,7.806,2011,8,33,1414073.9069999987,-22281.216999998782,August,Regular Week,Actual
19,2011-08-26,1547729.24,0,69.34,3.906,136.2136129,7.806,2011,8,34,1478117.1385999995,69612.10140000051,August,Regular Week,Actual
19,2011-09-02,1609951.02,0,69.27,3.879,136.2440968,7.806,2011,9,35,1544531.2015000007,65419.818499999354,September,Regular Week,Actual
19,2011-09-09,1566712.79,1,68.28,3.93,136.2745806,7.806,2011,9,36,1547295.7571000003,19417.03289999976,September,Holiday Week,Actual
19,2011-09-16,1365633.53,0,62.76,3.937,136.3145,7.806,2011,9,37,1370250.9420000007,-4617.41200000071,September,Regular Week,Actual
19,2011-09-23,1300375.76,0,61.32,3.899,136.367,7.806,2011,9,38,1330264.5502000018,-29888.790200001793,September,Regular Week,Actual
19,2011-09-30,1330757.22,0,64.99,3.858,136.4195,7.806,2011,9,39,1357529.8497999995,-26772.62979999953,September,Regular Week,Actual
19,2011-10-07,1461718.87,0,53.1,3.775,136.472,7.866,2011,10,40,1431934.566700001,29784.303299999097,October,Regular Week,Actual
19,2011-10-14,1318905.53,0,61.86,3.744,136.5150968,7.866,2011,10,41,1339275.1389000001,-20369.60890000011,October,Regular Week,Actual
19,2011-10-21,1374863.1,0,52.05,3.757,136.5017742,7.866,2011,10,42,1388076.4162999988,-13213.316299998667,October,Regular Week,Actual
19,2011-10-28,1396612.36,0,46.49,3.757,136.4884516,7.866,2011,10,43,1398823.5823000001,-2211.222300000023,October,Regular Week,Actual
19,2011-11-04,1480289.64,0,44.97,3.738,136.475129,7.866,2011,11,44,1455833.955399999,24455.68460000097,November,Regular Week,Actual
19,2011-11-11,1502078.93,0,48.22,3.719,136.4618065,7.866,2011,11,45,1435233.7879999985,66845.14200000139,November,Regular Week,Actual
19,2011-11-18,1411835.57,0,48.21,3.717,136.4666667,7.866,2011,11,46,1440418.7174999982,-28583.1474999981,November,Regular Week,Actual
19,2011-11-25,1974646.78,1,42.75,3.689,136.4788,7.866,2011,11,47,1887315.7198000008,87331.06019999925,November,Holiday Week,Actual
19,2011-12-02,1484708.38,0,45.67,3.666,136.4909333,7.866,2011,12,48,1707735.1628000005,-223026.78280000063,December,Regular Week,Actual
19,2011-12-09,1713769.06,0,40.18,3.627,136.5030667,7.866,2011,12,49,1709946.357500001,3822.7024999989662,December,Regular Week,Actual
19,2011-12-16,1852179.15,0,37.07,3.611,136.5335161,7.866,2011,12,50,1807705.9542000026,44473.19579999731,December,Regular Week,Actual
19,2011-12-23,2480159.47,0,36.09,3.587,136.5883871,7.866,2011,12,51,2285356.4081999995,194803.06180000072,December,Regular Week,Actual
19,2011-12-30,1405168.06,1,31.65,3.566,136.6432581,7.866,2011,12,52,1443987.3335999988,-38819.27359999879,December,Holiday Week,Actual
19,2012-01-06,1266570.4,0,31.84,3.585,136.698129,7.943,2012,1,1,1246098.5101000022,20471.88989999774,January,Regular Week,Actual
19,2012-01-13,1182198.7,0,37.08,3.666,136.753,7.943,2012,1,2,1216804.3232000018,-34605.62320000189,January,Regular Week,Actual
19,2012-01-20,1237104.73,0,23.44,3.705,136.8564194,7.943,2012,1,3,1243172.0095000013,-6067.279500001343,January,Regular Week,Actual
19,2012-01-27,1279623.26,0,32.41,3.737,136.9598387,7.943,2012,1,4,1272191.1745000016,7432.085499998415,January,Regular Week,Actual
19,2012-02-03,1345311.65,0,36.22,3.796,137.0632581,7.943,2012,2,5,1372514.5785000003,-27202.928500000387,February,Regular Week,Actual
19,2012-02-10,1499496.67,1,32.61,3.826,137.1666774,7.943,2012,2,6,1465998.2097000005,33498.46029999945,February,Holiday Week,Actual
19,2012-02-17,1424720.27,0,30.95,3.874,137.2583103,7.943,2012,2,7,1396051.6006,28668.669400000013,February,Regular Week,Actual
19,2012-02-24,1352470.09,0,33.91,3.917,137.3411034,7.943,2012,2,8,1356169.8582000008,-3699.768200000748,February,Regular Week,Actual
19,2012-03-02,1308977.05,0,34.83,3.983,137.4238966,7.943,2012,3,9,1326501.6635999987,-17524.613599998644,March,Regular Week,Actual
19,2012-03-09,1358816.46,0,38.15,4.021,137.5066897,7.943,2012,3,10,1323845.7864999985,34970.67350000143,March,Regular Week,Actual
19,2012-03-16,1312849.1,0,48.2,4.021,137.5843871,7.943,2012,3,11,1320163.269699998,-7314.169699997874,March,Regular Week,Actual
19,2012-03-23,1342254.55,0,56.72,4.054,137.6552903,7.943,2012,3,12,1336074.326599998,6180.223400002113,March,Regular Week,Actual
19,2012-03-30,1327139.35,0,43.47,4.098,137.7261935,7.943,2012,3,13,1328587.1801999977,-1447.8301999976393,March,Regular Week,Actual
19,2012-04-06,1631737.68,0,40.23,4.143,137.7970968,8.15,2012,4,14,1330214.0008999985,301523.67910000146,April,Regular Week,Actual
19,2012-04-13,1365098.46,0,44.42,4.187,137.868,8.15,2012,4,15,1337707.645199998,27390.814800001914,April,Regular Week,Actual
19,2012-04-20,1255087.26,0,55.2,4.17,137.9230667,8.15,2012,4,16,1294047.5136000009,-38960.25360000087,April,Regular Week,Actual
19,2012-04-27,1285897.24,0,42.45,4.163,137.9781333,8.15,2012,4,17,1303207.4393999984,-17310.19939999841,April,Regular Week,Actual
19,2012-05-04,1405007.44,0,50.76,4.124,138.0332,8.15,2012,5,18,1359490.6278999983,45516.81210000161,May,Regular Week,Actual
19,2012-05-11,1442873.22,0,55.33,4.055,138.0882667,8.15,2012,5,19,1406192.6692999986,36680.55070000142,May,Regular Week,Actual
19,2012-05-18,1366937.1,0,58.81,4.029,138.1065806,8.15,2012,5,20,1374185.7355999977,-7248.635599997593,May,Regular Week,Actual
19,2012-05-25,1485540.28,0,67.79,3.979,138.1101935,8.15,2012,5,21,1468276.5007000014,17263.779299998656,May,Regular Week,Actual
19,2012-06-01,1450733.29,0,68.18,3.915,138.1138065,8.15,2012,6,22,1448420.1032000012,2313.186799998861,June,Regular Week,Actual
19,2012-06-08,1390122.11,0,60.19,3.871,138.1174194,8.15,2012,6,23,1382539.0163999991,7583.093600000953,June,Regular Week,Actual
19,2012-06-15,1440263.15,0,68.19,3.786,138.1295333,8.15,2012,6,24,1439756.1811000016,506.9688999983482,June,Regular Week,Actual
19,2012-06-22,1468350.36,0,75.83,3.722,138.1629,8.15,2012,6,25,1447399.3741000004,20950.985899999738,June,Regular Week,Actual
19,2012-06-29,1379652.65,0,69.92,3.667,138.1962667,8.15,2012,6,26,1466628.449,-86975.79900000012,June,Regular Week,Actual
19,2012-07-06,1557120.44,0,76.07,3.646,138.2296333,8.193,2012,7,27,1492144.5359999987,64975.90400000126,July,Regular Week,Actual
19,2012-07-13,1321741.35,0,73.17,3.689,138.263,8.193,2012,7,28,1346188.8490999984,-24447.49909999827,July,Regular Week,Actual
19,2012-07-20,1317672.92,0,76.17,3.732,138.2331935,8.193,2012,7,29,1330070.506600001,-12397.58660000097,July,Regular Week,Actual
19,2012-07-27,1248915.43,0,74.43,3.82,138.2033871,8.193,2012,7,30,1286656.8028000016,-37741.37280000164,July,Regular Week,Actual
19,2012-08-03,1342123.78,0,73.41,3.819,138.1735806,8.193,2012,8,31,1343574.8360000008,-1451.0560000007972,August,Regular Week,Actual
19,2012-08-10,1408907.89,0,74.45,3.863,138.1437742,8.193,2012,8,32,1310528.9982000017,98378.89179999824,August,Regular Week,Actual
19,2012-08-17,1375101.26,0,69.83,3.963,138.1857097,8.193,2012,8,33,1410075.6280000005,-34974.36800000048,August,Regular Week,Actual
19,2012-08-24,1544653.37,0,66.66,3.997,138.2814516,8.193,2012,8,34,1455693.4385000006,88959.93149999948,August,Regular Week,Actual
19,2012-08-31,1542719.87,0,71.85,4.026,138.3771935,8.193,2012,8,35,1501770.118100001,40949.7518999991,August,Regular Week,Actual
19,2012-09-07,1497073.82,1,72.2,4.076,138.4729355,8.193,2012,9,36,1499623.6467999984,-2549.8267999982927,September,Holiday Week,Actual
19,2012-09-14,1370653.41,0,65.08,4.088,138.5673,8.193,2012,9,37,1390178.3152999985,-19524.905299998587,September,Regular Week,Actual
19,2012-09-21,1338572.29,0,60.62,4.203,138.6534,8.193,2012,9,38,1347531.993200001,-8959.703200001037,September,Regular Week,Actual
19,2012-09-28,1338299.02,0,56.81,4.158,138.7395,8.193,2012,9,39,1338349.032299999,-50.0122999988962,September,Regular Week,Actual
19,2012-10-05,1408016.1,0,59.86,4.151,138.8256,7.992,2012,10,40,1387442.5929999975,20573.507000002544,October,Regular Week,Actual
19,2012-10-12,1352809.5,0,48.29,4.186,138.9117,7.992,2012,10,41,1352346.5770999999,462.92290000012144,October,Regular Week,Actual
19,2012-10-19,1321102.35,0,53.44,4.153,138.8336129,7.992,2012,10,42,1367789.0188999986,-46686.668899998534,October,Regular Week,Actual
19,2012-10-26,1322117.96,0,56.49,4.071,138.7281613,7.992,2012,10,43,1340195.9750999976,-18078.015099997632,October,Regular Week,Actual
20,2010-02-05,2401395.47,0,25.92,2.784,204.2471935,8.187,2010,2,5,2284043.6509999987,117351.81900000153,February,Regular Week,Actual
20,2010-02-12,2109107.9,1,22.12,2.773,204.3857472,8.187,2010,2,6,2240143.3581999973,-131035.45819999743,February,Holiday Week,Actual
20,2010-02-19,2161549.76,0,25.43,2.745,204.4321004,8.187,2010,2,7,2174162.2115999977,-12612.451599997934,February,Regular Week,Actual
20,2010-02-26,1898193.95,0,32.32,2.754,204.4630869,8.187,2010,2,8,1951620.437799999,-53426.48779999907,February,Regular Week,Actual
20,2010-03-05,2119213.72,0,31.75,2.777,204.4940734,8.187,2010,3,9,2059181.7003999995,60032.0196000007,March,Regular Week,Actual
20,2010-03-12,2010974.84,0,43.82,2.818,204.5250598,8.187,2010,3,10,2000333.3840000022,10641.45599999791,March,Regular Week,Actual
20,2010-03-19,1951848.43,0,47.32,2.844,204.3782258,8.187,2010,3,11,1969579.5415000028,-17731.11150000291,March,Regular Week,Actual
20,2010-03-26,1894742.95,0,50.49,2.854,204.201755,8.187,2010,3,12,1945449.8802999984,-50706.930299998494,March,Regular Week,Actual
20,2010-04-02,2405395.22,0,51.0,2.85,204.0252842,7.856,2010,4,13,2206216.2154999985,199179.00450000167,April,Regular Week,Actual
20,2010-04-09,2007796.26,0,65.1,2.869,203.8488134,7.856,2010,4,14,2025360.4736999988,-17564.2136999988,April,Regular Week,Actual
20,2010-04-16,1985784.59,0,55.43,2.899,203.7307486,7.856,2010,4,15,1983717.8185000012,2066.7714999988675,April,Regular Week,Actual
20,2010-04-23,1878862.42,0,50.65,2.902,203.6905586,7.856,2010,4,16,1941367.969199998,-62505.549199998146,April,Regular Week,Actual
20,2010-04-30,1919053.21,0,54.75,2.921,203.6503685,7.856,2010,4,17,1926858.8715000004,-7805.661500000395,April,Regular Week,Actual
20,2010-05-07,2137202.38,0,66.74,2.966,203.6101784,7.856,2010,5,18,1988690.680199998,148511.69980000192,May,Regular Week,Actual
20,2010-05-14,2033211.62,0,55.91,2.982,203.6133915,7.856,2010,5,19,1972351.8586000022,60859.761399997864,May,Regular Week,Actual
20,2010-05-21,1893736.9,0,60.38,2.958,203.8770235,7.856,2010,5,20,1937251.6735000028,-43514.77350000292,May,Regular Week,Actual
20,2010-05-28,2065984.95,0,70.97,2.899,204.1406556,7.856,2010,5,21,2076564.1833999974,-10579.233399997465,May,Regular Week,Actual
20,2010-06-04,2203619.35,0,72.52,2.847,204.4042877,7.856,2010,6,22,2162604.826499997,41014.52350000292,June,Regular Week,Actual
20,2010-06-11,2100489.79,0,67.32,2.809,204.6679198,7.856,2010,6,23,2090101.2230999991,10388.566900000907,June,Regular Week,Actual
20,2010-06-18,2091903.63,0,72.62,2.78,204.670036,7.856,2010,6,24,2081354.7933999973,10548.8366000026,June,Regular Week,Actual
20,2010-06-25,1973135.87,0,75.17,2.808,204.5675459,7.856,2010,6,25,2016002.793700001,-42866.92370000086,June,Regular Week,Actual
20,2010-07-02,2143676.77,0,70.1,2.815,204.4650559,7.527,2010,7,26,2087535.0164000022,56141.75359999784,July,Regular Week,Actual
20,2010-07-09,2107285.85,0,78.09,2.793,204.3625658,7.527,2010,7,27,2084880.631099997,22405.218900003005,July,Regular Week,Actual
20,2010-07-16,2031852.16,0,75.14,2.783,204.3571656,7.527,2010,7,28,2035530.6801999977,-3678.5201999978162,July,Regular Week,Actual
20,2010-07-23,1900535.9,0,77.75,2.771,204.4812188,7.527,2010,7,29,2049492.4000999983,-148956.50009999843,July,Regular Week,Actual
20,2010-07-30,1955896.59,0,76.03,2.781,204.605272,7.527,2010,7,30,2022674.2244999986,-66777.63449999853,July,Regular Week,Actual
20,2010-08-06,1910177.38,0,74.57,2.784,204.7293252,7.527,2010,8,31,1950444.4402999976,-40267.06029999768,August,Regular Week,Actual
20,2010-08-13,2071022.45,0,75.98,2.805,204.8533784,7.527,2010,8,32,2054690.378699998,16332.071300002048,August,Regular Week,Actual
20,2010-08-20,1975374.56,0,75.34,2.779,204.8217044,7.527,2010,8,33,2006897.3535999998,-31522.793599999743,August,Regular Week,Actual
20,2010-08-27,1946369.57,0,70.51,2.755,204.7900305,7.527,2010,8,34,1999946.6166000005,-53577.04660000047,August,Regular Week,Actual
20,2010-09-03,2121561.41,0,75.5,2.715,204.7583566,7.527,2010,9,35,2057524.2802999988,64037.12970000133,September,Regular Week,Actual
20,2010-09-10,2014954.79,1,65.02,2.699,204.7266827,7.527,2010,9,36,2001175.3787999996,13779.411200000439,September,Holiday Week,Actual
20,2010-09-17,1948359.78,0,65.28,2.706,204.7513279,7.527,2010,9,37,1957256.8361000011,-8897.056100001093,September,Regular Week,Actual
20,2010-09-24,1789687.65,0,69.37,2.713,204.8182126,7.527,2010,9,38,1898688.4394000017,-109000.78940000175,September,Regular Week,Actual
20,2010-10-01,1933719.21,0,61.08,2.707,204.8850973,7.484,2010,10,39,1923992.4810000006,9726.728999999352,October,Regular Week,Actual
20,2010-10-08,2060389.27,0,51.5,2.764,204.951982,7.484,2010,10,40,2052063.4117000022,8325.858299997868,October,Regular Week,Actual
20,2010-10-15,1950676.39,0,59.17,2.868,205.0137637,7.484,2010,10,41,1977371.2305999973,-26694.840599997435,October,Regular Week,Actual
20,2010-10-22,1893955.27,0,50.52,2.917,205.0627881,7.484,2010,10,42,2027717.4085,-133762.13849999988,October,Regular Week,Actual
20,2010-10-29,1891816.0,0,57.56,2.921,205.1118126,7.484,2010,10,43,2007241.5454999984,-115425.54549999838,October,Regular Week,Actual
20,2010-11-05,2184316.64,0,42.78,2.917,205.160837,7.484,2010,11,44,2181819.708799997,2496.9312000032514,November,Regular Week,Actual
20,2010-11-12,2187765.28,0,42.38,2.931,205.2098614,7.484,2010,11,45,2195017.6640999992,-7252.384099999443,November,Regular Week,Actual
20,2010-11-19,2105058.91,0,45.88,3.0,205.0992811,7.484,2010,11,46,2203880.9015999977,-98821.9915999975,November,Regular Week,Actual
20,2010-11-26,2811634.04,1,46.66,3.039,204.9621,7.484,2010,11,47,2688087.6620999975,123546.37790000252,November,Holiday Week,Actual
20,2010-12-03,2416051.17,0,35.47,3.046,204.8249189,7.484,2010,12,48,2530509.6736999974,-114458.50369999744,December,Regular Week,Actual
20,2010-12-10,2752122.08,0,24.27,3.109,204.6877378,7.484,2010,12,49,2658579.3564000037,93542.72359999642,December,Regular Week,Actual
20,2010-12-17,2819193.17,0,24.07,3.14,204.6321194,7.484,2010,12,50,2700312.5173999984,118880.65260000154,December,Regular Week,Actual
20,2010-12-24,3766687.43,0,25.17,3.141,204.6376731,7.484,2010,12,51,2806112.5160000003,960574.9139999999,December,Regular Week,Actual
20,2010-12-31,1799737.79,1,28.85,3.179,204.6432267,7.484,2010,12,52,1980672.3142000001,-180934.5242000001,December,Holiday Week,Actual
20,2011-01-07,1843030.95,0,31.43,3.193,204.6487803,7.343,2011,1,1,1906249.8106999986,-63218.86069999868,January,Regular Week,Actual
20,2011-01-14,1884345.01,0,20.39,3.205,204.7026042,7.343,2011,1,2,1885947.9646999987,-1602.9546999987215,January,Regular Week,Actual
20,2011-01-21,1781805.66,0,27.43,3.229,205.0460497,7.343,2011,1,3,1843380.8852999986,-61575.22529999865,January,Regular Week,Actual
20,2011-01-28,1761506.68,0,23.21,3.237,205.3894952,7.343,2011,1,4,1804869.028300003,-43362.34830000298,January,Regular Week,Actual
20,2011-02-04,2351143.07,0,28.58,3.231,205.7329407,7.343,2011,2,5,2284445.3809999963,66697.6890000035,February,Regular Week,Actual
20,2011-02-11,2211388.14,1,25.38,3.239,206.0763862,7.343,2011,2,6,2240077.328899996,-28689.18889999576,February,Holiday Week,Actual
20,2011-02-18,2258616.24,0,42.95,3.245,206.3694701,7.343,2011,2,7,2173235.2791,85380.9609000003,February,Regular Week,Actual
20,2011-02-25,1938608.52,0,33.2,3.274,206.6424093,7.343,2011,2,8,1994649.8403000021,-56041.32030000212,February,Regular Week,Actual
20,2011-03-04,2143424.61,0,37.33,3.433,206.9153485,7.343,2011,3,9,2079515.2482000038,63909.36179999611,March,Regular Week,Actual
20,2011-03-11,1990932.77,0,39.53,3.582,207.1882876,7.343,2011,3,10,2000316.0542000022,-9383.284200002206,March,Regular Week,Actual
20,2011-03-18,1931668.64,0,44.8,3.631,207.4283845,7.343,2011,3,11,1927431.5451000023,4237.094899997581,March,Regular Week,Actual
20,2011-03-25,1824711.21,0,44.83,3.625,207.6553444,7.343,2011,3,12,1885048.4853000015,-60337.27530000149,March,Regular Week,Actual
20,2011-04-01,1927993.09,0,32.43,3.638,207.8823043,7.287,2011,4,13,1975977.3018000028,-47984.211800002726,April,Regular Week,Actual
20,2011-04-08,2027056.39,0,47.09,3.72,208.1092642,7.287,2011,4,14,2032885.6504000013,-5829.260400001425,April,Regular Week,Actual
20,2011-04-15,2057406.33,0,55.0,3.821,208.3172811,7.287,2011,4,15,2033990.5241000021,23415.80589999794,April,Regular Week,Actual
20,2011-04-22,2313861.81,0,52.56,3.892,208.4779405,7.287,2011,4,16,2150275.304700001,163586.5052999989,April,Regular Week,Actual
20,2011-04-29,1881788.19,0,62.97,3.962,208.6386,7.287,2011,4,17,1930400.886399999,-48612.696399999084,April,Regular Week,Actual
20,2011-05-06,2090838.44,0,53.41,4.046,208.7992595,7.287,2011,5,18,2080926.5561999995,9911.883800000418,May,Regular Week,Actual
20,2011-05-13,2036748.53,0,62.26,4.066,208.9599189,7.287,2011,5,19,2020516.9358000003,16231.594199999701,May,Regular Week,Actual
20,2011-05-20,1953416.06,0,59.01,4.062,208.7583165,7.287,2011,5,20,1977962.212400001,-24546.152400000952,May,Regular Week,Actual
20,2011-05-27,1944433.17,0,69.12,3.985,208.556714,7.287,2011,5,21,1989285.981699998,-44852.8116999981,May,Regular Week,Actual
20,2011-06-03,2182246.69,0,73.51,3.922,208.3551116,7.287,2011,6,22,2139307.693099998,42938.99690000201,June,Regular Week,Actual
20,2011-06-10,2135062.04,0,73.64,3.881,208.1535092,7.287,2011,6,23,2123942.5165999983,11119.523400001694,June,Regular Week,Actual
20,2011-06-17,2065191.27,0,66.41,3.842,208.1265604,7.287,2011,6,24,2049562.8780999982,15628.391900001792,June,Regular Week,Actual
20,2011-06-24,1950826.32,0,72.4,3.804,208.2306018,7.287,2011,6,25,2009035.7387999964,-58209.418799996376,June,Regular Week,Actual
20,2011-07-01,2053165.41,0,69.66,3.748,208.3346432,7.274,2011,7,26,2043955.7683999983,9209.641600001603,July,Regular Week,Actual
20,2011-07-08,2123787.79,0,74.69,3.711,208.4386847,7.274,2011,7,27,2091302.0734999988,32485.71650000126,July,Regular Week,Actual
20,2011-07-15,2039875.75,0,74.88,3.76,208.5309337,7.274,2011,7,28,2032019.1068000006,7856.643199999351,July,Regular Week,Actual
20,2011-07-22,1950904.84,0,78.89,3.811,208.5937018,7.274,2011,7,29,2033939.2564000022,-83034.41640000208,July,Regular Week,Actual
20,2011-07-29,1858440.92,0,77.47,3.829,208.6564699,7.274,2011,7,30,1998962.2721000018,-140521.35210000188,July,Regular Week,Actual
20,2011-08-05,2189353.63,0,77.8,3.842,208.719238,7.274,2011,8,31,2015798.5467000017,173555.0832999982,August,Regular Week,Actual
20,2011-08-12,2052246.4,0,73.52,3.812,208.7820061,7.274,2011,8,32,2036934.5189000024,15311.881099997554,August,Regular Week,Actual
20,2011-08-19,1990017.93,0,71.25,3.747,208.8424359,7.274,2011,8,33,2017337.1847000027,-27319.254700002726,August,Regular Week,Actual
20,2011-08-26,1933577.2,0,70.15,3.704,208.902476,7.274,2011,8,34,2081529.5529999996,-147952.35299999965,August,Regular Week,Actual
20,2011-09-02,2141765.98,0,70.82,3.703,208.9625161,7.274,2011,9,35,2097311.7722999984,44454.20770000154,September,Regular Week,Actual
20,2011-09-09,2050542.56,1,68.74,3.738,209.0225562,7.274,2011,9,36,2038189.136000001,12353.423999998951,September,Holiday Week,Actual
20,2011-09-16,1979009.46,0,64.02,3.742,209.1893892,7.274,2011,9,37,1987269.314400001,-8259.854400001,September,Regular Week,Actual
20,2011-09-23,1888119.7,0,62.15,3.711,209.4986126,7.274,2011,9,38,1942993.4686999982,-54873.76869999827,September,Regular Week,Actual
20,2011-09-30,1945808.26,0,63.44,3.645,209.807836,7.274,2011,9,39,1962324.2140999986,-16515.954099998577,September,Regular Week,Actual
20,2011-10-07,2135982.79,0,52.42,3.583,210.1170595,7.082,2011,10,40,2102118.6047000005,33864.185299999546,October,Regular Week,Actual
20,2011-10-14,2010107.68,0,62.54,3.541,210.4027602,7.082,2011,10,41,2028764.6042000027,-18656.924200002803,October,Regular Week,Actual
20,2011-10-21,2104241.9,0,53.69,3.57,210.5473252,7.082,2011,10,42,2090869.1288000029,13372.771199997049,October,Regular Week,Actual
20,2011-10-28,2065421.52,0,49.36,3.569,210.6918901,7.082,2011,10,43,2094035.8404000022,-28614.32040000218,October,Regular Week,Actual
20,2011-11-04,2284106.6,0,43.88,3.551,210.8364551,7.082,2011,11,44,2237106.1033999976,47000.496600002516,November,Regular Week,Actual
20,2011-11-11,2269975.85,0,47.27,3.53,210.9810201,7.082,2011,11,45,2249286.993299997,20688.856700003147,November,Regular Week,Actual
20,2011-11-18,2169933.82,0,49.3,3.53,211.1847207,7.082,2011,11,46,2229490.0396999964,-59556.21969999652,November,Regular Week,Actual
20,2011-11-25,2906233.25,1,46.38,3.492,211.4120757,7.082,2011,11,47,2761739.6788999997,144493.5711000003,November,Holiday Week,Actual
20,2011-12-02,2298776.83,0,46.32,3.452,211.6394306,7.082,2011,12,48,2470872.3676000037,-172095.53760000365,December,Regular Week,Actual
20,2011-12-09,2546123.78,0,41.64,3.415,211.8667856,7.082,2011,12,49,2601273.0616000015,-55149.281600001734,December,Regular Week,Actual
20,2011-12-16,2762816.65,0,37.16,3.413,212.0685039,7.082,2011,12,50,2803734.9499000018,-40918.299900001846,December,Regular Week,Actual
20,2011-12-23,3555371.03,0,40.19,3.389,212.2360401,7.082,2011,12,51,3203480.069199997,351890.9608000028,December,Regular Week,Actual
20,2011-12-30,2043245.0,1,36.35,3.389,212.4035763,7.082,2011,12,52,2236671.7623,-193426.76230000006,December,Holiday Week,Actual
20,2012-01-06,1964701.94,0,33.42,3.422,212.5711125,6.961,2012,1,1,1966382.6697999982,-1680.7297999982256,January,Regular Week,Actual
20,2012-01-13,1911510.64,0,37.79,3.513,212.7386486,6.961,2012,1,2,1944501.2065999983,-32990.56659999839,January,Regular Week,Actual
20,2012-01-20,1892775.94,0,27.65,3.533,212.8336399,6.961,2012,1,3,1922362.0439999984,-29586.10399999842,January,Regular Week,Actual
20,2012-01-27,1761016.51,0,37.19,3.567,212.9286312,6.961,2012,1,4,1844736.8770999997,-83720.36709999968,January,Regular Week,Actual
20,2012-02-03,2203523.2,0,39.93,3.617,213.0236225,6.961,2012,2,5,2195978.5645,7544.635500000324,February,Regular Week,Actual
20,2012-02-10,2462978.28,1,33.47,3.64,213.1186138,6.961,2012,2,6,2387234.8297,75743.45029999968,February,Holiday Week,Actual
20,2012-02-17,2309025.16,0,31.11,3.695,213.2732106,6.961,2012,2,7,2278199.185799998,30825.974200001918,February,Regular Week,Actual
20,2012-02-24,2045837.55,0,39.79,3.739,213.4725116,6.961,2012,2,8,2083518.048200002,-37680.49820000189,February,Regular Week,Actual
20,2012-03-02,2148822.76,0,39.98,3.816,213.6718127,6.961,2012,3,9,2088848.337800003,59974.42219999689,March,Regular Week,Actual
20,2012-03-09,2139265.4,0,41.14,3.848,213.8711137,6.961,2012,3,10,2116215.405100003,23049.994899997022,March,Regular Week,Actual
20,2012-03-16,2064991.71,0,53.73,3.862,214.0167132,6.961,2012,3,11,2065874.0497000013,-882.3397000012919,March,Regular Week,Actual
20,2012-03-23,1992436.96,0,66.11,3.9,214.0907105,6.961,2012,3,12,2020489.6376000014,-28052.67760000145,March,Regular Week,Actual
20,2012-03-30,2074721.74,0,51.52,3.953,214.1647079,6.961,2012,3,13,2093016.7235000012,-18294.983500001254,March,Regular Week,Actual
20,2012-04-06,2565259.92,0,50.06,3.996,214.2387053,7.139,2012,4,14,2351374.4132999983,213885.50670000166,April,Regular Week,Actual
20,2012-04-13,2045396.06,0,45.68,4.044,214.3127027,7.139,2012,4,15,2083252.5046000015,-37856.44460000144,April,Regular Week,Actual
20,2012-04-20,1884427.84,0,60.11,4.027,214.3675045,7.139,2012,4,16,2002131.7945000017,-117703.95450000162,April,Regular Week,Actual
20,2012-04-27,1886503.93,0,47.64,4.004,214.4223063,7.139,2012,4,17,2170552.9450000008,-284049.0150000008,April,Regular Week,Actual
20,2012-05-04,2163510.89,0,62.74,3.951,214.4771081,7.139,2012,5,18,2148283.911599997,15226.978400003165,May,Regular Week,Actual
20,2012-05-11,2168097.11,0,63.19,3.889,214.5319099,7.139,2012,5,19,2156839.8753000023,11257.234699997585,May,Regular Week,Actual
20,2012-05-18,2039222.26,0,60.99,3.848,214.5485571,7.139,2012,5,20,2143259.033,-104036.77299999981,May,Regular Week,Actual
20,2012-05-25,2114989.0,0,70.04,3.798,214.5499425,7.139,2012,5,21,2118059.0292000007,-3070.0292000006884,May,Regular Week,Actual
20,2012-06-01,2143126.59,0,73.67,3.742,214.5513278,7.139,2012,6,22,2131914.4579000007,11212.132099999115,June,Regular Week,Actual
20,2012-06-08,2231962.13,0,62.01,3.689,214.5527132,7.139,2012,6,23,2188531.0108999982,43431.11910000164,June,Regular Week,Actual
20,2012-06-15,2165160.29,0,71.51,3.62,214.5653243,7.139,2012,6,24,2115187.4363999995,49972.8536000005,June,Regular Week,Actual
20,2012-06-22,2060588.69,0,76.51,3.564,214.606,7.139,2012,6,25,2077105.5070999989,-16516.817099998938,June,Regular Week,Actual
20,2012-06-29,2055952.61,0,74.15,3.506,214.6466757,7.139,2012,6,26,2111486.7865,-55534.17649999983,June,Regular Week,Actual
20,2012-07-06,2358055.3,0,79.2,3.475,214.6873514,7.28,2012,7,27,2276066.589800003,81988.71019999683,July,Regular Week,Actual
20,2012-07-13,2134680.12,0,78.27,3.523,214.728027,7.28,2012,7,28,2118452.937000002,16227.182999998331,July,Regular Week,Actual
20,2012-07-20,1970170.29,0,76.04,3.567,214.7331351,7.28,2012,7,29,1992976.1715999998,-22805.88159999973,July,Regular Week,Actual
20,2012-07-27,1911559.1,0,74.6,3.647,214.7382432,7.28,2012,7,30,1972002.5605999974,-60443.460599997314,July,Regular Week,Actual
20,2012-08-03,2094515.71,0,74.73,3.654,214.7433514,7.28,2012,8,31,1986548.754299997,107966.95570000308,August,Regular Week,Actual
20,2012-08-10,2144245.39,0,75.4,3.722,214.7484595,7.28,2012,8,32,2089935.2273999967,54310.162600003416,August,Regular Week,Actual
20,2012-08-17,2045061.22,0,69.57,3.807,214.825578,7.28,2012,8,33,2048229.9105999994,-3168.6905999993905,August,Regular Week,Actual
20,2012-08-24,2005341.43,0,68.27,3.834,214.9567044,7.28,2012,8,34,2051832.1698999992,-46490.73989999923,August,Regular Week,Actual
20,2012-08-31,2062481.56,0,72.66,3.867,215.0878309,7.28,2012,8,35,2057480.808999999,5000.751000001095,August,Regular Week,Actual
20,2012-09-07,2080529.06,1,76.36,3.911,215.2189573,7.28,2012,9,36,2087168.8366000003,-6639.776600000216,September,Holiday Week,Actual
20,2012-09-14,2047949.98,0,64.84,3.948,215.3583757,7.28,2012,9,37,2054489.7485999984,-6539.768599998439,September,Regular Week,Actual
20,2012-09-21,2028587.24,0,60.94,4.038,215.5475459,7.28,2012,9,38,2041223.3692000008,-12636.129200000782,September,Regular Week,Actual
20,2012-09-28,2008350.58,0,58.65,3.997,215.7367162,7.28,2012,9,39,2105613.3850999996,-97262.80509999953,September,Regular Week,Actual
20,2012-10-05,2246411.89,0,60.77,3.985,215.9258865,7.293,2012,10,40,2164337.9640999986,82073.92590000154,October,Regular Week,Actual
20,2012-10-12,2162951.36,0,47.2,4.0,216.1150568,7.293,2012,10,41,2181754.451300003,-18803.09130000323,October,Regular Week,Actual
20,2012-10-19,1999363.49,0,56.26,3.969,216.1464699,7.293,2012,10,42,2126099.609400001,-126736.1194000009,October,Regular Week,Actual
20,2012-10-26,2031650.55,0,60.04,3.882,216.1515902,7.293,2012,10,43,2069862.328500002,-38211.77850000188,October,Regular Week,Actual
21,2010-02-05,798593.88,0,39.05,2.572,210.7526053,8.324,2010,2,5,686977.9218000002,111615.95819999976,February,Regular Week,Actual
21,2010-02-12,809321.44,1,37.77,2.548,210.8979935,8.324,2010,2,6,747842.9989999995,61478.44100000046,February,Holiday Week,Actual
21,2010-02-19,867283.25,0,39.75,2.514,210.9451605,8.324,2010,2,7,734122.5172999997,133160.73270000028,February,Regular Week,Actual
21,2010-02-26,749597.24,0,45.31,2.561,210.9759573,8.324,2010,2,8,745302.4378999999,4294.802100000088,February,Regular Week,Actual
21,2010-03-05,747444.32,0,48.61,2.625,211.0067542,8.324,2010,3,9,752767.8746999993,-5323.554699999397,March,Regular Week,Actual
21,2010-03-12,712312.89,0,57.1,2.667,211.037551,8.324,2010,3,10,744401.8869999996,-32088.996999999625,March,Regular Week,Actual
21,2010-03-19,727070.0,0,54.68,2.72,210.8733316,8.324,2010,3,11,730481.4906999997,-3411.490699999733,March,Regular Week,Actual
21,2010-03-26,686497.53,0,51.66,2.732,210.6766095,8.324,2010,3,12,701615.9971000005,-15118.467100000475,March,Regular Week,Actual
21,2010-04-02,753664.12,0,64.12,2.719,210.4798874,8.2,2010,4,13,743818.4743999997,9845.64560000028,April,Regular Week,Actual
21,2010-04-09,751181.4,0,65.74,2.77,210.2831653,8.2,2010,4,14,733014.7298999998,18166.67010000022,April,Regular Week,Actual
21,2010-04-16,716026.51,0,67.87,2.808,210.1495463,8.2,2010,4,15,719749.8508,-3723.3408000000054,April,Regular Week,Actual
21,2010-04-23,718780.59,0,64.21,2.795,210.1000648,8.2,2010,4,16,717897.1650000011,883.4249999988824,April,Regular Week,Actual
21,2010-04-30,680532.69,0,66.93,2.78,210.0505833,8.2,2010,4,17,700133.3643999995,-19600.674399999552,April,Regular Week,Actual
21,2010-05-07,744969.42,0,70.87,2.835,210.0011018,8.2,2010,5,18,742095.8005000008,2873.619499999215,May,Regular Week,Actual
21,2010-05-14,723559.88,0,73.08,2.854,209.9984585,8.2,2010,5,19,732404.6106000007,-8844.730600000708,May,Regular Week,Actual
21,2010-05-21,753361.72,0,74.24,2.826,210.2768443,8.2,2010,5,20,747100.0041999999,6261.715800000122,May,Regular Week,Actual
21,2010-05-28,755214.26,0,80.94,2.759,210.5552301,8.2,2010,5,21,752710.5334999998,2503.7265000002226,May,Regular Week,Actual
21,2010-06-04,806012.48,0,82.68,2.705,210.833616,8.2,2010,6,22,761205.6634999993,44806.816500000656,June,Regular Week,Actual
21,2010-06-11,784305.55,0,83.51,2.668,211.1120018,8.2,2010,6,23,777751.5484999991,6554.001500000944,June,Regular Week,Actual
21,2010-06-18,785104.29,0,86.18,2.637,211.1096543,8.2,2010,6,24,782236.5123999999,2867.777600000147,June,Regular Week,Actual
21,2010-06-25,769848.75,0,87.01,2.653,210.9950134,8.2,2010,6,25,778140.7914999995,-8292.041499999468,June,Regular Week,Actual
21,2010-07-02,711470.8,0,82.29,2.669,210.8803726,8.099,2010,7,26,757340.3416999994,-45869.54169999936,July,Regular Week,Actual
21,2010-07-09,714677.47,0,81.67,2.642,210.7657317,8.099,2010,7,27,746980.2394999997,-32302.769499999704,July,Regular Week,Actual
21,2010-07-16,755098.41,0,85.61,2.623,210.7577954,8.099,2010,7,28,759213.2976999998,-4114.88769999973,July,Regular Week,Actual
21,2010-07-23,765823.48,0,87.17,2.608,210.8921319,8.099,2010,7,29,767589.7547999994,-1766.2747999994317,July,Regular Week,Actual
21,2010-07-30,715876.27,0,83.59,2.64,211.0264684,8.099,2010,7,30,759660.6366999996,-43784.36669999955,July,Regular Week,Actual
21,2010-08-06,739279.19,0,90.3,2.627,211.1608049,8.099,2010,8,31,752499.304599999,-13220.11459999904,August,Regular Week,Actual
21,2010-08-13,793589.18,0,89.65,2.692,211.2951413,8.099,2010,8,32,771370.1447999995,22219.035200000508,August,Regular Week,Actual
21,2010-08-20,848873.28,0,89.58,2.664,211.2596586,8.099,2010,8,33,836994.8716000001,11878.408399999957,August,Regular Week,Actual
21,2010-08-27,855882.57,0,86.2,2.619,211.2241759,8.099,2010,8,34,844380.0119999992,11502.558000000776,August,Regular Week,Actual
21,2010-09-03,727772.8,0,82.57,2.577,211.1886931,8.099,2010,9,35,702264.2427999997,25508.55720000039,September,Regular Week,Actual
21,2010-09-10,674055.81,1,79.3,2.565,211.1532104,8.099,2010,9,36,675251.3888000005,-1195.5788000004832,September,Holiday Week,Actual
21,2010-09-17,684340.86,0,83.03,2.582,211.1806415,8.099,2010,9,37,692176.5203999999,-7835.660399999935,September,Regular Week,Actual
21,2010-09-24,671688.06,0,80.79,2.624,211.2552578,8.099,2010,9,38,674964.9848000008,-3276.9248000007356,September,Regular Week,Actual
21,2010-10-01,677158.39,0,70.28,2.603,211.3298742,8.163,2010,10,39,679358.9306000004,-2200.540600000415,October,Regular Week,Actual
21,2010-10-08,680579.49,0,65.76,2.633,211.4044906,8.163,2010,10,40,681146.0324000003,-566.5424000002677,October,Regular Week,Actual
21,2010-10-15,693412.05,0,68.61,2.72,211.4713286,8.163,2010,10,41,694640.9537999993,-1228.9037999992725,October,Regular Week,Actual
21,2010-10-22,710668.45,0,70.72,2.725,211.5187208,8.163,2010,10,42,704491.1835000005,6177.266499999445,October,Regular Week,Actual
21,2010-10-29,731756.65,0,67.51,2.716,211.5661131,8.163,2010,10,43,726070.6357999998,5686.014200000209,October,Regular Week,Actual
21,2010-11-05,719888.76,0,58.71,2.689,211.6135053,8.163,2010,11,44,735656.8970000002,-15768.13700000022,November,Regular Week,Actual
21,2010-11-12,735796.38,0,60.95,2.728,211.6608975,8.163,2010,11,45,741610.219,-5813.839000000036,November,Regular Week,Actual
21,2010-11-19,756288.89,0,51.71,2.771,211.5470304,8.163,2010,11,46,746056.1921000002,10232.697899999795,November,Regular Week,Actual
21,2010-11-26,1245628.61,1,62.96,2.735,211.4062867,8.163,2010,11,47,1218983.0252999999,26645.58470000024,November,Holiday Week,Actual
21,2010-12-03,829210.73,0,50.43,2.708,211.265543,8.163,2010,12,48,961801.9471,-132591.2171,December,Regular Week,Actual
21,2010-12-10,943891.64,0,46.35,2.843,211.1247993,8.163,2010,12,49,958706.3854000003,-14814.745400000247,December,Regular Week,Actual
21,2010-12-17,1147556.83,0,48.63,2.869,211.0645458,8.163,2010,12,50,1068615.1119999997,78941.71800000034,December,Regular Week,Actual
21,2010-12-24,1587257.78,0,51.29,2.886,211.0646599,8.163,2010,12,51,1413790.5577000005,173467.22229999956,December,Regular Week,Actual
21,2010-12-31,672903.23,1,47.19,2.943,211.064774,8.163,2010,12,52,761355.4340999994,-88452.20409999939,December,Holiday Week,Actual
21,2011-01-07,629152.06,0,44.24,2.976,211.0648881,8.028,2011,1,1,669404.1392,-40252.07919999992,January,Regular Week,Actual
21,2011-01-14,650789.13,0,34.14,2.983,211.1176713,8.028,2011,1,2,642748.4575000007,8040.6724999992875,January,Regular Week,Actual
21,2011-01-21,663941.73,0,42.72,3.016,211.4864691,8.028,2011,1,3,663902.2060999995,39.523900000494905,January,Regular Week,Actual
21,2011-01-28,649878.29,0,44.04,3.01,211.8552668,8.028,2011,1,4,669251.0632999997,-19372.77329999965,January,Regular Week,Actual
21,2011-02-04,596218.24,0,36.33,2.989,212.2240646,8.028,2011,2,5,631638.3555000003,-35420.115500000305,February,Regular Week,Actual
21,2011-02-11,771908.51,1,34.61,3.022,212.5928624,8.028,2011,2,6,720652.5380000002,51255.971999999834,February,Holiday Week,Actual
21,2011-02-18,884701.92,0,59.87,3.045,212.9033115,8.028,2011,2,7,841998.7531000007,42703.16689999937,February,Regular Week,Actual
21,2011-02-25,768313.85,0,61.27,3.065,213.190421,8.028,2011,2,8,796352.3431000003,-28038.493100000313,February,Regular Week,Actual
21,2011-03-04,796277.72,0,59.52,3.288,213.4775305,8.028,2011,3,9,786902.8652999996,9374.854700000375,March,Regular Week,Actual
21,2011-03-11,763479.9,0,54.69,3.459,213.7646401,8.028,2011,3,10,760728.5146999997,2751.3853000003146,March,Regular Week,Actual
21,2011-03-18,793569.0,0,63.26,3.488,214.0156238,8.028,2011,3,11,775296.5981000001,18272.40189999994,March,Regular Week,Actual
21,2011-03-25,753711.32,0,70.33,3.473,214.2521573,8.028,2011,3,12,760487.2089999996,-6775.888999999617,March,Regular Week,Actual
21,2011-04-01,732056.37,0,56.36,3.524,214.4886908,7.931,2011,4,13,742928.1709999996,-10871.800999999628,April,Regular Week,Actual
21,2011-04-08,744782.89,0,68.62,3.622,214.7252242,7.931,2011,4,14,761140.1748000004,-16357.284800000372,April,Regular Week,Actual
21,2011-04-15,768390.05,0,71.01,3.743,214.9420631,7.931,2011,4,15,777785.8743000003,-9395.824300000211,April,Regular Week,Actual
21,2011-04-22,801302.01,0,70.79,3.807,215.1096657,7.931,2011,4,16,785352.5943000001,15949.415699999896,April,Regular Week,Actual
21,2011-04-29,783250.75,0,70.19,3.81,215.2772683,7.931,2011,4,17,778721.8328,4528.917200000025,April,Regular Week,Actual
21,2011-05-06,718898.33,0,61.87,3.906,215.4448709,7.931,2011,5,18,730408.5232999992,-11510.193299999228,May,Regular Week,Actual
21,2011-05-13,754236.7,0,75.04,3.899,215.6124735,7.931,2011,5,19,749320.0554,4916.6446,May,Regular Week,Actual
21,2011-05-20,744836.56,0,68.36,3.907,215.3834778,7.931,2011,5,20,742783.5201000003,2053.0398999997415,May,Regular Week,Actual
21,2011-05-27,744389.81,0,76.86,3.786,215.1544822,7.931,2011,5,21,757234.9928000006,-12845.182800000533,May,Regular Week,Actual
21,2011-06-03,773878.58,0,83.82,3.699,214.9254865,7.931,2011,6,22,779017.5877000005,-5139.00770000054,June,Regular Week,Actual
21,2011-06-10,794397.89,0,84.71,3.648,214.6964908,7.931,2011,6,23,795343.4594000005,-945.5694000005024,June,Regular Week,Actual
21,2011-06-17,823220.43,0,87.54,3.637,214.6513538,7.931,2011,6,24,808889.5377000007,14330.892299999367,June,Regular Week,Actual
21,2011-06-24,771298.98,0,85.72,3.594,214.7441108,7.931,2011,6,25,785155.6533000002,-13856.673300000257,June,Regular Week,Actual
21,2011-07-01,784639.12,0,87.57,3.524,214.8368678,7.852,2011,7,26,775766.5123999998,8872.607600000221,July,Regular Week,Actual
21,2011-07-08,734099.4,0,89.16,3.48,214.9296249,7.852,2011,7,27,747030.0326999999,-12930.632699999842,July,Regular Week,Actual
21,2011-07-15,728311.15,0,91.05,3.575,215.0134426,7.852,2011,7,28,742357.7013999999,-14046.55139999988,July,Regular Week,Actual
21,2011-07-22,784490.67,0,90.27,3.651,215.0749122,7.852,2011,7,29,776998.1503000009,7492.519699999131,July,Regular Week,Actual
21,2011-07-29,751167.12,0,91.56,3.682,215.1363819,7.852,2011,7,30,767330.7764000006,-16163.65640000056,July,Regular Week,Actual
21,2011-08-05,783614.89,0,94.22,3.684,215.1978515,7.852,2011,8,31,779328.5403000003,4286.349699999671,August,Regular Week,Actual
21,2011-08-12,776933.37,0,92.32,3.638,215.2593211,7.852,2011,8,32,779568.0294,-2634.659400000004,August,Regular Week,Actual
21,2011-08-19,855546.5,0,90.11,3.554,215.3229307,7.852,2011,8,33,831478.8635000001,24067.636499999906,August,Regular Week,Actual
21,2011-08-26,821127.53,0,92.07,3.523,215.386897,7.852,2011,8,34,815955.6254999998,5171.904500000179,August,Regular Week,Actual
21,2011-09-02,705557.8,0,91.94,3.533,215.4508632,7.852,2011,9,35,717650.775499999,-12092.975499999011,September,Regular Week,Actual
21,2011-09-09,653989.65,1,78.87,3.546,215.5148295,7.852,2011,9,36,665332.1967999993,-11342.546799999312,September,Holiday Week,Actual
21,2011-09-16,653525.84,0,80.62,3.526,215.6944378,7.852,2011,9,37,662896.8044000008,-9370.96440000087,September,Regular Week,Actual
21,2011-09-23,681913.29,0,75.68,3.467,216.0282356,7.852,2011,9,38,677486.7267999996,4426.563200000441,September,Regular Week,Actual
21,2011-09-30,651970.48,0,78.91,3.355,216.3620333,7.852,2011,9,39,663590.9868999991,-11620.506899999105,September,Regular Week,Actual
21,2011-10-07,663452.46,0,71.64,3.285,216.6958311,7.441,2011,10,40,666208.9608000002,-2756.500800000271,October,Regular Week,Actual
21,2011-10-14,671379.44,0,69.79,3.274,217.0048261,7.441,2011,10,41,670127.6003999994,1251.8396000005305,October,Regular Week,Actual
21,2011-10-21,729036.06,0,65.16,3.353,217.1650042,7.441,2011,10,42,679777.3466999999,49258.71330000018,October,Regular Week,Actual
21,2011-10-28,738812.0,0,65.46,3.372,217.3251824,7.441,2011,10,43,728667.0360000002,10144.963999999803,October,Regular Week,Actual
21,2011-11-04,767358.37,0,56.01,3.332,217.4853605,7.441,2011,11,44,733397.2024000006,33961.167599999346,November,Regular Week,Actual
21,2011-11-11,757369.87,0,59.8,3.297,217.6455387,7.441,2011,11,45,734956.8249000007,22413.04509999929,November,Regular Week,Actual
21,2011-11-18,737014.09,0,61.9,3.308,217.8670218,7.441,2011,11,46,735187.6752000009,1826.4147999990964,November,Regular Week,Actual
21,2011-11-25,1219263.4,1,56.43,3.236,218.1130269,7.441,2011,11,47,1218837.9938000008,425.4061999991536,November,Holiday Week,Actual
21,2011-12-02,793184.25,0,48.72,3.172,218.3590319,7.441,2011,12,48,1011084.4173000002,-217900.1673000002,December,Regular Week,Actual
21,2011-12-09,897747.13,0,41.44,3.158,218.605037,7.441,2011,12,49,960300.3275000002,-62553.19750000024,December,Regular Week,Actual
21,2011-12-16,1027584.51,0,50.56,3.159,218.8217928,7.441,2011,12,50,1126196.7756000003,-98612.26560000028,December,Regular Week,Actual
21,2011-12-23,1384552.17,0,46.54,3.112,218.9995495,7.441,2011,12,51,1285118.2692000007,99433.90079999925,December,Regular Week,Actual
21,2011-12-30,804362.36,1,45.16,3.129,219.1773063,7.441,2011,12,52,783029.7842999995,21332.57570000051,December,Holiday Week,Actual
21,2012-01-06,640181.86,0,48.1,3.157,219.355063,7.057,2012,1,1,674464.3282000006,-34282.468200000585,January,Regular Week,Actual
21,2012-01-13,631181.25,0,45.0,3.261,219.5328198,7.057,2012,1,2,671414.3520000002,-40233.10200000019,January,Regular Week,Actual
21,2012-01-20,651178.2,0,52.21,3.268,219.6258417,7.057,2012,1,3,668888.7932000007,-17710.5932000007,January,Regular Week,Actual
21,2012-01-27,611258.71,0,50.79,3.29,219.7188636,7.057,2012,1,4,669812.6124000006,-58553.9024000006,January,Regular Week,Actual
21,2012-02-03,680725.43,0,55.83,3.36,219.8118854,7.057,2012,2,5,697223.5734000002,-16498.143400000175,February,Regular Week,Actual
21,2012-02-10,770652.79,1,46.52,3.409,219.9049073,7.057,2012,2,6,759644.1674000002,11008.622599999886,February,Holiday Week,Actual
21,2012-02-17,834663.52,0,45.03,3.51,220.0651993,7.057,2012,2,7,782167.0407000001,52496.47929999989,February,Regular Week,Actual
21,2012-02-24,747099.07,0,54.81,3.555,220.275944,7.057,2012,2,8,740211.9007999997,6887.169200000237,February,Regular Week,Actual
21,2012-03-02,764385.4,0,59.3,3.63,220.4866886,7.057,2012,3,9,757916.4447999996,6468.955200000433,March,Regular Week,Actual
21,2012-03-09,755084.4,0,57.16,3.669,220.6974332,7.057,2012,3,10,748862.4727999998,6221.9272000002675,March,Regular Week,Actual
21,2012-03-16,767338.32,0,63.39,3.734,220.8498468,7.057,2012,3,11,736167.2301999994,31171.08980000054,March,Regular Week,Actual
21,2012-03-23,729759.97,0,62.96,3.787,220.9244858,7.057,2012,3,12,733188.2302999992,-3428.260299999267,March,Regular Week,Actual
21,2012-03-30,724798.76,0,67.87,3.845,220.9991248,7.057,2012,3,13,731168.7627999999,-6370.0027999999,March,Regular Week,Actual
21,2012-04-06,761956.58,0,69.02,3.891,221.0737638,6.891,2012,4,14,754038.9697999993,7917.610200000694,April,Regular Week,Actual
21,2012-04-13,769319.04,0,69.03,3.891,221.1484028,6.891,2012,4,15,756480.9346999996,12838.105300000403,April,Regular Week,Actual
21,2012-04-20,734858.91,0,66.97,3.877,221.2021074,6.891,2012,4,16,737942.2048999987,-3083.2948999986984,April,Regular Week,Actual
21,2012-04-27,674829.58,0,69.21,3.814,221.255812,6.891,2012,4,17,694088.3758999988,-19258.795899998862,April,Regular Week,Actual
21,2012-05-04,697645.32,0,77.53,3.749,221.3095166,6.891,2012,5,18,679876.9767999991,17768.343200000818,May,Regular Week,Actual
21,2012-05-11,649945.54,0,74.14,3.688,221.3632212,6.891,2012,5,19,675147.7303999991,-25202.19039999903,May,Regular Week,Actual
21,2012-05-18,700554.16,0,72.42,3.63,221.380331,6.891,2012,5,20,695858.4560999987,4695.703900001361,May,Regular Week,Actual
21,2012-05-25,722891.24,0,79.49,3.561,221.3828029,6.891,2012,5,21,714761.4890999997,8129.750900000334,May,Regular Week,Actual
21,2012-06-01,695439.83,0,79.24,3.501,221.3852748,6.891,2012,6,22,702444.7631999992,-7004.933199999272,June,Regular Week,Actual
21,2012-06-08,707895.72,0,79.47,3.452,221.3877467,6.891,2012,6,23,710423.4629999995,-2527.742999999551,June,Regular Week,Actual
21,2012-06-15,727049.04,0,81.51,3.393,221.4009901,6.891,2012,6,24,724840.6866999998,2208.3533000001917,June,Regular Week,Actual
21,2012-06-22,735870.0,0,81.78,3.346,221.4411622,6.891,2012,6,25,729434.6474000001,6435.352599999867,June,Regular Week,Actual
21,2012-06-29,716341.39,0,88.05,3.286,221.4813343,6.891,2012,6,26,715248.6960000002,1092.6939999997849,June,Regular Week,Actual
21,2012-07-06,693013.59,0,85.26,3.227,221.5215064,6.565,2012,7,27,695633.270000001,-2619.6800000009825,July,Regular Week,Actual
21,2012-07-13,668132.36,0,82.51,3.256,221.5616784,6.565,2012,7,28,679159.8487999999,-11027.488799999934,July,Regular Week,Actual
21,2012-07-20,691200.33,0,84.25,3.311,221.5701123,6.565,2012,7,29,690792.0479999995,408.2820000004722,July,Regular Week,Actual
21,2012-07-27,677789.14,0,88.09,3.407,221.5785461,6.565,2012,7,30,683964.7177000003,-6175.577700000256,July,Regular Week,Actual
21,2012-08-03,693785.85,0,91.57,3.417,221.5869799,6.565,2012,8,31,692027.8129000004,1758.0370999996085,August,Regular Week,Actual
21,2012-08-10,700272.01,0,89.57,3.494,221.5954138,6.565,2012,8,32,693988.0806000003,6283.9293999996735,August,Regular Week,Actual
21,2012-08-17,751963.81,0,85.55,3.571,221.6751459,6.565,2012,8,33,709633.8513000004,42329.95869999961,August,Regular Week,Actual
21,2012-08-24,802003.61,0,77.72,3.62,221.8083518,6.565,2012,8,34,767263.1213999998,34740.48860000016,August,Regular Week,Actual
21,2012-08-31,763867.59,0,83.58,3.638,221.9415576,6.565,2012,8,35,752827.127300001,11040.462699998985,August,Regular Week,Actual
21,2012-09-07,642827.29,1,88.4,3.73,222.0747635,6.565,2012,9,36,679464.2528999995,-36636.96289999946,September,Holiday Week,Actual
21,2012-09-14,628494.63,0,76.1,3.717,222.2174395,6.565,2012,9,37,664589.7818999991,-36095.151899999124,September,Regular Week,Actual
21,2012-09-21,667151.46,0,71.54,3.721,222.4169362,6.565,2012,9,38,656478.9485999991,10672.51140000089,September,Regular Week,Actual
21,2012-09-28,647097.65,0,80.38,3.666,222.6164329,6.565,2012,9,39,655234.2044999992,-8136.554499999154,September,Regular Week,Actual
21,2012-10-05,651768.91,0,70.28,3.617,222.8159296,6.17,2012,10,40,655877.6982999987,-4108.788299998618,October,Regular Week,Actual
21,2012-10-12,653043.44,0,61.53,3.601,223.0154263,6.17,2012,10,41,656878.7045999992,-3835.2645999992965,October,Regular Week,Actual
21,2012-10-19,641368.14,0,68.52,3.594,223.0598077,6.17,2012,10,42,657936.3670000001,-16568.22700000007,October,Regular Week,Actual
21,2012-10-26,675202.87,0,70.5,3.506,223.0783366,6.17,2012,10,43,709755.4095000003,-34552.539500000305,October,Regular Week,Actual
22,2010-02-05,1033017.37,0,24.36,2.788,135.3524608,8.283,2010,2,5,913833.934,119183.43599999999,February,Regular Week,Actual
22,2010-02-12,1022571.25,1,28.14,2.771,135.4113076,8.283,2010,2,6,1017396.0532999997,5175.196700000321,February,Holiday Week,Actual
22,2010-02-19,988467.61,0,31.96,2.747,135.4657781,8.283,2010,2,7,995015.4640999994,-6547.854099999415,February,Regular Week,Actual
22,2010-02-26,899761.48,0,35.98,2.753,135.5195191,8.283,2010,2,8,993969.6108999994,-94208.1308999994,February,Regular Week,Actual
22,2010-03-05,1009201.24,0,36.82,2.766,135.5732602,8.283,2010,3,9,998649.968699999,10551.271300000953,March,Regular Week,Actual
22,2010-03-12,967187.37,0,43.43,2.805,135.6270013,8.283,2010,3,10,973308.5754000002,-6121.20540000021,March,Regular Week,Actual
22,2010-03-19,966145.09,0,46.03,2.834,135.6682247,8.283,2010,3,11,978805.7364000018,-12660.646400001831,March,Regular Week,Actual
22,2010-03-26,1012075.12,0,48.56,2.831,135.7073618,8.283,2010,3,12,982798.9469000013,29276.173099998734,March,Regular Week,Actual
22,2010-04-02,1177340.99,0,44.96,2.826,135.7464988,8.348,2010,4,13,983635.965100001,193705.02489999903,April,Regular Week,Actual
22,2010-04-09,1033171.07,0,57.06,2.849,135.7856359,8.348,2010,4,14,989224.4062000007,43946.66379999928,April,Regular Week,Actual
22,2010-04-16,1000968.67,0,51.14,2.885,135.82725,8.348,2010,4,15,991420.084900001,9548.585099999094,April,Regular Week,Actual
22,2010-04-23,969594.47,0,51.04,2.895,135.8721667,8.348,2010,4,16,978723.2024,-9128.732399999979,April,Regular Week,Actual
22,2010-04-30,977683.06,0,50.96,2.935,135.9170833,8.348,2010,4,17,976646.9026000005,1036.1573999995599,April,Regular Week,Actual
22,2010-05-07,1052973.28,0,63.81,2.981,135.962,8.348,2010,5,18,1034190.9293000007,18782.35069999937,May,Regular Week,Actual
22,2010-05-14,973585.33,0,50.99,2.983,136.010394,8.348,2010,5,19,985130.5051000005,-11545.175100000575,May,Regular Week,Actual
22,2010-05-21,979977.89,0,59.99,2.961,136.0796521,8.348,2010,5,20,989640.3050000006,-9662.41500000062,May,Regular Week,Actual
22,2010-05-28,1103740.4,0,65.64,2.906,136.1489101,8.348,2010,5,21,1071299.8603000012,32440.539699998684,May,Regular Week,Actual
22,2010-06-04,1095539.13,0,69.49,2.857,136.2181682,8.348,2010,6,22,1089702.0881999996,5837.041800000239,June,Regular Week,Actual
22,2010-06-11,1061196.47,0,65.01,2.83,136.2874263,8.348,2010,6,23,1061016.7047000001,179.7652999998536,June,Regular Week,Actual
22,2010-06-18,1052895.25,0,67.13,2.805,136.3243393,8.348,2010,6,24,1060395.0677,-7499.817700000014,June,Regular Week,Actual
22,2010-06-25,1095020.33,0,74.37,2.81,136.3483143,8.348,2010,6,25,1077681.5426999996,17338.787300000433,June,Regular Week,Actual
22,2010-07-02,1120259.71,0,72.88,2.815,136.3722893,8.433,2010,7,26,1098075.6976999987,22184.012300001225,July,Regular Week,Actual
22,2010-07-09,1092654.26,0,79.22,2.806,136.3962643,8.433,2010,7,27,1078360.203500001,14294.056499999017,July,Regular Week,Actual
22,2010-07-16,988392.99,0,76.3,2.796,136.4179827,8.433,2010,7,28,1014574.3350000008,-26181.345000000787,July,Regular Week,Actual
22,2010-07-23,974123.2,0,76.91,2.784,136.4366924,8.433,2010,7,29,986355.1948000008,-12231.9948000008,July,Regular Week,Actual
22,2010-07-30,970773.64,0,76.35,2.792,136.4554021,8.433,2010,7,30,982019.3714000006,-11245.73140000063,July,Regular Week,Actual
22,2010-08-06,1010326.14,0,74.37,2.792,136.4741118,8.433,2010,8,31,1007407.4683000005,2918.6716999994824,August,Regular Week,Actual
22,2010-08-13,993097.43,0,74.75,2.81,136.4928214,8.433,2010,8,32,1002130.0162000016,-9032.586200001533,August,Regular Week,Actual
22,2010-08-20,1017045.44,0,73.21,2.796,136.5249182,8.433,2010,8,33,1014720.8519999991,2324.5880000008037,August,Regular Week,Actual
22,2010-08-27,1081420.96,0,68.99,2.77,136.557015,8.433,2010,8,34,1067652.833899999,13768.126100000925,August,Regular Week,Actual
22,2010-09-03,1074535.88,0,75.85,2.735,136.5891118,8.433,2010,9,35,1044183.5062999993,30352.37370000058,September,Regular Week,Actual
22,2010-09-10,924174.4,1,68.6,2.717,136.6212085,8.433,2010,9,36,977260.6167,-53086.21669999999,September,Holiday Week,Actual
22,2010-09-17,918285.97,0,62.49,2.716,136.6338071,8.433,2010,9,37,924479.8171999996,-6193.847199999611,September,Regular Week,Actual
22,2010-09-24,902779.25,0,65.14,2.718,136.6317821,8.433,2010,9,38,920142.0266000001,-17362.7766000001,September,Regular Week,Actual
22,2010-10-01,905987.17,0,69.31,2.717,136.6297571,8.572,2010,10,39,933186.3357000006,-27199.165700000594,October,Regular Week,Actual
22,2010-10-08,1015051.62,0,56.32,2.776,136.6277321,8.572,2010,10,40,1000991.9065000002,14059.713499999838,October,Regular Week,Actual
22,2010-10-15,954401.46,0,55.23,2.878,136.6401935,8.572,2010,10,41,971402.6974999997,-17001.237499999697,October,Regular Week,Actual
22,2010-10-22,960998.52,0,50.24,2.919,136.688871,8.572,2010,10,42,971269.6376999994,-10271.117699999362,October,Regular Week,Actual
22,2010-10-29,1025766.27,0,57.73,2.938,136.7375484,8.572,2010,10,43,1012811.0127999994,12955.257200000575,October,Regular Week,Actual
22,2010-11-05,1006888.16,0,44.34,2.938,136.7862258,8.572,2010,11,44,1019706.1017999985,-12817.941799998516,November,Regular Week,Actual
22,2010-11-12,1043698.64,0,44.42,2.961,136.8349032,8.572,2010,11,45,1038201.9708,5496.669200000004,November,Regular Week,Actual
22,2010-11-19,985896.44,0,48.62,3.03,136.7715714,8.572,2010,11,46,1034181.9476000003,-48285.50760000036,November,Regular Week,Actual
22,2010-11-26,1564502.26,1,44.61,3.07,136.6895714,8.572,2010,11,47,1491177.9236000003,73324.33639999968,November,Holiday Week,Actual
22,2010-12-03,1230514.58,0,39.42,3.065,136.6075714,8.572,2010,12,48,1285231.700599999,-54717.12059999886,December,Regular Week,Actual
22,2010-12-10,1367202.84,0,28.43,3.132,136.5255714,8.572,2010,12,49,1387505.4500000018,-20302.610000001732,December,Regular Week,Actual
22,2010-12-17,1527682.99,0,30.46,3.139,136.5292811,8.572,2010,12,50,1485218.8586000002,42464.13139999984,December,Regular Week,Actual
22,2010-12-24,1962445.04,0,29.76,3.15,136.597273,8.572,2010,12,51,1933459.4527000007,28985.587299999315,December,Regular Week,Actual
22,2010-12-31,774262.28,1,28.49,3.177,136.665265,8.572,2010,12,52,885266.4123000008,-111004.13230000075,December,Holiday Week,Actual
22,2011-01-07,873954.7,0,32.56,3.193,136.7332569,8.458,2011,1,1,869548.6568000009,4406.043199999025,January,Regular Week,Actual
22,2011-01-14,807535.52,0,24.76,3.215,136.803477,8.458,2011,1,2,836780.2550000006,-29244.735000000568,January,Regular Week,Actual
22,2011-01-21,855001.02,0,26.8,3.232,136.8870657,8.458,2011,1,3,835003.3946000006,19997.625399999437,January,Regular Week,Actual
22,2011-01-28,799369.15,0,20.61,3.243,136.9706544,8.458,2011,1,4,816535.5558000004,-17166.405800000415,January,Regular Week,Actual
22,2011-02-04,946060.98,0,26.39,3.24,137.0542431,8.458,2011,2,5,902575.5387,43485.44129999995,February,Regular Week,Actual
22,2011-02-11,1009206.33,1,28.89,3.255,137.1378318,8.458,2011,2,6,1005987.8465999992,3218.483400000725,February,Holiday Week,Actual
22,2011-02-18,975964.86,0,35.34,3.263,137.2511849,8.458,2011,2,7,984169.4535999997,-8204.593599999673,February,Regular Week,Actual
22,2011-02-25,911245.43,0,30.23,3.281,137.3764439,8.458,2011,2,8,985995.7108000002,-74750.28080000018,February,Regular Week,Actual
22,2011-03-04,997353.15,0,33.52,3.437,137.5017028,8.458,2011,3,9,986812.821900001,10540.328099998995,March,Regular Week,Actual
22,2011-03-11,944587.23,0,41.42,3.6,137.6269617,8.458,2011,3,10,945878.6746000003,-1291.444600000279,March,Regular Week,Actual
22,2011-03-18,926427.12,0,43.38,3.634,137.7398929,8.458,2011,3,11,934546.3877000004,-8119.267700000433,March,Regular Week,Actual
22,2011-03-25,933528.39,0,38.77,3.624,137.8478929,8.458,2011,3,12,937226.2362000004,-3697.8462000003783,March,Regular Week,Actual
22,2011-04-01,951588.37,0,36.04,3.638,137.9558929,8.252,2011,4,13,979007.9415,-27419.57149999996,April,Regular Week,Actual
22,2011-04-08,969046.69,0,44.42,3.72,138.0638929,8.252,2011,4,14,994662.0179999991,-25615.327999999165,April,Regular Week,Actual
22,2011-04-15,1008557.04,0,48.88,3.823,138.1646952,8.252,2011,4,15,1021609.3020000012,-13052.262000001152,April,Regular Week,Actual
22,2011-04-22,1152781.9,0,47.76,3.919,138.2475036,8.252,2011,4,16,1110404.3489000013,42377.55109999864,April,Regular Week,Actual
22,2011-04-29,926133.8,0,57.2,3.988,138.3303119,8.252,2011,4,17,974804.6437999993,-48670.84379999922,April,Regular Week,Actual
22,2011-05-06,1032076.06,0,53.63,4.078,138.4131202,8.252,2011,5,18,1009515.5453000003,22560.51469999971,May,Regular Week,Actual
22,2011-05-13,1001558.74,0,57.71,4.095,138.4959286,8.252,2011,5,19,995424.1884999989,6134.551500001107,May,Regular Week,Actual
22,2011-05-20,970307.83,0,58.56,4.101,138.587106,8.252,2011,5,20,982382.8889999989,-12075.05899999896,May,Regular Week,Actual
22,2011-05-27,1021568.34,0,62.59,4.034,138.6782834,8.252,2011,5,21,1014961.613200001,6606.7267999990145,May,Regular Week,Actual
22,2011-06-03,1125169.92,0,70.09,3.973,138.7694608,8.252,2011,6,22,1097010.1022000005,28159.81779999938,June,Regular Week,Actual
22,2011-06-10,1060868.49,0,69.53,3.924,138.8606382,8.252,2011,6,23,1066593.4338999991,-5724.94389999914,June,Regular Week,Actual
22,2011-06-17,1042454.61,0,63.97,3.873,139.0028333,8.252,2011,6,24,1036342.6089,6112.001099999994,June,Regular Week,Actual
22,2011-06-24,1012584.2,0,68.53,3.851,139.1832917,8.252,2011,6,25,1028110.3855000011,-15526.185500001186,June,Regular Week,Actual
22,2011-07-01,1077491.68,0,70.8,3.815,139.36375,8.023,2011,7,26,1054316.4591000015,23175.220899998443,July,Regular Week,Actual
22,2011-07-08,1017050.65,0,74.22,3.784,139.5442083,8.023,2011,7,27,1026023.6532000011,-8973.003200001083,July,Regular Week,Actual
22,2011-07-15,961953.57,0,75.2,3.827,139.7006325,8.023,2011,7,28,970162.4152999988,-8208.84529999888,July,Regular Week,Actual
22,2011-07-22,964683.8,0,77.79,3.882,139.7969712,8.023,2011,7,29,965494.8023999986,-811.0023999986006,July,Regular Week,Actual
22,2011-07-29,944958.69,0,75.32,3.898,139.8933099,8.023,2011,7,30,950822.7444999986,-5864.054499998689,July,Regular Week,Actual
22,2011-08-05,983232.96,0,75.33,3.903,139.9896486,8.023,2011,8,31,975223.3309999985,8009.629000001471,August,Regular Week,Actual
22,2011-08-12,991779.2,0,74.69,3.88,140.0859873,8.023,2011,8,32,984367.6949000004,7411.505099999602,August,Regular Week,Actual
22,2011-08-19,973004.91,0,71.3,3.82,140.1289205,8.023,2011,8,33,999627.5352999987,-26622.625299998675,August,Regular Week,Actual
22,2011-08-26,1181815.31,0,72.22,3.796,140.1629528,8.023,2011,8,34,1098949.7677000004,82865.54229999962,August,Regular Week,Actual
22,2011-09-02,912762.76,0,69.16,3.784,140.196985,8.023,2011,9,35,1026701.2019000001,-113938.44190000009,September,Regular Week,Actual
22,2011-09-09,1004434.54,1,69.14,3.809,140.2310173,8.023,2011,9,36,999050.3525000009,5384.187499999185,September,Holiday Week,Actual
22,2011-09-16,937420.65,0,68.08,3.809,140.2735,8.023,2011,9,37,956751.5961000005,-19330.946100000525,September,Regular Week,Actual
22,2011-09-23,899834.75,0,62.36,3.758,140.32725,8.023,2011,9,38,925786.7990000001,-25952.049000000115,September,Regular Week,Actual
22,2011-09-30,953314.16,0,69.78,3.684,140.381,8.023,2011,9,39,964408.7840999988,-11094.624099998735,September,Regular Week,Actual
22,2011-10-07,993436.67,0,56.44,3.633,140.43475,7.706,2011,10,40,993908.7602000012,-472.09020000114106,October,Regular Week,Actual
22,2011-10-14,944337.32,0,62.63,3.583,140.4784194,7.706,2011,10,41,968838.4154999992,-24501.09549999924,October,Regular Week,Actual
22,2011-10-21,981567.22,0,59.3,3.618,140.4616048,7.706,2011,10,42,989516.9940000001,-7949.774000000092,October,Regular Week,Actual
22,2011-10-28,1099351.68,0,49.31,3.604,140.4447903,7.706,2011,10,43,1065540.6619000016,33811.01809999836,October,Regular Week,Actual
22,2011-11-04,1106575.59,0,42.81,3.586,140.4279758,7.706,2011,11,44,1042374.3171000007,64201.2728999994,November,Regular Week,Actual
22,2011-11-11,1051740.29,0,47.8,3.57,140.4111613,7.706,2011,11,45,1048060.1178000014,3680.172199998633,November,Regular Week,Actual
22,2011-11-18,1007579.44,0,50.62,3.571,140.4127857,7.706,2011,11,46,1017866.3720999995,-10286.93209999951,November,Regular Week,Actual
22,2011-11-25,1535857.49,1,46.28,3.536,140.4217857,7.706,2011,11,47,1489362.9438999996,46494.546100000385,November,Holiday Week,Actual
22,2011-12-02,1167621.14,0,49.11,3.501,140.4307857,7.706,2011,12,48,1252270.8364,-84649.69640000002,December,Regular Week,Actual
22,2011-12-09,1308967.44,0,45.35,3.47,140.4397857,7.706,2011,12,49,1338821.0427999988,-29853.60279999883,December,Regular Week,Actual
22,2011-12-16,1453153.33,0,39.11,3.445,140.4700795,7.706,2011,12,50,1421392.9935999992,31760.336400000844,December,Regular Week,Actual
22,2011-12-23,1863195.68,0,39.83,3.413,140.528765,7.706,2011,12,51,1887352.4196999995,-24156.73969999957,December,Regular Week,Actual
22,2011-12-30,982661.14,1,36.28,3.402,140.5874505,7.706,2011,12,52,1086644.6128,-103983.47279999999,December,Holiday Week,Actual
22,2012-01-06,895358.2,0,34.61,3.439,140.6461359,7.503,2012,1,1,883278.4320000006,12079.767999999342,January,Regular Week,Actual
22,2012-01-13,855437.57,0,39.0,3.523,140.7048214,7.503,2012,1,2,859744.9774999992,-4307.407499999274,January,Regular Week,Actual
22,2012-01-20,897027.44,0,29.16,3.542,140.8086118,7.503,2012,1,3,879870.2456999992,17157.19430000079,January,Regular Week,Actual
22,2012-01-27,786459.23,0,35.68,3.568,140.9124021,7.503,2012,1,4,821204.7902999994,-34745.56029999943,January,Regular Week,Actual
22,2012-02-03,958487.75,0,40.58,3.633,141.0161924,7.503,2012,2,5,893320.6441000002,65167.10589999985,February,Regular Week,Actual
22,2012-02-10,1034448.07,1,35.68,3.655,141.1199827,7.503,2012,2,6,1001807.2752999989,32640.794700001017,February,Holiday Week,Actual
22,2012-02-17,1004749.41,0,36.25,3.703,141.2140357,7.503,2012,2,7,971782.3264000005,32967.08359999955,February,Regular Week,Actual
22,2012-02-24,912958.95,0,39.0,3.751,141.3007857,7.503,2012,2,8,942487.9083000012,-29528.95830000122,February,Regular Week,Actual
22,2012-03-02,974866.65,0,37.47,3.827,141.3875357,7.503,2012,3,9,981344.6934000009,-6478.043400000897,March,Regular Week,Actual
22,2012-03-09,991127.01,0,41.72,3.876,141.4742857,7.503,2012,3,10,986141.5708000012,4985.439199998858,March,Regular Week,Actual
22,2012-03-16,966780.01,0,46.06,3.867,141.55478,7.503,2012,3,11,997444.2949000011,-30664.284900001134,March,Regular Week,Actual
22,2012-03-23,992774.4,0,54.68,3.889,141.6269332,7.503,2012,3,12,997767.946300001,-4993.546300000977,March,Regular Week,Actual
22,2012-03-30,965769.93,0,46.4,3.921,141.6990864,7.503,2012,3,13,1002625.0639000012,-36855.13390000118,March,Regular Week,Actual
22,2012-04-06,1197489.66,0,46.38,3.957,141.7712396,7.671,2012,4,14,1112958.6273999987,84531.0326000012,April,Regular Week,Actual
22,2012-04-13,939118.24,0,49.89,4.025,141.8433929,7.671,2012,4,15,968088.4966999996,-28970.25669999956,April,Regular Week,Actual
22,2012-04-20,1000342.87,0,58.81,4.046,141.9015262,7.671,2012,4,16,988266.3599,12076.510099999956,April,Regular Week,Actual
22,2012-04-27,922539.94,0,51.42,4.023,141.9596595,7.671,2012,4,17,985907.8399000004,-63367.899900000426,April,Regular Week,Actual
22,2012-05-04,1005083.31,0,50.75,3.991,142.0177929,7.671,2012,5,18,1001317.753700001,3765.556299999007,May,Regular Week,Actual
22,2012-05-11,997868.63,0,56.72,3.947,142.0759262,7.671,2012,5,19,1016787.5312000001,-18918.90120000008,May,Regular Week,Actual
22,2012-05-18,986612.02,0,61.9,3.899,142.0970115,7.671,2012,5,20,1001220.1742999996,-14608.154299999587,May,Regular Week,Actual
22,2012-05-25,1047297.38,0,62.39,3.85,142.1032776,7.671,2012,5,21,1030433.7185999996,16863.66140000045,May,Regular Week,Actual
22,2012-06-01,1102857.37,0,70.01,3.798,142.1095438,7.671,2012,6,22,1083718.5896000008,19138.78039999935,June,Regular Week,Actual
22,2012-06-08,1061134.37,0,61.71,3.746,142.1158099,7.671,2012,6,23,1021508.5584999997,39625.81150000042,June,Regular Week,Actual
22,2012-06-15,1061219.19,0,66.56,3.683,142.1292548,7.671,2012,6,24,1056961.5495999993,4257.640400000615,June,Regular Week,Actual
22,2012-06-22,1112449.3,0,70.61,3.629,142.1606464,7.671,2012,6,25,1062026.8414000005,50422.45859999955,June,Regular Week,Actual
22,2012-06-29,1053881.78,0,70.99,3.577,142.1920381,7.671,2012,6,26,1062348.4905000005,-8466.71050000051,June,Regular Week,Actual
22,2012-07-06,1097786.14,0,77.41,3.538,142.2234298,7.753,2012,7,27,1064639.3034000006,33146.83659999934,July,Regular Week,Actual
22,2012-07-13,971361.38,0,75.81,3.561,142.2548214,7.753,2012,7,28,989112.7862999997,-17751.406299999682,July,Regular Week,Actual
22,2012-07-20,991969.37,0,76.57,3.61,142.2337569,7.753,2012,7,29,987370.8129999998,4598.557000000146,July,Regular Week,Actual
22,2012-07-27,925731.21,0,73.52,3.701,142.2126924,7.753,2012,7,30,956972.5701999989,-31241.360199998948,July,Regular Week,Actual
22,2012-08-03,1007257.83,0,72.99,3.698,142.1916279,7.753,2012,8,31,1000795.2968999997,6462.533100000233,August,Regular Week,Actual
22,2012-08-10,973812.79,0,76.74,3.772,142.1705634,7.753,2012,8,32,978427.0898000008,-4614.299800000736,August,Regular Week,Actual
22,2012-08-17,981273.26,0,74.92,3.84,142.2157385,7.753,2012,8,33,982119.8478000006,-846.5878000005614,August,Regular Week,Actual
22,2012-08-24,1060906.75,0,70.42,3.874,142.3105933,7.753,2012,8,34,1046794.6360999999,14112.113900000113,August,Regular Week,Actual
22,2012-08-31,1022270.86,0,71.93,3.884,142.4054482,7.753,2012,8,35,1033633.2772999995,-11362.417299999506,August,Regular Week,Actual
22,2012-09-07,996628.8,1,73.3,3.921,142.500303,7.753,2012,9,36,1001715.3840999987,-5086.584099998698,September,Holiday Week,Actual
22,2012-09-14,918049.28,0,66.42,3.988,142.5938833,7.753,2012,9,37,975939.9154000005,-57890.635400000494,September,Regular Week,Actual
22,2012-09-21,921612.53,0,63.38,4.056,142.6798167,7.753,2012,9,38,947253.2151000006,-25640.685100000584,September,Regular Week,Actual
22,2012-09-28,976479.51,0,62.17,4.018,142.76575,7.753,2012,9,39,977663.5810000004,-1184.0710000003455,September,Regular Week,Actual
22,2012-10-05,1009887.36,0,62.09,4.027,142.8516833,7.543,2012,10,40,1000539.7652999997,9347.594700000249,October,Regular Week,Actual
22,2012-10-12,1004039.84,0,54.18,4.029,142.9376167,7.543,2012,10,41,1002465.0260000017,1574.8139999982668,October,Regular Week,Actual
22,2012-10-19,978027.95,0,55.28,4.0,142.8633629,7.543,2012,10,42,987941.2194000015,-9913.269400001504,October,Regular Week,Actual
22,2012-10-26,1094422.69,0,57.58,3.917,142.7624113,7.543,2012,10,43,1055273.5440999996,39149.14590000035,October,Regular Week,Actual
23,2010-02-05,1364721.58,0,15.25,2.788,131.5279032,5.892,2010,2,5,1336751.288299999,27970.291700001108,February,Regular Week,Actual
23,2010-02-12,1380892.08,1,18.75,2.771,131.5866129,5.892,2010,2,6,1363371.1077999996,17520.972200000426,February,Holiday Week,Actual
23,2010-02-19,1319588.04,0,26.7,2.747,131.637,5.892,2010,2,7,1322963.9426000016,-3375.9026000015438,February,Regular Week,Actual
23,2010-02-26,1198709.65,0,32.68,2.753,131.686,5.892,2010,2,8,1308152.758600001,-109443.10860000108,February,Regular Week,Actual
23,2010-03-05,1311175.93,0,33.15,2.766,131.735,5.892,2010,3,9,1351957.2874999994,-40781.35749999946,March,Regular Week,Actual
23,2010-03-12,1408082.96,0,36.07,2.805,131.784,5.892,2010,3,10,1384644.2598999983,23438.700100001646,March,Regular Week,Actual
23,2010-03-19,1229008.32,0,43.01,2.834,131.8242903,5.892,2010,3,11,1261103.791399997,-32095.471399996895,March,Regular Week,Actual
23,2010-03-26,1310701.8,0,38.59,2.831,131.863129,5.892,2010,3,12,1320327.601399998,-9625.801399997901,March,Regular Week,Actual
23,2010-04-02,1556627.62,0,40.5,2.826,131.9019677,5.435,2010,4,13,1341923.174199999,214704.44580000103,April,Regular Week,Actual
23,2010-04-09,1264434.7,0,56.82,2.849,131.9408065,5.435,2010,4,14,1272517.6908000011,-8082.990800001193,April,Regular Week,Actual
23,2010-04-16,1288823.72,0,44.25,2.885,131.9809,5.435,2010,4,15,1288101.7641999992,721.955800000811,April,Regular Week,Actual
23,2010-04-23,1315023.08,0,46.4,2.895,132.0226667,5.435,2010,4,16,1299956.200699999,15066.879300001077,April,Regular Week,Actual
23,2010-04-30,1259414.52,0,45.47,2.935,132.0644333,5.435,2010,4,17,1275383.8738999988,-15969.353899998823,April,Regular Week,Actual
23,2010-05-07,1365552.28,0,61.04,2.981,132.1062,5.435,2010,5,18,1331245.7331000005,34306.54689999949,May,Regular Week,Actual
23,2010-05-14,1303055.09,0,45.33,2.983,132.152129,5.435,2010,5,19,1307991.672100001,-4936.582100000931,May,Regular Week,Actual
23,2010-05-21,1327424.28,0,57.94,2.961,132.2230323,5.435,2010,5,20,1309347.5868000004,18076.69319999963,May,Regular Week,Actual
23,2010-05-28,1571158.56,0,69.26,2.906,132.2939355,5.435,2010,5,21,1549886.743500001,21271.816499999026,May,Regular Week,Actual
23,2010-06-04,1514435.51,0,64.94,2.857,132.3648387,5.435,2010,6,22,1516240.7000000011,-1805.1900000011083,June,Regular Week,Actual
23,2010-06-11,1439432.06,0,58.35,2.83,132.4357419,5.435,2010,6,23,1404474.1098000007,34957.95019999938,June,Regular Week,Actual
23,2010-06-18,1507708.93,0,60.29,2.805,132.4733333,5.435,2010,6,24,1458220.6402000026,49488.28979999735,June,Regular Week,Actual
23,2010-06-25,1415204.88,0,69.83,2.81,132.4976,5.435,2010,6,25,1483621.9423,-68417.0623000001,June,Regular Week,Actual
23,2010-07-02,1549113.18,0,64.76,2.815,132.5218667,5.326,2010,7,26,1521524.7650000025,27588.414999997476,July,Regular Week,Actual
23,2010-07-09,1417535.78,0,77.16,2.806,132.5461333,5.326,2010,7,27,1465734.8549000002,-48199.07490000012,July,Regular Week,Actual
23,2010-07-16,1413124.11,0,73.94,2.796,132.5667742,5.326,2010,7,28,1383687.0426999999,29437.067300000228,July,Regular Week,Actual
23,2010-07-23,1333634.45,0,70.2,2.784,132.5825806,5.326,2010,7,29,1350419.709700001,-16785.259700000985,July,Regular Week,Actual
23,2010-07-30,1319773.55,0,69.71,2.792,132.5983871,5.326,2010,7,30,1338329.8490999984,-18556.299099998316,July,Regular Week,Actual
23,2010-08-06,1417013.07,0,70.03,2.792,132.6141935,5.326,2010,8,31,1399106.2443999974,17906.82560000266,August,Regular Week,Actual
23,2010-08-13,1346345.97,0,67.43,2.81,132.63,5.326,2010,8,32,1393798.3210999994,-47452.35109999939,August,Regular Week,Actual
23,2010-08-20,1439901.05,0,68.65,2.796,132.6616129,5.326,2010,8,33,1435798.3069999993,4102.743000000715,August,Regular Week,Actual
23,2010-08-27,1584623.36,0,63.25,2.77,132.6932258,5.326,2010,8,34,1491373.859300001,93249.50069999904,August,Regular Week,Actual
23,2010-09-03,1405119.23,0,72.91,2.735,132.7248387,5.326,2010,9,35,1418010.810500001,-12891.580500001088,September,Regular Week,Actual
23,2010-09-10,1272842.85,1,63.21,2.717,132.7564516,5.326,2010,9,36,1329965.0537999982,-57122.203799998155,September,Holiday Week,Actual
23,2010-09-17,1159132.58,0,55.3,2.716,132.7670667,5.326,2010,9,37,1168706.683199999,-9574.103199998848,September,Regular Week,Actual
23,2010-09-24,1099055.65,0,57.75,2.718,132.7619333,5.326,2010,9,38,1129872.0099000004,-30816.359900000505,September,Regular Week,Actual
23,2010-10-01,1129909.44,0,62.07,2.717,132.7568,5.287,2010,10,39,1147209.9241999993,-17300.484199999366,October,Regular Week,Actual
23,2010-10-08,1179851.68,0,50.75,2.776,132.7516667,5.287,2010,10,40,1227906.4122000015,-48054.7322000016,October,Regular Week,Actual
23,2010-10-15,1119809.71,0,45.55,2.878,132.7633548,5.287,2010,10,41,1148792.0680999982,-28982.358099998208,October,Regular Week,Actual
23,2010-10-22,1147503.92,0,43.19,2.919,132.8170968,5.287,2010,10,42,1164821.6287000005,-17317.70870000054,October,Regular Week,Actual
23,2010-10-29,1112871.23,0,48.68,2.938,132.8708387,5.287,2010,10,43,1152307.6294000002,-39436.39940000023,October,Regular Week,Actual
23,2010-11-05,1203119.96,0,36.6,2.938,132.9245806,5.287,2010,11,44,1241002.8018999984,-37882.841899998486,November,Regular Week,Actual
23,2010-11-12,1387953.75,0,35.59,2.961,132.9783226,5.287,2010,11,45,1333106.1042999995,54847.64570000046,November,Regular Week,Actual
23,2010-11-19,1314994.32,0,41.66,3.03,132.9172,5.287,2010,11,46,1305668.4886999978,9325.83130000229,November,Regular Week,Actual
23,2010-11-26,2072685.05,1,34.95,3.07,132.8369333,5.287,2010,11,47,1927060.6850000005,145624.36499999953,November,Holiday Week,Actual
23,2010-12-03,1617025.41,0,34.3,3.065,132.7566667,5.287,2010,12,48,1718764.958899998,-101739.54889999819,December,Regular Week,Actual
23,2010-12-10,1872365.99,0,20.12,3.132,132.6764,5.287,2010,12,49,1906066.8673000003,-33700.877300000284,December,Regular Week,Actual
23,2010-12-17,2238573.48,0,23.05,3.139,132.6804516,5.287,2010,12,50,2148651.6154999975,89921.86450000247,December,Regular Week,Actual
23,2010-12-24,2734277.1,0,22.96,3.15,132.7477419,5.287,2010,12,51,2598915.8812999963,135361.2187000038,December,Regular Week,Actual
23,2010-12-31,1169773.85,1,19.05,3.177,132.8150323,5.287,2010,12,52,1469681.323699998,-299907.4736999979,December,Holiday Week,Actual
23,2011-01-07,1122034.48,0,27.81,3.193,132.8823226,5.114,2011,1,1,1114778.200699998,7256.2793000019155,January,Regular Week,Actual
23,2011-01-14,1016756.1,0,18.2,3.215,132.9510645,5.114,2011,1,2,1061084.491999999,-44328.391999998945,January,Regular Week,Actual
23,2011-01-21,1110706.06,0,15.58,3.232,133.0285161,5.114,2011,1,3,1067048.9209999992,43657.1390000009,January,Regular Week,Actual
23,2011-01-28,1083657.61,0,10.91,3.243,133.1059677,5.114,2011,1,4,1083590.5865999993,67.0234000007622,January,Regular Week,Actual
23,2011-02-04,1159438.53,0,14.5,3.24,133.1834194,5.114,2011,2,5,1191005.549100001,-31567.019100001082,February,Regular Week,Actual
23,2011-02-11,1249786.4,1,21.52,3.255,133.260871,5.114,2011,2,6,1266865.3612000013,-17078.961200001417,February,Holiday Week,Actual
23,2011-02-18,1369971.57,0,26.6,3.263,133.3701429,5.114,2011,2,7,1321735.9887999985,48235.58120000153,February,Regular Week,Actual
23,2011-02-25,1206917.2,0,17.0,3.281,133.4921429,5.114,2011,2,8,1232873.8246000009,-25956.624600000912,February,Regular Week,Actual
23,2011-03-04,1301185.28,0,20.67,3.437,133.6141429,5.114,2011,3,9,1286224.5947000005,14960.685299999546,March,Regular Week,Actual
23,2011-03-11,1042043.55,0,29.36,3.6,133.7361429,5.114,2011,3,10,1258848.1508000004,-216804.60080000036,March,Regular Week,Actual
23,2011-03-18,1203682.62,0,37.28,3.634,133.8492258,5.114,2011,3,11,1225463.072800001,-21780.452800000785,March,Regular Week,Actual
23,2011-03-25,1148624.83,0,29.11,3.624,133.9587419,5.114,2011,3,12,1187237.1571999993,-38612.32719999924,March,Regular Week,Actual
23,2011-04-01,1182694.95,0,29.44,3.638,134.0682581,4.781,2011,4,13,1243913.5919999995,-61218.64199999953,April,Regular Week,Actual
23,2011-04-08,1248901.98,0,36.74,3.72,134.1777742,4.781,2011,4,14,1315535.4790999992,-66633.4990999992,April,Regular Week,Actual
23,2011-04-15,1263680.51,0,45.51,3.823,134.2784667,4.781,2011,4,15,1271318.7789000003,-7638.268900000257,April,Regular Week,Actual
23,2011-04-22,1447301.24,0,39.62,3.919,134.3571,4.781,2011,4,16,1386250.994599999,61050.24540000106,April,Regular Week,Actual
23,2011-04-29,1173307.4,0,54.2,3.988,134.4357333,4.781,2011,4,17,1227512.9982000017,-54205.598200001754,April,Regular Week,Actual
23,2011-05-06,1359921.13,0,50.07,4.078,134.5143667,4.781,2011,5,18,1320061.1492999992,39859.980700000655,May,Regular Week,Actual
23,2011-05-13,1254914.87,0,55.12,4.095,134.593,4.781,2011,5,19,1274313.6580000008,-19398.78800000064,May,Regular Week,Actual
23,2011-05-20,1337617.55,0,56.67,4.101,134.6803871,4.781,2011,5,20,1274460.0928000004,63157.4571999996,May,Regular Week,Actual
23,2011-05-27,1361945.18,0,63.27,4.034,134.7677742,4.781,2011,5,21,1406192.5208,-44247.34080000012,May,Regular Week,Actual
23,2011-06-03,1562161.97,0,67.21,3.973,134.8551613,4.781,2011,6,22,1512396.9258999994,49765.04410000052,June,Regular Week,Actual
23,2011-06-10,1447028.06,0,65.23,3.924,134.9425484,4.781,2011,6,23,1468420.2167000012,-21392.1567000011,June,Regular Week,Actual
23,2011-06-17,1470520.83,0,61.06,3.873,135.0837333,4.781,2011,6,24,1298927.605800001,171593.22419999912,June,Regular Week,Actual
23,2011-06-24,1434036.18,0,63.8,3.851,135.2652667,4.781,2011,6,25,1431294.8052000024,2741.374799997546,June,Regular Week,Actual
23,2011-07-01,1492507.44,0,65.65,3.815,135.4468,4.584,2011,7,26,1489324.3892999995,3183.0507000004873,July,Regular Week,Actual
23,2011-07-08,1379488.05,0,69.92,3.784,135.6283333,4.584,2011,7,27,1498269.8964999989,-118781.84649999882,July,Regular Week,Actual
23,2011-07-15,1360520.56,0,69.8,3.827,135.7837419,4.584,2011,7,28,1374227.0298999993,-13706.46989999921,July,Regular Week,Actual
23,2011-07-22,1362144.0,0,76.74,3.882,135.8738387,4.584,2011,7,29,1367462.5791,-5318.579099999974,July,Regular Week,Actual
23,2011-07-29,1319767.55,0,69.55,3.898,135.9639355,4.584,2011,7,30,1330301.558899999,-10534.008899998851,July,Regular Week,Actual
23,2011-08-05,1416344.68,0,69.53,3.903,136.0540323,4.584,2011,8,31,1395124.111900002,21220.568099997938,August,Regular Week,Actual
23,2011-08-12,1380952.05,0,69.86,3.88,136.144129,4.584,2011,8,32,1385536.2452999991,-4584.19529999909,August,Regular Week,Actual
23,2011-08-19,1453416.53,0,67.09,3.82,136.183129,4.584,2011,8,33,1457819.2767000007,-4402.746700000716,August,Regular Week,Actual
23,2011-08-26,1637266.29,0,67.04,3.796,136.2136129,4.584,2011,8,34,1577784.0003000007,59482.28969999938,August,Regular Week,Actual
23,2011-09-02,1464295.69,0,65.33,3.784,136.2440968,4.584,2011,9,35,1479703.590499999,-15407.900499999058,September,Regular Week,Actual
23,2011-09-09,1423289.9,1,66.04,3.809,136.2745806,4.584,2011,9,36,1438496.0233000014,-15206.12330000149,September,Holiday Week,Actual
23,2011-09-16,1253329.17,0,60.52,3.809,136.3145,4.584,2011,9,37,1292614.9192000006,-39285.74920000066,September,Regular Week,Actual
23,2011-09-23,1289082.81,0,57.14,3.758,136.367,4.584,2011,9,38,1301193.1518000006,-12110.341800000519,September,Regular Week,Actual
23,2011-09-30,1275597.85,0,64.76,3.684,136.4195,4.584,2011,9,39,1294354.492599998,-18756.64259999781,September,Regular Week,Actual
23,2011-10-07,1463501.99,0,49.0,3.633,136.472,4.42,2011,10,40,1415922.0045999992,47579.98540000082,October,Regular Week,Actual
23,2011-10-14,1257778.34,0,56.79,3.583,136.5150968,4.42,2011,10,41,1300539.2084000017,-42760.868400001666,October,Regular Week,Actual
23,2011-10-21,1441032.59,0,52.12,3.618,136.5017742,4.42,2011,10,42,1352377.4781999995,88655.11180000054,October,Regular Week,Actual
23,2011-10-28,1407191.96,0,42.57,3.604,136.4884516,4.42,2011,10,43,1397281.806399998,9910.15360000194,October,Regular Week,Actual
23,2011-11-04,1428436.33,0,39.18,3.586,136.475129,4.42,2011,11,44,1434457.2522999994,-6020.922299999278,November,Regular Week,Actual
23,2011-11-11,1436940.78,0,44.04,3.57,136.4618065,4.42,2011,11,45,1410112.8362999998,26827.943700000178,November,Regular Week,Actual
23,2011-11-18,1345631.96,0,45.48,3.571,136.4666667,4.42,2011,11,46,1372776.0825999985,-27144.12259999849,November,Regular Week,Actual
23,2011-11-25,2057059.53,1,35.23,3.536,136.4788,4.42,2011,11,47,1881640.1142000002,175419.41579999984,November,Holiday Week,Actual
23,2011-12-02,1552886.59,0,43.6,3.501,136.4909333,4.42,2011,12,48,1665580.5862000012,-112693.9962000011,December,Regular Week,Actual
23,2011-12-09,1841173.6,0,36.4,3.47,136.5030667,4.42,2011,12,49,1834380.8208999983,6792.77910000179,December,Regular Week,Actual
23,2011-12-16,2173621.2,0,32.99,3.445,136.5335161,4.42,2011,12,50,2071616.7674999982,102004.43250000197,December,Regular Week,Actual
23,2011-12-23,2587953.32,0,27.8,3.413,136.5883871,4.42,2011,12,51,2480057.2296999954,107896.09030000446,December,Regular Week,Actual
23,2011-12-30,1213486.95,1,22.3,3.402,136.6432581,4.42,2011,12,52,1543779.9454999983,-330292.99549999833,December,Holiday Week,Actual
23,2012-01-06,1150662.55,0,24.29,3.439,136.698129,4.261,2012,1,1,1120297.7281999981,30364.821800001897,January,Regular Week,Actual
23,2012-01-13,1031451.35,0,28.49,3.523,136.753,4.261,2012,1,2,1062025.602399999,-30574.252399999066,January,Regular Week,Actual
23,2012-01-20,1146992.13,0,15.33,3.542,136.8564194,4.261,2012,1,3,1055692.179799999,91299.95020000078,January,Regular Week,Actual
23,2012-01-27,1037476.38,0,25.71,3.568,136.9598387,4.261,2012,1,4,1059524.8232999989,-22048.44329999888,January,Regular Week,Actual
23,2012-02-03,1261872.67,0,29.71,3.633,137.0632581,4.261,2012,2,5,1261116.0379,756.6320999998134,February,Regular Week,Actual
23,2012-02-10,1358444.07,1,26.6,3.655,137.1666774,4.261,2012,2,6,1356640.5894999974,1803.4805000026245,February,Holiday Week,Actual
23,2012-02-17,1365546.69,0,27.01,3.703,137.2583103,4.261,2012,2,7,1350021.1686999986,15525.521300001303,February,Regular Week,Actual
23,2012-02-24,1272948.27,0,31.12,3.751,137.3411034,4.261,2012,2,8,1282569.2236999993,-9620.953699999256,February,Regular Week,Actual
23,2012-03-02,1322852.2,0,25.91,3.827,137.4238966,4.261,2012,3,9,1316350.020400001,6502.1795999989845,March,Regular Week,Actual
23,2012-03-09,1292724.9,0,33.11,3.876,137.5066897,4.261,2012,3,10,1286943.2136000015,5781.686399998376,March,Regular Week,Actual
23,2012-03-16,1258364.31,0,41.19,3.867,137.5843871,4.261,2012,3,11,1273932.7477000013,-15568.43770000129,March,Regular Week,Actual
23,2012-03-23,1288154.1,0,57.82,3.889,137.6552903,4.261,2012,3,12,1286540.7251999984,1613.3748000017367,March,Regular Week,Actual
23,2012-03-30,1261964.96,0,36.71,3.921,137.7261935,4.261,2012,3,13,1286548.4425999983,-24583.48259999836,March,Regular Week,Actual
23,2012-04-06,1604605.69,0,37.43,3.957,137.7970968,4.125,2012,4,14,1454763.6384999987,149842.05150000122,April,Regular Week,Actual
23,2012-04-13,1231752.54,0,41.81,4.025,137.868,4.125,2012,4,15,1284720.145100002,-52967.60510000191,April,Regular Week,Actual
23,2012-04-20,1287899.41,0,56.55,4.046,137.9230667,4.125,2012,4,16,1292171.7117999988,-4272.3017999988515,April,Regular Week,Actual
23,2012-04-27,1277758.76,0,44.62,4.023,137.9781333,4.125,2012,4,17,1288354.6280000014,-10595.868000001414,April,Regular Week,Actual
23,2012-05-04,1317379.68,0,45.88,3.991,138.0332,4.125,2012,5,18,1315863.3501000004,1516.329899999546,May,Regular Week,Actual
23,2012-05-11,1321914.34,0,52.9,3.947,138.0882667,4.125,2012,5,19,1353942.4872999997,-32028.147299999604,May,Regular Week,Actual
23,2012-05-18,1332952.47,0,58.42,3.899,138.1065806,4.125,2012,5,20,1335749.691499999,-2797.221499999054,May,Regular Week,Actual
23,2012-05-25,1552934.64,0,66.43,3.85,138.1101935,4.125,2012,5,21,1528401.6647999992,24532.975200000685,May,Regular Week,Actual
23,2012-06-01,1476144.34,0,66.22,3.798,138.1138065,4.125,2012,6,22,1489971.3378000022,-13826.997800002107,June,Regular Week,Actual
23,2012-06-08,1568048.54,0,56.82,3.746,138.1174194,4.125,2012,6,23,1336675.1180999994,231373.42190000066,June,Regular Week,Actual
23,2012-06-15,1543667.68,0,64.73,3.683,138.1295333,4.125,2012,6,24,1519652.4518000027,24015.22819999722,June,Regular Week,Actual
23,2012-06-22,1522042.57,0,71.82,3.629,138.1629,4.125,2012,6,25,1505093.7882999994,16948.781700000633,June,Regular Week,Actual
23,2012-06-29,1451782.16,0,64.23,3.577,138.1962667,4.125,2012,6,26,1464322.4842999994,-12540.324299999513,June,Regular Week,Actual
23,2012-07-06,1545370.16,0,70.86,3.538,138.2296333,4.156,2012,7,27,1523020.7508999982,22349.409100001678,July,Regular Week,Actual
23,2012-07-13,1384921.63,0,69.19,3.561,138.263,4.156,2012,7,28,1390052.8626999985,-5131.232699998654,July,Regular Week,Actual
23,2012-07-20,1381339.23,0,71.13,3.61,138.2331935,4.156,2012,7,29,1385157.4145000004,-3818.1845000004396,July,Regular Week,Actual
23,2012-07-27,1322932.36,0,69.31,3.701,138.2033871,4.156,2012,7,30,1349573.2624999997,-26640.902499999618,July,Regular Week,Actual
23,2012-08-03,1416926.31,0,71.51,3.698,138.1735806,4.156,2012,8,31,1416057.4803000004,868.8296999996528,August,Regular Week,Actual
23,2012-08-10,1436311.76,0,71.12,3.772,138.1437742,4.156,2012,8,32,1418126.7183999997,18185.041600000346,August,Regular Week,Actual
23,2012-08-17,1510131.45,0,69.97,3.84,138.1857097,4.156,2012,8,33,1463672.8131,46458.63690000004,August,Regular Week,Actual
23,2012-08-24,1702220.96,0,64.63,3.874,138.2814516,4.156,2012,8,34,1477650.0516000006,224570.90839999937,August,Regular Week,Actual
23,2012-08-31,1577468.78,0,68.34,3.884,138.3771935,4.156,2012,8,35,1537371.5660000008,40097.21399999922,August,Regular Week,Actual
23,2012-09-07,1427162.26,1,66.74,3.921,138.4729355,4.156,2012,9,36,1442009.9028000014,-14847.642800001428,September,Holiday Week,Actual
23,2012-09-14,1279041.64,0,61.37,3.988,138.5673,4.156,2012,9,37,1293746.5651000002,-14704.925100000342,September,Regular Week,Actual
23,2012-09-21,1338627.55,0,56.8,4.056,138.6534,4.156,2012,9,38,1324419.7718999987,14207.778100001393,September,Regular Week,Actual
23,2012-09-28,1319035.06,0,53.71,4.018,138.7395,4.156,2012,9,39,1317188.2488000006,1846.8111999994144,September,Regular Week,Actual
23,2012-10-05,1464616.59,0,56.65,4.027,138.8256,4.145,2012,10,40,1347478.875,117137.71500000008,October,Regular Week,Actual
23,2012-10-12,1412925.25,0,48.1,4.029,138.9117,4.145,2012,10,41,1346496.0562999996,66429.19370000041,October,Regular Week,Actual
23,2012-10-19,1363155.77,0,47.89,4.0,138.8336129,4.145,2012,10,42,1349310.8492999994,13844.920700000599,October,Regular Week,Actual
23,2012-10-26,1347454.59,0,50.56,3.917,138.7281613,4.145,2012,10,43,1343406.3793999997,4048.2106000003405,October,Regular Week,Actual
24,2010-02-05,1388725.63,0,22.43,2.954,131.5279032,8.326,2010,2,5,1335042.0271999987,53683.60280000116,February,Regular Week,Actual
24,2010-02-12,1414107.1,1,25.94,2.94,131.5866129,8.326,2010,2,6,1384215.8269999984,29891.273000001675,February,Holiday Week,Actual
24,2010-02-19,1385362.49,0,31.05,2.909,131.637,8.326,2010,2,7,1349945.4580999978,35417.031900002155,February,Regular Week,Actual
24,2010-02-26,1158722.74,0,33.98,2.91,131.686,8.326,2010,2,8,1231461.063499998,-72738.32349999808,February,Regular Week,Actual
24,2010-03-05,1412387.37,0,36.73,2.919,131.735,8.326,2010,3,9,1329312.3612000002,83075.00879999995,March,Regular Week,Actual
24,2010-03-12,1309340.16,0,42.31,2.938,131.784,8.326,2010,3,10,1302384.7710999986,6955.3889000013005,March,Regular Week,Actual
24,2010-03-19,1222511.29,0,46.09,2.96,131.8242903,8.326,2010,3,11,1241396.4719000014,-18885.181900001364,March,Regular Week,Actual
24,2010-03-26,1258311.56,0,48.87,2.963,131.863129,8.326,2010,3,12,1253754.2048000013,4557.35519999871,March,Regular Week,Actual
24,2010-04-02,1478321.26,0,45.22,2.957,131.9019677,8.211,2010,4,13,1268994.7817,209326.47830000008,April,Regular Week,Actual
24,2010-04-09,1379579.63,0,62.06,2.992,131.9408065,8.211,2010,4,14,1296256.7754000002,83322.85459999973,April,Regular Week,Actual
24,2010-04-16,1268266.72,0,51.08,3.01,131.9809,8.211,2010,4,15,1266163.6942999996,2103.0257000003476,April,Regular Week,Actual
24,2010-04-23,1264117.01,0,51.07,3.021,132.0226667,8.211,2010,4,16,1268091.4455000004,-3974.4355000003707,April,Regular Week,Actual
24,2010-04-30,1259877.19,0,51.48,3.042,132.0644333,8.211,2010,4,17,1263106.9826999991,-3229.792699999176,April,Regular Week,Actual
24,2010-05-07,1409705.03,0,66.65,3.095,132.1062,8.211,2010,5,18,1435128.8273000012,-25423.79730000114,May,Regular Week,Actual
24,2010-05-14,1346783.35,0,51.31,3.112,132.152129,8.211,2010,5,19,1292622.3649999986,54160.9850000015,May,Regular Week,Actual
24,2010-05-21,1283482.85,0,60.44,3.096,132.2230323,8.211,2010,5,20,1293440.4644999984,-9957.614499998279,May,Regular Week,Actual
24,2010-05-28,1473868.15,0,69.59,3.046,132.2939355,8.211,2010,5,21,1497997.9203000024,-24129.770300002536,May,Regular Week,Actual
24,2010-06-04,1566668.91,0,71.99,3.006,132.3648387,8.211,2010,6,22,1529650.1144999983,37018.79550000164,June,Regular Week,Actual
24,2010-06-11,1375458.21,0,64.84,2.972,132.4357419,8.211,2010,6,23,1452625.4069000008,-77167.1969000008,June,Regular Week,Actual
24,2010-06-18,1354168.18,0,67.17,2.942,132.4733333,8.211,2010,6,24,1475205.3769999999,-121037.19699999993,June,Regular Week,Actual
24,2010-06-25,1399073.75,0,74.9,2.958,132.4976,8.211,2010,6,25,1456321.3783999993,-57247.62839999935,June,Regular Week,Actual
24,2010-07-02,1563387.94,0,71.12,2.958,132.5218667,8.117,2010,7,26,1527783.1956999986,35604.7443000013,July,Regular Week,Actual
24,2010-07-09,1665502.55,0,79.05,2.94,132.5461333,8.117,2010,7,27,1512650.5857999995,152851.9642000005,July,Regular Week,Actual
24,2010-07-16,1418697.05,0,76.56,2.933,132.5667742,8.117,2010,7,28,1407140.6601999986,11556.389800001401,July,Regular Week,Actual
24,2010-07-23,1333740.35,0,75.27,2.924,132.5825806,8.117,2010,7,29,1393963.690199999,-60223.34019999881,July,Regular Week,Actual
24,2010-07-30,1387517.63,0,75.91,2.932,132.5983871,8.117,2010,7,30,1382137.5915999985,5380.038400001358,July,Regular Week,Actual
24,2010-08-06,1442819.28,0,74.54,2.942,132.6141935,8.117,2010,8,31,1403753.2973999996,39065.982600000454,August,Regular Week,Actual
24,2010-08-13,1384243.75,0,74.17,2.923,132.63,8.117,2010,8,32,1392258.6326,-8014.882599999895,August,Regular Week,Actual
24,2010-08-20,1375307.54,0,72.17,2.913,132.6616129,8.117,2010,8,33,1412865.6606,-37558.120600000024,August,Regular Week,Actual
24,2010-08-27,1350059.35,0,67.0,2.885,132.6932258,8.117,2010,8,34,1395290.0203999984,-45230.670399998315,August,Regular Week,Actual
24,2010-09-03,1366381.6,0,73.52,2.86,132.7248387,8.117,2010,9,35,1413655.8229,-47274.222899999935,September,Regular Week,Actual
24,2010-09-10,1474498.59,1,67.11,2.837,132.7564516,8.117,2010,9,36,1453423.8832000014,21074.706799998647,September,Holiday Week,Actual
24,2010-09-17,1273295.46,0,60.31,2.846,132.7670667,8.117,2010,9,37,1265978.3823999977,7317.077600002289,September,Regular Week,Actual
24,2010-09-24,1169413.27,0,64.3,2.837,132.7619333,8.117,2010,9,38,1223067.1487999992,-53653.87879999913,September,Regular Week,Actual
24,2010-10-01,1215273.2,0,66.88,2.84,132.7568,8.275,2010,10,39,1237961.554400001,-22688.354400001,October,Regular Week,Actual
24,2010-10-08,1361944.94,0,54.82,2.903,132.7516667,8.275,2010,10,40,1320205.4194999987,41739.520500001265,October,Regular Week,Actual
24,2010-10-15,1300806.74,0,52.83,2.999,132.7633548,8.275,2010,10,41,1299992.6124999982,814.1275000018068,October,Regular Week,Actual
24,2010-10-22,1234875.33,0,48.69,3.049,132.8170968,8.275,2010,10,42,1285636.9347999992,-50761.60479999916,October,Regular Week,Actual
24,2010-10-29,1244925.94,0,57.29,3.055,132.8708387,8.275,2010,10,43,1258860.0104999992,-13934.070499999216,October,Regular Week,Actual
24,2010-11-05,1285358.01,0,42.2,3.049,132.9245806,8.275,2010,11,44,1300131.0192,-14773.009199999971,November,Regular Week,Actual
24,2010-11-12,1312877.01,0,41.76,3.065,132.9783226,8.275,2010,11,45,1312222.1223000009,654.887699999148,November,Regular Week,Actual
24,2010-11-19,1277150.6,0,45.63,3.138,132.9172,8.275,2010,11,46,1283648.5295999988,-6497.929599998752,November,Regular Week,Actual
24,2010-11-26,1779276.51,1,41.92,3.186,132.8369333,8.275,2010,11,47,1695404.8672999996,83871.64270000043,November,Holiday Week,Actual
24,2010-12-03,1413302.7,0,37.08,3.2,132.7566667,8.275,2010,12,48,1464766.3971000004,-51463.697100000456,December,Regular Week,Actual
24,2010-12-10,1593012.75,0,27.11,3.255,132.6764,8.275,2010,12,49,1607051.4794,-14038.72940000007,December,Regular Week,Actual
24,2010-12-17,1663525.77,0,27.99,3.301,132.6804516,8.275,2010,12,50,1721252.6232000005,-57726.85320000048,December,Regular Week,Actual
24,2010-12-24,2386015.75,0,27.74,3.309,132.7477419,8.275,2010,12,51,2245566.5252000005,140449.2247999995,December,Regular Week,Actual
24,2010-12-31,1208600.05,1,25.9,3.336,132.8150323,8.275,2010,12,52,1382376.9622999993,-173776.91229999927,December,Holiday Week,Actual
24,2011-01-07,1178641.71,0,30.72,3.351,132.8823226,8.252,2011,1,1,1180315.7289999987,-1674.0189999986906,January,Regular Week,Actual
24,2011-01-14,1167740.2,0,22.41,3.367,132.9510645,8.252,2011,1,2,1148683.626200001,19056.573799998965,January,Regular Week,Actual
24,2011-01-21,1107170.39,0,23.69,3.391,133.0285161,8.252,2011,1,3,1122652.1275000006,-15481.737500000745,January,Regular Week,Actual
24,2011-01-28,1126921.34,0,17.91,3.402,133.1059677,8.252,2011,1,4,1123262.3957000014,3658.944299998693,January,Regular Week,Actual
24,2011-02-04,1225182.04,0,23.83,3.4,133.1834194,8.252,2011,2,5,1241468.631300002,-16286.591300002066,February,Regular Week,Actual
24,2011-02-11,1341240.62,1,26.51,3.416,133.260871,8.252,2011,2,6,1329435.6232000017,11804.996799998451,February,Holiday Week,Actual
24,2011-02-18,1360150.12,0,34.04,3.42,133.3701429,8.252,2011,2,7,1334918.9744000016,25231.145599998534,February,Regular Week,Actual
24,2011-02-25,1235121.33,0,26.09,3.452,133.4921429,8.252,2011,2,8,1269876.5847999996,-34755.25479999953,February,Regular Week,Actual
24,2011-03-04,1346994.53,0,31.36,3.605,133.6141429,8.252,2011,3,9,1308588.7299000006,38405.80009999941,March,Regular Week,Actual
24,2011-03-11,1253218.7,0,39.51,3.752,133.7361429,8.252,2011,3,10,1250574.4972000015,2644.2027999984566,March,Regular Week,Actual
24,2011-03-18,1168397.26,0,43.39,3.796,133.8492258,8.252,2011,3,11,1189881.6078000017,-21484.347800001735,March,Regular Week,Actual
24,2011-03-25,1158693.12,0,36.88,3.789,133.9587419,8.252,2011,3,12,1182268.2103000013,-23575.090300001204,March,Regular Week,Actual
24,2011-04-01,1163803.3,0,35.73,3.811,134.0682581,8.212,2011,4,13,1192076.2405999987,-28272.940599998692,April,Regular Week,Actual
24,2011-04-08,1273670.32,0,44.7,3.895,134.1777742,8.212,2011,4,14,1258402.6980999978,15267.62190000224,April,Regular Week,Actual
24,2011-04-15,1245576.65,0,52.36,3.981,134.2784667,8.212,2011,4,15,1255171.5707000012,-9594.920700001298,April,Regular Week,Actual
24,2011-04-22,1372484.9,0,46.0,4.061,134.3571,8.212,2011,4,16,1325459.8152000015,47025.08479999844,April,Regular Week,Actual
24,2011-04-29,1197761.17,0,60.48,4.117,134.4357333,8.212,2011,4,17,1225841.299400001,-28080.12940000114,April,Regular Week,Actual
24,2011-05-06,1339630.35,0,55.75,4.192,134.5143667,8.212,2011,5,18,1314468.1350999984,25162.21490000165,May,Regular Week,Actual
24,2011-05-13,1311950.16,0,58.49,4.211,134.593,8.212,2011,5,19,1293115.8673999987,18834.29260000121,May,Regular Week,Actual
24,2011-05-20,1234281.7,0,59.84,4.202,134.6803871,8.212,2011,5,20,1255216.5681000007,-20934.86810000078,May,Regular Week,Actual
24,2011-05-27,1311153.72,0,65.74,4.134,134.7677742,8.212,2011,5,21,1340498.9385999986,-29345.218599998625,May,Regular Week,Actual
24,2011-06-03,1554837.62,0,73.12,4.069,134.8551613,8.212,2011,6,22,1404627.4900999982,150210.12990000192,June,Regular Week,Actual
24,2011-06-10,1373841.91,0,70.02,4.025,134.9425484,8.212,2011,6,23,1388003.787899998,-14161.8778999981,June,Regular Week,Actual
24,2011-06-17,1320359.23,0,64.34,3.989,135.0837333,8.212,2011,6,24,1324381.9837000004,-4022.753700000467,June,Regular Week,Actual
24,2011-06-24,1304850.67,0,68.88,3.964,135.2652667,8.212,2011,6,25,1427411.5411999992,-122560.87119999924,June,Regular Week,Actual
24,2011-07-01,1445596.61,0,70.27,3.916,135.4468,8.358,2011,7,26,1475689.219899999,-30092.609899998875,July,Regular Week,Actual
24,2011-07-08,1567340.07,0,72.56,3.886,135.6283333,8.358,2011,7,27,1519239.9566999974,48100.113300002646,July,Regular Week,Actual
24,2011-07-15,1356938.95,0,74.43,3.915,135.7837419,8.358,2011,7,28,1376255.0971000006,-19316.147100000642,July,Regular Week,Actual
24,2011-07-22,1357672.24,0,79.29,3.972,135.8738387,8.358,2011,7,29,1372156.438199999,-14484.198199999053,July,Regular Week,Actual
24,2011-07-29,1310973.06,0,74.84,4.004,135.9639355,8.358,2011,7,30,1337511.7016000012,-26538.641600001138,July,Regular Week,Actual
24,2011-08-05,1417616.81,0,74.64,4.02,136.0540323,8.358,2011,8,31,1394732.3193000013,22884.4906999988,August,Regular Week,Actual
24,2011-08-12,1402818.01,0,72.52,3.995,136.144129,8.358,2011,8,32,1396316.8164000013,6501.193599998718,August,Regular Week,Actual
24,2011-08-19,1352039.88,0,69.93,3.942,136.183129,8.358,2011,8,33,1382007.4633999995,-29967.583399999654,August,Regular Week,Actual
24,2011-08-26,1402372.09,0,69.94,3.906,136.2136129,8.358,2011,8,34,1397453.4225999997,4918.667400000384,August,Regular Week,Actual
24,2011-09-02,1196105.44,0,68.14,3.879,136.2440968,8.358,2011,9,35,1288884.543999999,-92779.10399999912,September,Regular Week,Actual
24,2011-09-09,1527455.19,1,68.32,3.93,136.2745806,8.358,2011,9,36,1461384.803599999,66070.38640000089,September,Holiday Week,Actual
24,2011-09-16,1227535.97,0,65.56,3.937,136.3145,8.358,2011,9,37,1254109.8933999995,-26573.923399999505,September,Regular Week,Actual
24,2011-09-23,1232376.49,0,60.61,3.899,136.367,8.358,2011,9,38,1256503.448699999,-24126.95869999891,September,Regular Week,Actual
24,2011-09-30,1246242.61,0,68.0,3.858,136.4195,8.358,2011,9,39,1287394.4733999996,-41151.86339999945,September,Regular Week,Actual
24,2011-10-07,1405914.39,0,53.87,3.775,136.472,8.454,2011,10,40,1381552.9922000007,24361.39779999922,October,Regular Week,Actual
24,2011-10-14,1333315.03,0,60.21,3.744,136.5150968,8.454,2011,10,41,1316256.2398000013,17058.790199998766,October,Regular Week,Actual
24,2011-10-21,1283563.43,0,56.6,3.757,136.5017742,8.454,2011,10,42,1295394.4300000025,-11831.000000002561,October,Regular Week,Actual
24,2011-10-28,1307142.75,0,48.0,3.757,136.4884516,8.454,2011,10,43,1324459.1412000002,-17316.391200000187,October,Regular Week,Actual
24,2011-11-04,1385860.38,0,39.87,3.738,136.475129,8.454,2011,11,44,1389052.2143999988,-3191.8343999988865,November,Regular Week,Actual
24,2011-11-11,1425078.59,0,46.78,3.719,136.4618065,8.454,2011,11,45,1394622.3120000013,30456.27799999877,November,Regular Week,Actual
24,2011-11-18,1297535.69,0,48.17,3.717,136.4666667,8.454,2011,11,46,1374065.4231000007,-76529.73310000077,November,Regular Week,Actual
24,2011-11-25,1761235.67,1,41.83,3.689,136.4788,8.454,2011,11,47,1610371.414799999,150864.25520000095,November,Holiday Week,Actual
24,2011-12-02,1335647.1,0,47.21,3.666,136.4909333,8.454,2011,12,48,1437213.7686999985,-101566.66869999841,December,Regular Week,Actual
24,2011-12-09,1529615.54,0,42.3,3.627,136.5030667,8.454,2011,12,49,1540399.8621000017,-10784.32210000162,December,Regular Week,Actual
24,2011-12-16,1624994.43,0,36.0,3.611,136.5335161,8.454,2011,12,50,1621646.4011000025,3348.0288999974728,December,Regular Week,Actual
24,2011-12-23,2168344.23,0,36.93,3.587,136.5883871,8.454,2011,12,51,2092297.7740999982,76046.4559000018,December,Regular Week,Actual
24,2011-12-30,1363973.16,1,33.45,3.566,136.6432581,8.454,2011,12,52,1294292.4637999989,69680.69620000105,December,Holiday Week,Actual
24,2012-01-06,1251581.89,0,32.86,3.585,136.698129,8.659,2012,1,1,1216787.3716000004,34794.51839999948,January,Regular Week,Actual
24,2012-01-13,1155594.2,0,36.5,3.666,136.753,8.659,2012,1,2,1164402.0192000014,-8807.819200001424,January,Regular Week,Actual
24,2012-01-20,1151993.85,0,25.73,3.705,136.8564194,8.659,2012,1,3,1134496.1244999988,17497.72550000134,January,Regular Week,Actual
24,2012-01-27,1057290.41,0,31.92,3.737,136.9598387,8.659,2012,1,4,1098172.6920999985,-40882.282099998556,January,Regular Week,Actual
24,2012-02-03,1249696.97,0,38.61,3.796,137.0632581,8.659,2012,2,5,1293125.1738000007,-43428.203800000716,February,Regular Week,Actual
24,2012-02-10,1403460.87,1,33.82,3.826,137.1666774,8.659,2012,2,6,1369884.8805000007,33575.98949999944,February,Holiday Week,Actual
24,2012-02-17,1326370.08,0,33.92,3.874,137.2583103,8.659,2012,2,7,1328748.3069999993,-2378.226999999257,February,Regular Week,Actual
24,2012-02-24,1303233.15,0,37.35,3.917,137.3411034,8.659,2012,2,8,1280351.5954000014,22881.55459999852,February,Regular Week,Actual
24,2012-03-02,1213994.39,0,35.36,3.983,137.4238966,8.659,2012,3,9,1234602.9594000007,-20608.56940000085,March,Regular Week,Actual
24,2012-03-09,1325835.7,0,41.5,4.021,137.5066897,8.659,2012,3,10,1248260.9455000006,77574.75449999934,March,Regular Week,Actual
24,2012-03-16,1239299.12,0,48.68,4.021,137.5843871,8.659,2012,3,11,1238494.0753000004,805.0446999997366,March,Regular Week,Actual
24,2012-03-23,1221723.94,0,59.51,4.054,137.6552903,8.659,2012,3,12,1231303.258799999,-9579.318799999077,March,Regular Week,Actual
24,2012-03-30,1230106.13,0,47.28,4.098,137.7261935,8.659,2012,3,13,1248671.4740999998,-18565.34409999987,March,Regular Week,Actual
24,2012-04-06,1524734.29,0,45.25,4.143,137.7970968,8.983,2012,4,14,1413584.1960000016,111150.09399999841,April,Regular Week,Actual
24,2012-04-13,1285783.87,0,48.65,4.187,137.868,8.983,2012,4,15,1286575.7206000017,-791.850600001635,April,Regular Week,Actual
24,2012-04-20,1208654.4,0,61.05,4.17,137.9230667,8.983,2012,4,16,1220801.5236000018,-12147.123600001913,April,Regular Week,Actual
24,2012-04-27,1194334.65,0,49.26,4.163,137.9781333,8.983,2012,4,17,1238688.7917000016,-44354.141700001666,April,Regular Week,Actual
24,2012-05-04,1306551.71,0,52.14,4.124,138.0332,8.983,2012,5,18,1281574.7431000005,24976.966899999417,May,Regular Week,Actual
24,2012-05-11,1355391.79,0,58.7,4.055,138.0882667,8.983,2012,5,19,1304879.1222999992,50512.667700000806,May,Regular Week,Actual
24,2012-05-18,1298809.8,0,63.1,4.029,138.1065806,8.983,2012,5,20,1306543.3727999986,-7733.572799998568,May,Regular Week,Actual
24,2012-05-25,1407897.57,0,65.79,3.979,138.1101935,8.983,2012,5,21,1398613.7234999973,9283.846500002779,May,Regular Week,Actual
24,2012-06-01,1467722.19,0,71.79,3.915,138.1138065,8.983,2012,6,22,1458894.7426999987,8827.44730000128,June,Regular Week,Actual
24,2012-06-08,1406313.13,0,59.93,3.871,138.1174194,8.983,2012,6,23,1360899.4369999983,45413.6930000016,June,Regular Week,Actual
24,2012-06-15,1364445.98,0,68.28,3.786,138.1295333,8.983,2012,6,24,1444778.1748,-80332.19479999994,June,Regular Week,Actual
24,2012-06-22,1434709.63,0,72.29,3.722,138.1629,8.983,2012,6,25,1470491.9485,-35782.31850000005,June,Regular Week,Actual
24,2012-06-29,1428869.9,0,70.4,3.667,138.1962667,8.983,2012,6,26,1439221.3420000013,-10351.442000001436,June,Regular Week,Actual
24,2012-07-06,1645097.75,0,77.18,3.646,138.2296333,8.953,2012,7,27,1555213.9211000002,89883.82889999985,July,Regular Week,Actual
24,2012-07-13,1405475.78,0,75.36,3.689,138.263,8.953,2012,7,28,1403992.3417000007,1483.4382999993395,July,Regular Week,Actual
24,2012-07-20,1394299.0,0,76.42,3.732,138.2331935,8.953,2012,7,29,1398739.2253000003,-4440.225300000282,July,Regular Week,Actual
24,2012-07-27,1307339.14,0,73.62,3.82,138.2033871,8.953,2012,7,30,1347180.7236000004,-39841.58360000048,July,Regular Week,Actual
24,2012-08-03,1440374.13,0,73.26,3.819,138.1735806,8.953,2012,8,31,1424853.0695999989,15521.060400001006,August,Regular Week,Actual
24,2012-08-10,1497054.81,0,75.53,3.863,138.1437742,8.953,2012,8,32,1454911.4727000012,42143.33729999885,August,Regular Week,Actual
24,2012-08-17,1397970.54,0,72.87,3.963,138.1857097,8.953,2012,8,33,1400137.4229000015,-2166.882900001481,August,Regular Week,Actual
24,2012-08-24,1303726.54,0,68.13,3.997,138.2814516,8.953,2012,8,34,1323866.3191000018,-20139.77910000179,August,Regular Week,Actual
24,2012-08-31,1344558.92,0,71.18,4.026,138.3771935,8.953,2012,8,35,1366615.246100001,-22056.32610000111,August,Regular Week,Actual
24,2012-09-07,1477134.75,1,72.81,4.076,138.4729355,8.953,2012,9,36,1405656.4398000005,71478.31019999948,September,Holiday Week,Actual
24,2012-09-14,1242909.53,0,64.28,4.088,138.5673,8.953,2012,9,37,1264856.1023000008,-21946.572300000815,September,Regular Week,Actual
24,2012-09-21,1261158.47,0,61.25,4.203,138.6534,8.953,2012,9,38,1265193.3827999998,-4034.9127999998163,September,Regular Week,Actual
24,2012-09-28,1259278.36,0,58.86,4.158,138.7395,8.953,2012,9,39,1265557.4538,-6279.093799999915,September,Regular Week,Actual
24,2012-10-05,1416720.54,0,60.35,4.151,138.8256,8.693,2012,10,40,1358005.535900002,58715.004099997925,October,Regular Week,Actual
24,2012-10-12,1416301.17,0,51.64,4.186,138.9117,8.693,2012,10,41,1376279.5466000014,40021.62339999853,October,Regular Week,Actual
24,2012-10-19,1255414.84,0,52.59,4.153,138.8336129,8.693,2012,10,42,1284736.8184000023,-29321.978400002234,October,Regular Week,Actual
24,2012-10-26,1307182.29,0,55.16,4.071,138.7281613,8.693,2012,10,43,1310427.7101000024,-3245.4201000023168,October,Regular Week,Actual
25,2010-02-05,677231.63,0,21.1,2.784,204.2471935,8.187,2010,2,5,659059.092400001,18172.537599998992,February,Regular Week,Actual
25,2010-02-12,583364.02,1,19.64,2.773,204.3857472,8.187,2010,2,6,676078.2049000002,-92714.18490000023,February,Holiday Week,Actual
25,2010-02-19,676260.67,0,24.16,2.745,204.4321004,8.187,2010,2,7,662381.689400001,13878.980599999079,February,Regular Week,Actual
25,2010-02-26,628516.57,0,29.16,2.754,204.4630869,8.187,2010,2,8,643737.9982000005,-15221.428200000548,February,Regular Week,Actual
25,2010-03-05,665750.06,0,29.45,2.777,204.4940734,8.187,2010,3,9,657706.2964000008,8043.763599999249,March,Regular Week,Actual
25,2010-03-12,660619.99,0,40.05,2.818,204.5250598,8.187,2010,3,10,675788.2272000009,-15168.237200000905,March,Regular Week,Actual
25,2010-03-19,659795.84,0,45.0,2.844,204.3782258,8.187,2010,3,11,677616.3590000012,-17820.51900000125,March,Regular Week,Actual
25,2010-03-26,696687.6,0,45.84,2.854,204.201755,8.187,2010,3,12,710750.9898000007,-14063.389800000703,March,Regular Week,Actual
25,2010-04-02,822486.37,0,47.2,2.85,204.0252842,7.856,2010,4,13,780205.5179999997,42280.852000000305,April,Regular Week,Actual
25,2010-04-09,712647.97,0,61.36,2.869,203.8488134,7.856,2010,4,14,740493.3371999998,-27845.367199999862,April,Regular Week,Actual
25,2010-04-16,715311.6,0,52.16,2.899,203.7307486,7.856,2010,4,15,721416.8450000004,-6105.245000000461,April,Regular Week,Actual
25,2010-04-23,694531.72,0,46.12,2.902,203.6905586,7.856,2010,4,16,708872.5529999998,-14340.832999999868,April,Regular Week,Actual
25,2010-04-30,706924.02,0,50.97,2.921,203.6503685,7.856,2010,4,17,710319.8870000009,-3395.8670000009006,April,Regular Week,Actual
25,2010-05-07,724468.97,0,63.67,2.966,203.6101784,7.856,2010,5,18,726002.6981999995,-1533.7281999995466,May,Regular Week,Actual
25,2010-05-14,698073.95,0,50.27,2.982,203.6133915,7.856,2010,5,19,705110.8587000008,-7036.908700000844,May,Regular Week,Actual
25,2010-05-21,704113.22,0,57.17,2.958,203.8770235,7.856,2010,5,20,712833.8649999995,-8720.644999999553,May,Regular Week,Actual
25,2010-05-28,792442.54,0,69.31,2.899,204.1406556,7.856,2010,5,21,777482.771,14959.769000000088,May,Regular Week,Actual
25,2010-06-04,764155.44,0,69.22,2.847,204.4042877,7.856,2010,6,22,765593.5542999991,-1438.1142999992007,June,Regular Week,Actual
25,2010-06-11,737163.2,0,63.68,2.809,204.6679198,7.856,2010,6,23,737737.6681000008,-574.4681000008713,June,Regular Week,Actual
25,2010-06-18,780444.94,0,69.56,2.78,204.670036,7.856,2010,6,24,766021.0165999994,14423.923400000553,June,Regular Week,Actual
25,2010-06-25,737569.14,0,72.17,2.808,204.5675459,7.856,2010,6,25,745819.7378000001,-8250.597800000105,June,Regular Week,Actual
25,2010-07-02,759407.87,0,66.42,2.815,204.4650559,7.527,2010,7,26,745697.6650999994,13710.204900000594,July,Regular Week,Actual
25,2010-07-09,719591.13,0,75.24,2.793,204.3625658,7.527,2010,7,27,722960.5194000007,-3369.389400000684,July,Regular Week,Actual
25,2010-07-16,726997.84,0,73.43,2.783,204.3571656,7.527,2010,7,28,718311.2580000017,8686.581999998307,July,Regular Week,Actual
25,2010-07-23,665290.93,0,75.37,2.771,204.4812188,7.527,2010,7,29,679452.7272000001,-14161.79720000003,July,Regular Week,Actual
25,2010-07-30,682124.34,0,71.99,2.781,204.605272,7.527,2010,7,30,691021.0818000012,-8896.74180000124,July,Regular Week,Actual
25,2010-08-06,699464.43,0,71.79,2.784,204.7293252,7.527,2010,8,31,698340.817900001,1123.6120999990962,August,Regular Week,Actual
25,2010-08-13,686072.39,0,72.73,2.805,204.8533784,7.527,2010,8,32,688064.9828000006,-1992.592800000566,August,Regular Week,Actual
25,2010-08-20,724499.81,0,71.81,2.779,204.8217044,7.527,2010,8,33,713509.752400001,10990.05759999901,August,Regular Week,Actual
25,2010-08-27,711461.95,0,67.15,2.755,204.7900305,7.527,2010,8,34,713294.6551000009,-1832.7051000009524,August,Regular Week,Actual
25,2010-09-03,685700.08,0,71.17,2.715,204.7583566,7.527,2010,9,35,686162.6096999994,-462.5296999994898,September,Regular Week,Actual
25,2010-09-10,655811.95,1,61.14,2.699,204.7266827,7.527,2010,9,36,648991.6098999999,6820.34010000003,September,Holiday Week,Actual
25,2010-09-17,628989.88,0,60.13,2.706,204.7513279,7.527,2010,9,37,635655.7810000004,-6665.90100000042,September,Regular Week,Actual
25,2010-09-24,607819.33,0,65.06,2.713,204.8182126,7.527,2010,9,38,637556.020499999,-29736.690499999095,September,Regular Week,Actual
25,2010-10-01,658640.14,0,57.56,2.707,204.8850973,7.484,2010,10,39,647767.6546000001,10872.485399999889,October,Regular Week,Actual
25,2010-10-08,674283.86,0,48.46,2.764,204.951982,7.484,2010,10,40,667216.3535999996,7067.50640000042,October,Regular Week,Actual
25,2010-10-15,616094.72,0,54.09,2.868,205.0137637,7.484,2010,10,41,631420.2615999994,-15325.541599999415,October,Regular Week,Actual
25,2010-10-22,661644.19,0,46.73,2.917,205.0627881,7.484,2010,10,42,669032.5542999994,-7388.364299999434,October,Regular Week,Actual
25,2010-10-29,674458.03,0,55.72,2.921,205.1118126,7.484,2010,10,43,685146.5149000003,-10688.484900000272,October,Regular Week,Actual
25,2010-11-05,696314.53,0,38.8,2.917,205.160837,7.484,2010,11,44,695967.6626000002,346.86739999987185,November,Regular Week,Actual
25,2010-11-12,713250.08,0,40.68,2.931,205.2098614,7.484,2010,11,45,706782.6367999993,6467.443200000678,November,Regular Week,Actual
25,2010-11-19,718056.73,0,42.72,3.0,205.0992811,7.484,2010,11,46,712720.9578999992,5335.772100000759,November,Regular Week,Actual
25,2010-11-26,1115240.61,1,43.43,3.039,204.9621,7.484,2010,11,47,1067967.5762999996,47273.033700000495,November,Holiday Week,Actual
25,2010-12-03,885572.96,0,32.41,3.046,204.8249189,7.484,2010,12,48,909865.383799999,-24292.42379999906,December,Regular Week,Actual
25,2010-12-10,964729.18,0,22.65,3.109,204.6877378,7.484,2010,12,49,969155.3696000014,-4426.189600001322,December,Regular Week,Actual
25,2010-12-17,1047707.59,0,21.6,3.14,204.6321194,7.484,2010,12,50,1040406.6279000017,7300.962099998258,December,Regular Week,Actual
25,2010-12-24,1295391.19,0,22.94,3.141,204.6376731,7.484,2010,12,51,1202473.1857999996,92918.00420000032,December,Regular Week,Actual
25,2010-12-31,623092.54,1,25.89,3.179,204.6432267,7.484,2010,12,52,693959.0308999994,-70866.4908999994,December,Holiday Week,Actual
25,2011-01-07,558794.63,0,29.0,3.193,204.6487803,7.343,2011,1,1,573084.7619000006,-14290.131900000619,January,Regular Week,Actual
25,2011-01-14,572360.83,0,18.3,3.205,204.7026042,7.343,2011,1,2,573333.8991999999,-973.0691999999108,January,Regular Week,Actual
25,2011-01-21,568093.57,0,23.21,3.229,205.0460497,7.343,2011,1,3,582483.0094000002,-14389.439400000265,January,Regular Week,Actual
25,2011-01-28,600448.69,0,18.92,3.237,205.3894952,7.343,2011,1,4,601637.0342999998,-1188.3442999998806,January,Regular Week,Actual
25,2011-02-04,639830.45,0,23.94,3.231,205.7329407,7.343,2011,2,5,629010.4610000008,10819.988999999128,February,Regular Week,Actual
25,2011-02-11,615666.78,1,21.18,3.239,206.0763862,7.343,2011,2,6,625029.9293000007,-9363.14930000063,February,Holiday Week,Actual
25,2011-02-18,634637.03,0,38.42,3.245,206.3694701,7.343,2011,2,7,635192.9665000007,-555.936500000651,February,Regular Week,Actual
25,2011-02-25,570816.34,0,28.36,3.274,206.6424093,7.343,2011,2,8,627253.6010000005,-56437.26100000052,February,Regular Week,Actual
25,2011-03-04,640912.18,0,31.59,3.433,206.9153485,7.343,2011,3,9,633685.9730000002,7226.20699999982,March,Regular Week,Actual
25,2011-03-11,599828.39,0,36.73,3.582,207.1882876,7.343,2011,3,10,608230.9735000004,-8402.583500000415,March,Regular Week,Actual
25,2011-03-18,603393.64,0,40.94,3.631,207.4283845,7.343,2011,3,11,617698.3245000006,-14304.684500000556,March,Regular Week,Actual
25,2011-03-25,616324.24,0,38.51,3.625,207.6553444,7.343,2011,3,12,620437.8641000004,-4113.624100000365,March,Regular Week,Actual
25,2011-04-01,618377.79,0,28.5,3.638,207.8823043,7.287,2011,4,13,624853.9242999998,-6476.134299999801,April,Regular Week,Actual
25,2011-04-08,648606.13,0,42.11,3.72,208.1092642,7.287,2011,4,14,651955.0787000009,-3348.948700000881,April,Regular Week,Actual
25,2011-04-15,674562.45,0,51.43,3.821,208.3172811,7.287,2011,4,15,686882.5655000008,-12320.115500000888,April,Regular Week,Actual
25,2011-04-22,756588.42,0,45.87,3.892,208.4779405,7.287,2011,4,16,731830.5685000009,24757.851499999175,April,Regular Week,Actual
25,2011-04-29,649245.0,0,58.43,3.962,208.6386,7.287,2011,4,17,666446.3996999997,-17201.399699999718,April,Regular Week,Actual
25,2011-05-06,659446.55,0,49.5,4.046,208.7992595,7.287,2011,5,18,661913.9198999994,-2467.3698999993503,May,Regular Week,Actual
25,2011-05-13,684783.15,0,60.1,4.066,208.9599189,7.287,2011,5,19,686053.1990999993,-1270.0490999992471,May,Regular Week,Actual
25,2011-05-20,677971.33,0,56.56,4.062,208.7583165,7.287,2011,5,20,671205.0096999994,6766.320300000603,May,Regular Week,Actual
25,2011-05-27,718373.94,0,67.18,3.985,208.556714,7.287,2011,5,21,715948.4953999994,2425.444600000512,May,Regular Week,Actual
25,2011-06-03,737551.74,0,70.69,3.922,208.3551116,7.287,2011,6,22,733045.3981000002,4506.341899999767,June,Regular Week,Actual
25,2011-06-10,740259.63,0,71.45,3.881,208.1535092,7.287,2011,6,23,737240.2636000006,3019.3663999993587,June,Regular Week,Actual
25,2011-06-17,717373.43,0,63.58,3.842,208.1265604,7.287,2011,6,24,722046.9399000001,-4673.509900000063,June,Regular Week,Actual
25,2011-06-24,699270.1,0,70.71,3.804,208.2306018,7.287,2011,6,25,729614.3780000004,-30344.2780000004,June,Regular Week,Actual
25,2011-07-01,706206.86,0,66.61,3.748,208.3346432,7.274,2011,7,26,713557.9575999997,-7351.097599999746,July,Regular Week,Actual
25,2011-07-08,698529.64,0,71.64,3.711,208.4386847,7.274,2011,7,27,701434.5708000003,-2904.930800000322,July,Regular Week,Actual
25,2011-07-15,680510.23,0,72.67,3.76,208.5309337,7.274,2011,7,28,684150.6716999994,-3640.4416999993846,July,Regular Week,Actual
25,2011-07-22,670854.96,0,78.1,3.811,208.5937018,7.274,2011,7,29,673936.8655000001,-3081.90550000011,July,Regular Week,Actual
25,2011-07-29,668390.82,0,74.72,3.829,208.6564699,7.274,2011,7,30,679272.8813999997,-10882.061399999773,July,Regular Week,Actual
25,2011-08-05,679706.01,0,74.0,3.842,208.719238,7.274,2011,8,31,681661.7625999994,-1955.752599999425,August,Regular Week,Actual
25,2011-08-12,667130.48,0,70.93,3.812,208.7820061,7.274,2011,8,32,678415.5038999991,-11285.023899999098,August,Regular Week,Actual
25,2011-08-19,688958.75,0,68.09,3.747,208.8424359,7.274,2011,8,33,692601.1651000001,-3642.4151000001,August,Regular Week,Actual
25,2011-08-26,726422.55,0,66.8,3.704,208.902476,7.274,2011,8,34,703831.8237,22590.726300000097,August,Regular Week,Actual
25,2011-09-02,699779.0,0,67.2,3.703,208.9625161,7.274,2011,9,35,693804.7523999998,5974.247600000235,September,Regular Week,Actual
25,2011-09-09,673248.48,1,67.51,3.738,209.0225562,7.274,2011,9,36,672707.4612999989,541.0187000010628,September,Holiday Week,Actual
25,2011-09-16,628720.46,0,62.05,3.742,209.1893892,7.274,2011,9,37,633630.7752000005,-4910.315200000536,September,Regular Week,Actual
25,2011-09-23,620885.93,0,60.28,3.711,209.4986126,7.274,2011,9,38,626444.0976999999,-5558.1676999998745,September,Regular Week,Actual
25,2011-09-30,639160.24,0,60.7,3.645,209.807836,7.274,2011,9,39,637693.5825000003,1466.6574999997392,September,Regular Week,Actual
25,2011-10-07,671522.87,0,50.82,3.583,210.1170595,7.082,2011,10,40,670181.1526999992,1341.7173000008333,October,Regular Week,Actual
25,2011-10-14,646915.47,0,58.95,3.541,210.4027602,7.082,2011,10,41,647154.6554999994,-239.18549999943934,October,Regular Week,Actual
25,2011-10-21,690675.5,0,50.22,3.57,210.5473252,7.082,2011,10,42,682347.0918999997,8328.40810000035,October,Regular Week,Actual
25,2011-10-28,724443.97,0,46.28,3.569,210.6918901,7.082,2011,10,43,716653.3217999995,7790.64820000052,October,Regular Week,Actual
25,2011-11-04,718393.61,0,40.88,3.551,210.8364551,7.082,2011,11,44,693767.1509,24626.45909999998,November,Regular Week,Actual
25,2011-11-11,719235.07,0,44.81,3.53,210.9810201,7.082,2011,11,45,721046.3813999998,-1811.3113999998895,November,Regular Week,Actual
25,2011-11-18,728525.6,0,46.41,3.53,211.1847207,7.082,2011,11,46,728549.0991,-23.49910000001546,November,Regular Week,Actual
25,2011-11-25,1116211.39,1,43.49,3.492,211.4120757,7.082,2011,11,47,1070382.8717,45828.51829999988,November,Holiday Week,Actual
25,2011-12-02,878314.57,0,42.85,3.452,211.6394306,7.082,2011,12,48,936079.3056999986,-57764.73569999868,December,Regular Week,Actual
25,2011-12-09,916446.02,0,38.69,3.415,211.8667856,7.082,2011,12,49,953485.3652999998,-37039.34529999981,December,Regular Week,Actual
25,2011-12-16,997502.47,0,33.09,3.413,212.0685039,7.082,2011,12,50,1011110.5537999998,-13608.08379999979,December,Regular Week,Actual
25,2011-12-23,1290532.97,0,36.56,3.389,212.2360401,7.082,2011,12,51,1217653.0280999995,72879.94190000044,December,Regular Week,Actual
25,2011-12-30,683665.37,1,32.42,3.389,212.4035763,7.082,2011,12,52,734225.8864999994,-50560.516499999445,December,Holiday Week,Actual
25,2012-01-06,636419.12,0,30.23,3.422,212.5711125,6.961,2012,1,1,625908.4134999996,10510.706500000437,January,Regular Week,Actual
25,2012-01-13,614764.31,0,34.6,3.513,212.7386486,6.961,2012,1,2,619143.6904000002,-4379.38040000014,January,Regular Week,Actual
25,2012-01-20,594744.89,0,23.87,3.533,212.8336399,6.961,2012,1,3,618581.4509999999,-23836.56099999987,January,Regular Week,Actual
25,2012-01-27,589554.29,0,32.24,3.567,212.9286312,6.961,2012,1,4,626424.2539000002,-36869.963900000206,January,Regular Week,Actual
25,2012-02-03,642776.4,0,34.98,3.617,213.0236225,6.961,2012,2,5,622208.7832000002,20567.616799999843,February,Regular Week,Actual
25,2012-02-10,658984.38,1,32.47,3.64,213.1186138,6.961,2012,2,6,648914.5228000007,10069.857199999271,February,Holiday Week,Actual
25,2012-02-17,654088.02,0,32.23,3.695,213.2732106,6.961,2012,2,7,633347.6405000001,20740.379499999923,February,Regular Week,Actual
25,2012-02-24,613501.05,0,35.51,3.739,213.4725116,6.961,2012,2,8,620959.9671999995,-7458.917199999443,February,Regular Week,Actual
25,2012-03-02,643155.89,0,36.01,3.816,213.6718127,6.961,2012,3,9,638343.2577000004,4812.63229999959,March,Regular Week,Actual
25,2012-03-09,643711.53,0,37.44,3.848,213.8711137,6.961,2012,3,10,642099.4545000005,1612.0754999995697,March,Regular Week,Actual
25,2012-03-16,638204.27,0,50.64,3.862,214.0167132,6.961,2012,3,11,663911.605700001,-25707.335700000986,March,Regular Week,Actual
25,2012-03-23,672831.78,0,62.7,3.9,214.0907105,6.961,2012,3,12,715210.0203999998,-42378.24039999978,March,Regular Week,Actual
25,2012-03-30,684348.92,0,47.92,3.953,214.1647079,6.961,2012,3,13,679013.9131000004,5335.006899999687,March,Regular Week,Actual
25,2012-04-06,791356.9,0,44.73,3.996,214.2387053,7.139,2012,4,14,680870.3408000005,110486.55919999955,April,Regular Week,Actual
25,2012-04-13,658691.56,0,42.46,4.044,214.3127027,7.139,2012,4,15,663810.6687000006,-5119.108700000565,April,Regular Week,Actual
25,2012-04-20,661566.48,0,57.1,4.027,214.3675045,7.139,2012,4,16,667897.4370999989,-6330.957099998952,April,Regular Week,Actual
25,2012-04-27,655157.32,0,44.2,4.004,214.4223063,7.139,2012,4,17,684433.3478000001,-29276.027800000156,April,Regular Week,Actual
25,2012-05-04,696421.72,0,58.76,3.951,214.4771081,7.139,2012,5,18,694995.5350999995,1426.1849000004586,May,Regular Week,Actual
25,2012-05-11,739866.16,0,59.21,3.889,214.5319099,7.139,2012,5,19,734213.8927999999,5652.2672000001185,May,Regular Week,Actual
25,2012-05-18,717207.19,0,58.21,3.848,214.5485571,7.139,2012,5,20,722219.7314,-5012.541400000104,May,Regular Week,Actual
25,2012-05-25,783371.02,0,67.69,3.798,214.5499425,7.139,2012,5,21,762438.8013000005,20932.218699999503,May,Regular Week,Actual
25,2012-06-01,694765.95,0,69.54,3.742,214.5513278,7.139,2012,6,22,710525.0802000009,-15759.130200000945,June,Regular Week,Actual
25,2012-06-08,730254.19,0,58.48,3.689,214.5527132,7.139,2012,6,23,724537.3316999992,5716.858300000778,June,Regular Week,Actual
25,2012-06-15,753860.89,0,68.34,3.62,214.5653243,7.139,2012,6,24,731508.6693,22352.220700000064,June,Regular Week,Actual
25,2012-06-22,721601.9,0,73.52,3.564,214.606,7.139,2012,6,25,719269.0772999999,2332.8227000001352,June,Regular Week,Actual
25,2012-06-29,718890.81,0,69.84,3.506,214.6466757,7.139,2012,6,26,720021.5945000008,-1130.7845000007655,June,Regular Week,Actual
25,2012-07-06,753385.55,0,75.52,3.475,214.6873514,7.28,2012,7,27,737688.7624999994,15696.787500000675,July,Regular Week,Actual
25,2012-07-13,714093.95,0,73.87,3.523,214.728027,7.28,2012,7,28,713781.8748000003,312.0751999996137,July,Regular Week,Actual
25,2012-07-20,685676.58,0,74.32,3.567,214.7331351,7.28,2012,7,29,687853.8384999994,-2177.258499999414,July,Regular Week,Actual
25,2012-07-27,659109.53,0,72.98,3.647,214.7382432,7.28,2012,7,30,672921.6933000006,-13812.163300000597,July,Regular Week,Actual
25,2012-08-03,709724.6,0,72.08,3.654,214.7433514,7.28,2012,8,31,697444.8406000006,12279.759399999399,August,Regular Week,Actual
25,2012-08-10,710496.97,0,71.93,3.722,214.7484595,7.28,2012,8,32,696804.0460000006,13692.923999999417,August,Regular Week,Actual
25,2012-08-17,728467.72,0,66.99,3.807,214.825578,7.28,2012,8,33,722521.8197999995,5945.900200000498,August,Regular Week,Actual
25,2012-08-24,756527.64,0,64.53,3.834,214.9567044,7.28,2012,8,34,734300.9075999999,22226.732400000095,August,Regular Week,Actual
25,2012-08-31,714828.73,0,68.55,3.867,215.0878309,7.28,2012,8,35,715486.1379999991,-657.4079999991227,August,Regular Week,Actual
25,2012-09-07,671482.9,1,72.79,3.911,215.2189573,7.28,2012,9,36,674873.1811999994,-3390.2811999993864,September,Holiday Week,Actual
25,2012-09-14,657241.63,0,60.9,3.948,215.3583757,7.28,2012,9,37,662352.9616000007,-5111.331600000733,September,Regular Week,Actual
25,2012-09-21,664745.2,0,57.6,4.038,215.5475459,7.28,2012,9,38,663242.0663000009,1503.1336999990745,September,Regular Week,Actual
25,2012-09-28,683300.84,0,54.52,3.997,215.7367162,7.28,2012,9,39,663755.3552000008,19545.48479999916,September,Regular Week,Actual
25,2012-10-05,699536.73,0,57.58,3.985,215.9258865,7.293,2012,10,40,667606.4605000004,31930.269499999587,October,Regular Week,Actual
25,2012-10-12,697317.41,0,43.74,4.0,216.1150568,7.293,2012,10,41,694731.584499999,2585.825500001083,October,Regular Week,Actual
25,2012-10-19,685531.85,0,51.93,3.969,216.1464699,7.293,2012,10,42,681327.8179999999,4204.032000000123,October,Regular Week,Actual
25,2012-10-26,688940.94,0,56.69,3.882,216.1515902,7.293,2012,10,43,714927.3082000002,-25986.36820000026,October,Regular Week,Actual
26,2010-02-05,1034119.21,0,9.55,2.788,131.5279032,8.488,2010,2,5,962517.7313000002,71601.47869999975,February,Regular Week,Actual
26,2010-02-12,1015684.09,1,18.14,2.771,131.5866129,8.488,2010,2,6,1010748.2998000012,4935.790199998766,February,Holiday Week,Actual
26,2010-02-19,999348.55,0,22.62,2.747,131.637,8.488,2010,2,7,997009.8154999992,2338.7345000008354,February,Regular Week,Actual
26,2010-02-26,855385.01,0,27.32,2.753,131.686,8.488,2010,2,8,994128.3878999993,-138743.37789999926,February,Regular Week,Actual
26,2010-03-05,1005669.58,0,28.6,2.766,131.735,8.488,2010,3,9,994042.9932999993,11626.586700000684,March,Regular Week,Actual
26,2010-03-12,963382.09,0,31.1,2.805,131.784,8.488,2010,3,10,967309.6339000013,-3927.5439000013284,March,Regular Week,Actual
26,2010-03-19,903366.55,0,35.34,2.834,131.8242903,8.488,2010,3,11,915571.7171999993,-12205.16719999921,March,Regular Week,Actual
26,2010-03-26,893613.0,0,35.26,2.831,131.863129,8.488,2010,3,12,915960.0671999998,-22347.067199999816,March,Regular Week,Actual
26,2010-04-02,1029849.2,0,36.53,2.826,131.9019677,8.512,2010,4,13,931033.1099999998,98816.0900000002,April,Regular Week,Actual
26,2010-04-09,1022293.81,0,50.13,2.849,131.9408065,8.512,2010,4,14,997454.4603000009,24839.349699999206,April,Regular Week,Actual
26,2010-04-16,905548.38,0,36.6,2.885,131.9809,8.512,2010,4,15,909475.5837999996,-3927.203799999552,April,Regular Week,Actual
26,2010-04-23,881930.87,0,39.68,2.895,132.0226667,8.512,2010,4,16,896909.9346,-14979.064600000042,April,Regular Week,Actual
26,2010-04-30,904503.85,0,40.56,2.935,132.0644333,8.512,2010,4,17,904710.0077999996,-206.15779999957886,April,Regular Week,Actual
26,2010-05-07,1074479.73,0,54.72,2.981,132.1062,8.512,2010,5,18,1045030.9104000009,29448.819599999115,May,Regular Week,Actual
26,2010-05-14,972663.59,0,39.08,2.983,132.152129,8.512,2010,5,19,936476.3579999994,36187.23200000054,May,Regular Week,Actual
26,2010-05-21,986765.01,0,50.81,2.961,132.2230323,8.512,2010,5,20,1000128.271500001,-13363.261500000954,May,Regular Week,Actual
26,2010-05-28,1069851.59,0,61.65,2.906,132.2939355,8.512,2010,5,21,1051078.5977000012,18772.992299998878,May,Regular Week,Actual
26,2010-06-04,1003202.66,0,58.46,2.857,132.3648387,8.512,2010,6,22,1020606.364599999,-17403.704599999008,June,Regular Week,Actual
26,2010-06-11,1073862.59,0,51.62,2.83,132.4357419,8.512,2010,6,23,1037452.5105000017,36410.07949999836,June,Regular Week,Actual
26,2010-06-18,1001286.67,0,53.62,2.805,132.4733333,8.512,2010,6,24,1002819.6429000013,-1532.9729000012157,June,Regular Week,Actual
26,2010-06-25,976242.09,0,63.78,2.81,132.4976,8.512,2010,6,25,998647.1827000019,-22405.0927000019,June,Regular Week,Actual
26,2010-07-02,1078455.48,0,58.9,2.815,132.5218667,8.445,2010,7,26,1054387.1957000007,24068.284299999243,July,Regular Week,Actual
26,2010-07-09,1122356.53,0,71.08,2.806,132.5461333,8.445,2010,7,27,1083126.3773000007,39230.15269999928,July,Regular Week,Actual
26,2010-07-16,1028151.72,0,67.66,2.796,132.5667742,8.445,2010,7,28,1037200.1571,-9048.437099999981,July,Regular Week,Actual
26,2010-07-23,971615.62,0,65.4,2.784,132.5825806,8.445,2010,7,29,1001822.717200001,-30207.097200001008,July,Regular Week,Actual
26,2010-07-30,1005324.28,0,63.79,2.792,132.5983871,8.445,2010,7,30,1023009.1147000007,-17684.834700000705,July,Regular Week,Actual
26,2010-08-06,1125329.77,0,62.93,2.792,132.6141935,8.445,2010,8,31,1080046.5245000003,45283.24549999973,August,Regular Week,Actual
26,2010-08-13,1011938.29,0,61.58,2.81,132.63,8.445,2010,8,32,1030032.828000001,-18094.53800000099,August,Regular Week,Actual
26,2010-08-20,1007385.36,0,62.68,2.796,132.6616129,8.445,2010,8,33,1028095.3752,-20710.015200000023,August,Regular Week,Actual
26,2010-08-27,977322.52,0,57.23,2.77,132.6932258,8.445,2010,8,34,987161.1626999998,-9838.642699999735,August,Regular Week,Actual
26,2010-09-03,1037549.71,0,66.93,2.735,132.7248387,8.445,2010,9,35,1026935.7733000001,10613.936699999846,September,Regular Week,Actual
26,2010-09-10,1042226.3,1,54.82,2.717,132.7564516,8.445,2010,9,36,1006988.9691999988,35237.33080000128,September,Holiday Week,Actual
26,2010-09-17,923473.7,0,50.08,2.716,132.7670667,8.445,2010,9,37,922444.2757000008,1029.4242999991402,September,Regular Week,Actual
26,2010-09-24,868636.3,0,52.47,2.718,132.7619333,8.445,2010,9,38,903771.7632999993,-35135.46329999925,September,Regular Week,Actual
26,2010-10-01,923221.52,0,57.8,2.717,132.7568,8.149,2010,10,39,949913.3682999995,-26691.84829999949,October,Regular Week,Actual
26,2010-10-08,1001069.52,0,46.81,2.776,132.7516667,8.149,2010,10,40,975318.8621999999,25750.65780000016,October,Regular Week,Actual
26,2010-10-15,937956.89,0,39.93,2.878,132.7633548,8.149,2010,10,41,934819.7197000007,3137.1702999992995,October,Regular Week,Actual
26,2010-10-22,916522.66,0,36.13,2.919,132.8170968,8.149,2010,10,42,932152.6446000007,-15629.984600000666,October,Regular Week,Actual
26,2010-10-29,895069.88,0,40.3,2.938,132.8708387,8.149,2010,10,43,942412.7812000007,-47342.90120000066,October,Regular Week,Actual
26,2010-11-05,970224.51,0,30.51,2.938,132.9245806,8.149,2010,11,44,962803.8818000011,7420.628199998871,November,Regular Week,Actual
26,2010-11-12,971193.01,0,37.51,2.961,132.9783226,8.149,2010,11,45,961170.935700001,10022.074299999047,November,Regular Week,Actual
26,2010-11-19,901972.7,0,36.73,3.03,132.9172,8.149,2010,11,46,930207.0790000013,-28234.379000001354,November,Regular Week,Actual
26,2010-11-26,1286833.62,1,28.11,3.07,132.8369333,8.149,2010,11,47,1333698.866100001,-46865.246100000804,November,Holiday Week,Actual
26,2010-12-03,1016143.64,0,27.73,3.065,132.7566667,8.149,2010,12,48,1258027.8468000004,-241884.2068000004,December,Regular Week,Actual
26,2010-12-10,1149612.04,0,16.6,3.132,132.6764,8.149,2010,12,49,1223886.6123000013,-74274.57230000128,December,Regular Week,Actual
26,2010-12-17,1196813.33,0,20.61,3.139,132.6804516,8.149,2010,12,50,1284652.8433999997,-87839.51339999959,December,Regular Week,Actual
26,2010-12-24,1573982.47,0,21.81,3.15,132.7477419,8.149,2010,12,51,1705455.1709999996,-131472.70099999965,December,Regular Week,Actual
26,2010-12-31,877268.29,1,18.73,3.177,132.8150323,8.149,2010,12,52,1175275.7894000001,-298007.4994000001,December,Holiday Week,Actual
26,2011-01-07,938149.21,0,21.13,3.193,132.8823226,7.907,2011,1,1,931212.9942999999,6936.215700000059,January,Regular Week,Actual
26,2011-01-14,812323.29,0,16.7,3.215,132.9510645,7.907,2011,1,2,845939.4667000003,-33616.1767000003,January,Regular Week,Actual
26,2011-01-21,809833.21,0,12.98,3.232,133.0285161,7.907,2011,1,3,834145.1604999992,-24311.95049999922,January,Regular Week,Actual
26,2011-01-28,817485.14,0,5.54,3.243,133.1059677,7.907,2011,1,4,838166.1026999991,-20680.9626999991,January,Regular Week,Actual
26,2011-02-04,911807.02,0,11.17,3.24,133.1834194,7.907,2011,2,5,909988.8313999999,1818.1886000001105,February,Regular Week,Actual
26,2011-02-11,1010711.08,1,15.12,3.255,133.260871,7.907,2011,2,6,965132.8804,45578.199599999934,February,Holiday Week,Actual
26,2011-02-18,981978.02,0,19.63,3.263,133.3701429,7.907,2011,2,7,959137.9642999996,22840.055700000376,February,Regular Week,Actual
26,2011-02-25,910298.44,0,16.3,3.281,133.4921429,7.907,2011,2,8,922413.5174999991,-12115.077499999199,February,Regular Week,Actual
26,2011-03-04,945643.17,0,14.31,3.437,133.6141429,7.907,2011,3,9,932907.3465000007,12735.823499999358,March,Regular Week,Actual
26,2011-03-11,946614.55,0,28.13,3.6,133.7361429,7.907,2011,3,10,937005.0163999991,9609.533600000897,March,Regular Week,Actual
26,2011-03-18,887426.12,0,31.76,3.634,133.8492258,7.907,2011,3,11,900663.3610000003,-13237.241000000271,March,Regular Week,Actual
26,2011-03-25,866566.54,0,22.99,3.624,133.9587419,7.907,2011,3,12,889571.863,-23005.322999999975,March,Regular Week,Actual
26,2011-04-01,849231.61,0,22.99,3.638,134.0682581,7.818,2011,4,13,877814.5749999998,-28582.96499999985,April,Regular Week,Actual
26,2011-04-08,985229.81,0,29.09,3.72,134.1777742,7.818,2011,4,14,947159.1161000007,38070.69389999937,April,Regular Week,Actual
26,2011-04-15,863266.12,0,39.46,3.823,134.2784667,7.818,2011,4,15,885559.9471000003,-22293.827100000344,April,Regular Week,Actual
26,2011-04-22,921700.61,0,33.81,3.919,134.3571,7.818,2011,4,16,924846.5289000002,-3145.9189000001643,April,Regular Week,Actual
26,2011-04-29,873450.29,0,47.17,3.988,134.4357333,7.818,2011,4,17,915480.4077000007,-42030.11770000064,April,Regular Week,Actual
26,2011-05-06,1024778.23,0,45.0,4.078,134.5143667,7.818,2011,5,18,996327.1843000003,28451.045699999668,May,Regular Week,Actual
26,2011-05-13,941008.85,0,48.2,4.095,134.593,7.818,2011,5,19,985157.7715000005,-44148.92150000052,May,Regular Week,Actual
26,2011-05-20,938334.62,0,48.86,4.101,134.6803871,7.818,2011,5,20,960009.7456000001,-21675.125600000145,May,Regular Week,Actual
26,2011-05-27,996723.58,0,56.74,4.034,134.7677742,7.818,2011,5,21,1001045.9133999991,-4322.333399999188,May,Regular Week,Actual
26,2011-06-03,1054454.4,0,60.49,3.973,134.8551613,7.818,2011,6,22,1056839.8560000015,-2385.4560000016354,June,Regular Week,Actual
26,2011-06-10,1094058.68,0,59.85,3.924,134.9425484,7.818,2011,6,23,1074682.015500002,19376.66449999786,June,Regular Week,Actual
26,2011-06-17,981646.46,0,54.5,3.873,135.0837333,7.818,2011,6,24,1016108.7901000009,-34462.33010000095,June,Regular Week,Actual
26,2011-06-24,997474.93,0,56.94,3.851,135.2652667,7.818,2011,6,25,1007701.2879000014,-10226.357900001341,June,Regular Week,Actual
26,2011-07-01,1070119.09,0,59.89,3.815,135.4468,7.767,2011,7,26,1061286.8982000016,8832.191799998516,July,Regular Week,Actual
26,2011-07-08,1133807.03,0,63.34,3.784,135.6283333,7.767,2011,7,27,1053429.8690000009,80377.16099999915,July,Regular Week,Actual
26,2011-07-15,1021534.7,0,64.43,3.827,135.7837419,7.767,2011,7,28,1043989.1932000006,-22454.49320000061,July,Regular Week,Actual
26,2011-07-22,1017867.8,0,69.52,3.882,135.8738387,7.767,2011,7,29,1048800.0314999993,-30932.231499999296,July,Regular Week,Actual
26,2011-07-29,1005360.5,0,63.32,3.898,135.9639355,7.767,2011,7,30,1034345.4254000005,-28984.92540000053,July,Regular Week,Actual
26,2011-08-05,1107552.43,0,63.16,3.903,136.0540323,7.767,2011,8,31,1089990.178000002,17562.251999998,August,Regular Week,Actual
26,2011-08-12,1087644.5,0,62.99,3.88,136.144129,7.767,2011,8,32,1074859.5158000002,12784.984199999832,August,Regular Week,Actual
26,2011-08-19,1021766.75,0,60.58,3.82,136.183129,7.767,2011,8,33,1040655.4858000004,-18888.735800000373,August,Regular Week,Actual
26,2011-08-26,1064617.62,0,61.1,3.796,136.2136129,7.767,2011,8,34,1056543.9761000008,8073.643899999326,August,Regular Week,Actual
26,2011-09-02,1040143.14,0,59.67,3.784,136.2440968,7.767,2011,9,35,1055664.0500000007,-15520.910000000731,September,Regular Week,Actual
26,2011-09-09,1069710.97,1,60.98,3.809,136.2745806,7.767,2011,9,36,1059580.5028999997,10130.467100000242,September,Holiday Week,Actual
26,2011-09-16,951569.84,0,55.19,3.809,136.3145,7.767,2011,9,37,971816.9251000017,-20247.085100001772,September,Regular Week,Actual
26,2011-09-23,923644.6,0,50.72,3.758,136.367,7.767,2011,9,38,962266.811300001,-38622.211300001014,September,Regular Week,Actual
26,2011-09-30,959339.51,0,59.42,3.684,136.4195,7.767,2011,9,39,1026243.5732000006,-66904.06320000056,September,Regular Week,Actual
26,2011-10-07,1130022.99,0,46.84,3.633,136.472,7.598,2011,10,40,968630.3092000004,161392.68079999962,October,Regular Week,Actual
26,2011-10-14,987886.08,0,53.91,3.583,136.5150968,7.598,2011,10,41,997053.8726999995,-9167.792699999525,October,Regular Week,Actual
26,2011-10-21,974907.28,0,45.23,3.618,136.5017742,7.598,2011,10,42,974257.1418000006,650.1381999994628,October,Regular Week,Actual
26,2011-10-28,972256.98,0,35.06,3.604,136.4884516,7.598,2011,10,43,972881.7310000007,-624.751000000746,October,Regular Week,Actual
26,2011-11-04,988950.75,0,31.7,3.586,136.475129,7.598,2011,11,44,978378.6766000002,10572.073399999761,November,Regular Week,Actual
26,2011-11-11,1077640.13,0,40.08,3.57,136.4618065,7.598,2011,11,45,962653.1275000009,114987.00249999901,November,Regular Week,Actual
26,2011-11-18,946091.79,0,37.78,3.571,136.4666667,7.598,2011,11,46,953546.694200001,-7454.904200000921,November,Regular Week,Actual
26,2011-11-25,1282320.05,1,31.07,3.536,136.4788,7.598,2011,11,47,1307899.302299999,-25579.252299998887,November,Holiday Week,Actual
26,2011-12-02,1012498.49,0,36.74,3.501,136.4909333,7.598,2011,12,48,1122940.0322999984,-110441.54229999846,December,Regular Week,Actual
26,2011-12-09,1148987.46,0,34.24,3.47,136.5030667,7.598,2011,12,49,1180987.0565999988,-31999.596599998884,December,Regular Week,Actual
26,2011-12-16,1204807.83,0,28.24,3.445,136.5335161,7.598,2011,12,50,1231844.613899999,-27036.78389999899,December,Regular Week,Actual
26,2011-12-23,1515175.01,0,22.53,3.413,136.5883871,7.598,2011,12,51,1669313.8554999998,-154138.84549999982,December,Regular Week,Actual
26,2011-12-30,972834.42,1,18.8,3.402,136.6432581,7.598,2011,12,52,1055227.5542000006,-82393.13420000055,December,Holiday Week,Actual
26,2012-01-06,971557.62,0,22.94,3.439,136.698129,7.467,2012,1,1,935732.9186000004,35824.701399999554,January,Regular Week,Actual
26,2012-01-13,836305.65,0,25.55,3.523,136.753,7.467,2012,1,2,855611.5831000005,-19305.93310000049,January,Regular Week,Actual
26,2012-01-20,838751.5,0,15.22,3.542,136.8564194,7.467,2012,1,3,845241.6065999999,-6490.106599999941,January,Regular Week,Actual
26,2012-01-27,820059.89,0,24.16,3.568,136.9598387,7.467,2012,1,4,846162.9467000002,-26103.05670000019,January,Regular Week,Actual
26,2012-02-03,939158.25,0,25.24,3.633,137.0632581,7.467,2012,2,5,938594.2118000002,564.0381999998353,February,Regular Week,Actual
26,2012-02-10,1081005.64,1,23.89,3.655,137.1666774,7.467,2012,2,6,1030829.2099000002,50176.43009999965,February,Holiday Week,Actual
26,2012-02-17,965788.76,0,23.9,3.703,137.2583103,7.467,2012,2,7,963134.4859000007,2654.2740999993403,February,Regular Week,Actual
26,2012-02-24,917924.47,0,28.06,3.751,137.3411034,7.467,2012,2,8,938737.5851999995,-20813.115199999535,February,Regular Week,Actual
26,2012-03-02,955641.74,0,22.49,3.827,137.4238966,7.467,2012,3,9,956033.0874999992,-391.3474999992177,March,Regular Week,Actual
26,2012-03-09,1028569.01,0,29.03,3.876,137.5066897,7.467,2012,3,10,997837.7198000007,30731.29019999935,March,Regular Week,Actual
26,2012-03-16,919503.4,0,35.06,3.867,137.5843871,7.467,2012,3,11,936964.629200001,-17461.22920000099,March,Regular Week,Actual
26,2012-03-23,874790.68,0,49.97,3.889,137.6552903,7.467,2012,3,12,985618.9265000012,-110828.24650000117,March,Regular Week,Actual
26,2012-03-30,922018.43,0,33.33,3.921,137.7261935,7.467,2012,3,13,961078.2591000014,-39059.82910000137,March,Regular Week,Actual
26,2012-04-06,1116829.23,0,33.35,3.957,137.7970968,7.489,2012,4,14,1058224.4688000008,58604.761199999135,April,Regular Week,Actual
26,2012-04-13,889670.29,0,36.9,4.025,137.868,7.489,2012,4,15,949756.0718000011,-60085.781800001045,April,Regular Week,Actual
26,2012-04-20,923600.02,0,50.81,4.046,137.9230667,7.489,2012,4,16,987495.3187000012,-63895.29870000121,April,Regular Week,Actual
26,2012-04-27,911969.0,0,43.6,4.023,137.9781333,7.489,2012,4,17,963239.2153000009,-51270.215300000855,April,Regular Week,Actual
26,2012-05-04,946573.29,0,40.29,3.991,138.0332,7.489,2012,5,18,972338.7944000011,-25765.504400001024,May,Regular Week,Actual
26,2012-05-11,1062548.73,0,47.11,3.947,138.0882667,7.489,2012,5,19,1036431.5027000005,26117.227299999446,May,Regular Week,Actual
26,2012-05-18,978082.84,0,52.55,3.899,138.1065806,7.489,2012,5,20,1001860.1615000017,-23777.321500001708,May,Regular Week,Actual
26,2012-05-25,1067310.74,0,58.2,3.85,138.1101935,7.489,2012,5,21,1046319.4036999993,20991.336300000665,May,Regular Week,Actual
26,2012-06-01,1015853.03,0,58.51,3.798,138.1138065,7.489,2012,6,22,1032154.5538000001,-16301.523800000083,June,Regular Week,Actual
26,2012-06-08,1106176.83,0,49.43,3.746,138.1174194,7.489,2012,6,23,1059201.0596999996,46975.77030000044,June,Regular Week,Actual
26,2012-06-15,1029248.22,0,57.84,3.683,138.1295333,7.489,2012,6,24,1032546.4555999992,-3298.2355999991996,June,Regular Week,Actual
26,2012-06-22,1056282.91,0,63.04,3.629,138.1629,7.489,2012,6,25,1053931.1111999983,2351.7988000016194,June,Regular Week,Actual
26,2012-06-29,1051190.44,0,60.71,3.577,138.1962667,7.489,2012,6,26,1049662.461499999,1527.9785000008997,June,Regular Week,Actual
26,2012-07-06,1180470.8,0,64.94,3.538,138.2296333,7.405,2012,7,27,1125106.7820999993,55364.01790000079,July,Regular Week,Actual
26,2012-07-13,1063149.78,0,64.47,3.561,138.263,7.405,2012,7,28,1062744.9232000008,404.85679999925196,July,Regular Week,Actual
26,2012-07-20,1049625.9,0,66.75,3.61,138.2331935,7.405,2012,7,29,1066162.6016000013,-16536.701600001426,July,Regular Week,Actual
26,2012-07-27,1031745.14,0,64.12,3.701,138.2033871,7.405,2012,7,30,1038357.2476000004,-6612.107600000338,July,Regular Week,Actual
26,2012-08-03,1090915.09,0,65.6,3.698,138.1735806,7.405,2012,8,31,1079802.5152000007,11112.574799999362,August,Regular Week,Actual
26,2012-08-10,1121476.51,0,67.01,3.772,138.1437742,7.405,2012,8,32,1104979.2039000015,16497.306099998532,August,Regular Week,Actual
26,2012-08-17,1068292.56,0,65.54,3.84,138.1857097,7.405,2012,8,33,1069481.9053000011,-1189.3453000010923,August,Regular Week,Actual
26,2012-08-24,1022704.2,0,62.08,3.874,138.2814516,7.405,2012,8,34,1037723.8588000013,-15019.658800001373,August,Regular Week,Actual
26,2012-08-31,1053495.51,0,63.69,3.884,138.3771935,7.405,2012,8,35,1047976.4025000012,5519.107499998761,August,Regular Week,Actual
26,2012-09-07,1081874.03,1,61.58,3.921,138.4729355,7.405,2012,9,36,1066699.765500001,15174.264499999117,September,Holiday Week,Actual
26,2012-09-14,986131.94,0,57.69,3.988,138.5673,7.405,2012,9,37,994265.3175999993,-8133.377599999309,September,Regular Week,Actual
26,2012-09-21,961084.08,0,52.68,4.056,138.6534,7.405,2012,9,38,973592.7738999992,-12508.693899999256,September,Regular Week,Actual
26,2012-09-28,964726.37,0,50.66,4.018,138.7395,7.405,2012,9,39,970388.5287000004,-5662.158700000378,September,Regular Week,Actual
26,2012-10-05,1095504.26,0,54.07,4.027,138.8256,7.138,2012,10,40,1050741.940700001,44762.319299998926,October,Regular Week,Actual
26,2012-10-12,1044639.69,0,45.19,4.029,138.9117,7.138,2012,10,41,990591.6270000004,54048.0629999995,October,Regular Week,Actual
26,2012-10-19,975578.02,0,43.51,4.0,138.8336129,7.138,2012,10,42,982617.1537,-7039.133700000006,October,Regular Week,Actual
26,2012-10-26,958619.8,0,46.95,3.917,138.7281613,7.138,2012,10,43,979562.6209999986,-20942.8209999986,October,Regular Week,Actual
27,2010-02-05,1874289.79,0,27.19,2.954,135.3524608,8.237,2010,2,5,1842292.1798999994,31997.61010000063,February,Regular Week,Actual
27,2010-02-12,1745362.72,1,29.81,2.94,135.4113076,8.237,2010,2,6,1815013.2172999997,-69650.4972999997,February,Holiday Week,Actual
27,2010-02-19,1945070.33,0,32.44,2.909,135.4657781,8.237,2010,2,7,1906960.1826000013,38110.147399998736,February,Regular Week,Actual
27,2010-02-26,1390934.27,0,36.0,2.91,135.5195191,8.237,2010,2,8,1911298.8531000016,-520364.58310000156,February,Regular Week,Actual
27,2010-03-05,1313729.72,0,38.07,2.919,135.5732602,8.237,2010,3,9,1904252.8510000021,-590523.1310000021,March,Regular Week,Actual
27,2010-03-12,1925113.12,0,45.98,2.938,135.6270013,8.237,2010,3,10,1893257.530800002,31855.589199998183,March,Regular Week,Actual
27,2010-03-19,1700627.97,0,49.04,2.96,135.6682247,8.237,2010,3,11,1785396.0971999997,-84768.12719999976,March,Regular Week,Actual
27,2010-03-26,1836714.84,0,52.34,2.963,135.7073618,8.237,2010,3,12,1844996.0983000018,-8281.258300001733,March,Regular Week,Actual
27,2010-04-02,2053952.97,0,46.9,2.957,135.7464988,8.058,2010,4,13,1967168.1085999995,86784.86140000052,April,Regular Week,Actual
27,2010-04-09,1955814.13,0,62.62,2.992,135.7856359,8.058,2010,4,14,1932101.6997999984,23712.430200001458,April,Regular Week,Actual
27,2010-04-16,1857500.96,0,54.95,3.01,135.82725,8.058,2010,4,15,1880699.2541999994,-23198.294199999422,April,Regular Week,Actual
27,2010-04-23,1850205.47,0,53.91,3.021,135.8721667,8.058,2010,4,16,1852470.2151999995,-2264.745199999539,April,Regular Week,Actual
27,2010-04-30,1805885.04,0,53.55,3.042,135.9170833,8.058,2010,4,17,1827709.2156999998,-21824.17569999979,April,Regular Week,Actual
27,2010-05-07,1939458.84,0,69.02,3.095,135.962,8.058,2010,5,18,1918224.1556000016,21234.684399998514,May,Regular Week,Actual
27,2010-05-14,1842465.78,0,53.82,3.112,136.010394,8.058,2010,5,19,1843472.088300001,-1006.3083000010811,May,Regular Week,Actual
27,2010-05-21,1836595.58,0,63.31,3.096,136.0796521,8.058,2010,5,20,1871633.0300000014,-35037.45000000135,May,Regular Week,Actual
27,2010-05-28,1962468.67,0,67.88,3.046,136.1489101,8.058,2010,5,21,1935797.8020999988,26670.867900001118,May,Regular Week,Actual
27,2010-06-04,2073102.59,0,74.29,3.006,136.2181682,8.058,2010,6,22,2015644.9259000013,57457.66409999877,June,Regular Week,Actual
27,2010-06-11,1873812.93,0,68.9,2.972,136.2874263,8.058,2010,6,23,1900697.058800003,-26884.12880000309,June,Regular Week,Actual
27,2010-06-18,1887182.27,0,70.0,2.942,136.3243393,8.058,2010,6,24,1896453.5647000028,-9271.294700002763,June,Regular Week,Actual
27,2010-06-25,1962625.01,0,78.02,2.958,136.3483143,8.058,2010,6,25,1950324.4696999998,12300.540300000226,June,Regular Week,Actual
27,2010-07-02,2024554.1,0,76.25,2.958,136.3722893,7.982,2010,7,26,1935291.4119000002,89262.68809999991,July,Regular Week,Actual
27,2010-07-09,2119163.01,0,82.69,2.94,136.3962643,7.982,2010,7,27,2023627.8816999993,95535.12830000045,July,Regular Week,Actual
27,2010-07-16,1880691.64,0,78.26,2.933,136.4179827,7.982,2010,7,28,1897015.4749999987,-16323.834999998799,July,Regular Week,Actual
27,2010-07-23,1808250.71,0,81.56,2.924,136.4366924,7.982,2010,7,29,1987171.435299999,-178920.72529999912,July,Regular Week,Actual
27,2010-07-30,1816489.53,0,79.78,2.932,136.4554021,7.982,2010,7,30,1845183.859600001,-28694.329600000987,July,Regular Week,Actual
27,2010-08-06,1908036.68,0,77.45,2.942,136.4741118,7.982,2010,8,31,1895833.7765000036,12202.90349999629,August,Regular Week,Actual
27,2010-08-13,1864436.12,0,77.36,2.923,136.4928214,7.982,2010,8,32,1875882.7434000028,-11446.623400002718,August,Regular Week,Actual
27,2010-08-20,1936878.46,0,75.16,2.913,136.5249182,7.982,2010,8,33,1913963.6809000012,22914.779099998763,August,Regular Week,Actual
27,2010-08-27,1870684.21,0,70.31,2.885,136.557015,7.982,2010,8,34,1860878.3172000006,9805.892799999332,August,Regular Week,Actual
27,2010-09-03,1908110.9,0,78.52,2.86,136.5891118,7.982,2010,9,35,1889493.3854000028,18617.514599997085,September,Regular Week,Actual
27,2010-09-10,1913494.81,1,70.38,2.837,136.6212085,7.982,2010,9,36,1687923.2466999998,225571.56330000027,September,Holiday Week,Actual
27,2010-09-17,1629978.46,0,64.5,2.846,136.6338071,7.982,2010,9,37,1642610.2352,-12631.775200000033,September,Regular Week,Actual
27,2010-09-24,1597002.71,0,67.08,2.837,136.6317821,7.982,2010,9,38,1611457.0362999996,-14454.326299999608,September,Regular Week,Actual
27,2010-10-01,1543532.83,0,70.19,2.84,136.6297571,8.021,2010,10,39,1601404.8534000008,-57872.02340000076,October,Regular Week,Actual
27,2010-10-08,1707662.87,0,57.78,2.903,136.6277321,8.021,2010,10,40,1651338.8680000005,56324.00199999963,October,Regular Week,Actual
27,2010-10-15,1728388.2,0,58.38,2.999,136.6401935,8.021,2010,10,41,1714532.6696999995,13855.53030000045,October,Regular Week,Actual
27,2010-10-22,1693935.29,0,52.82,3.049,136.688871,8.021,2010,10,42,1713309.2473000009,-19373.957300000824,October,Regular Week,Actual
27,2010-10-29,1688955.49,0,61.02,3.055,136.7375484,8.021,2010,10,43,1697022.3519000004,-8066.861900000367,October,Regular Week,Actual
27,2010-11-05,1686010.02,0,45.91,3.049,136.7862258,8.021,2010,11,44,1785554.5731,-99544.5530999999,November,Regular Week,Actual
27,2010-11-12,1828010.25,0,45.9,3.065,136.8349032,8.021,2010,11,45,1806894.0989999997,21116.151000000304,November,Regular Week,Actual
27,2010-11-19,1704785.74,0,50.81,3.138,136.7715714,8.021,2010,11,46,1722715.0586,-17929.318600000115,November,Regular Week,Actual
27,2010-11-26,2627910.75,1,46.67,3.186,136.6895714,8.021,2010,11,47,2431659.5089,196251.24110000022,November,Holiday Week,Actual
27,2010-12-03,1884343.67,0,41.81,3.2,136.6075714,8.021,2010,12,48,2050662.9715999982,-166319.30159999826,December,Regular Week,Actual
27,2010-12-10,2139733.68,0,30.83,3.255,136.5255714,8.021,2010,12,49,2235075.571100004,-95341.89110000385,December,Regular Week,Actual
27,2010-12-17,2350098.36,0,31.62,3.301,136.5292811,8.021,2010,12,50,2314709.6537000053,35388.70629999461,December,Regular Week,Actual
27,2010-12-24,3078162.08,0,31.34,3.309,136.597273,8.021,2010,12,51,2773286.9400000046,304875.1399999955,December,Regular Week,Actual
27,2010-12-31,1440963.0,1,29.59,3.336,136.665265,8.021,2010,12,52,2482231.9239000017,-1041268.9239000017,December,Holiday Week,Actual
27,2011-01-07,1568159.48,0,34.42,3.351,136.7332569,7.827,2011,1,1,1550179.7010000004,17979.77899999963,January,Regular Week,Actual
27,2011-01-14,1532308.62,0,25.7,3.367,136.803477,7.827,2011,1,2,1521141.0200000014,11167.599999998696,January,Regular Week,Actual
27,2011-01-21,1517029.9,0,30.13,3.391,136.8870657,7.827,2011,1,3,1521864.6593000023,-4834.759300002363,January,Regular Week,Actual
27,2011-01-28,1421111.55,0,23.64,3.402,136.9706544,7.827,2011,1,4,1467878.8328,-46767.28279999993,January,Regular Week,Actual
27,2011-02-04,1628100.79,0,28.7,3.4,137.0542431,7.827,2011,2,5,1604031.1967000014,24069.59329999867,February,Regular Week,Actual
27,2011-02-11,1636224.77,1,30.45,3.416,137.1378318,7.827,2011,2,6,1639726.9211000002,-3502.1511000001337,February,Holiday Week,Actual
27,2011-02-18,1709365.19,0,39.32,3.42,137.2511849,7.827,2011,2,7,1676337.4580999992,33027.73190000071,February,Regular Week,Actual
27,2011-02-25,1688935.71,0,33.05,3.452,137.3764439,7.827,2011,2,8,1672642.8592999997,16292.850700000301,February,Regular Week,Actual
27,2011-03-04,1656130.67,0,36.99,3.605,137.5017028,7.827,2011,3,9,1652222.3245999992,3908.3454000006896,March,Regular Week,Actual
27,2011-03-11,1613259.77,0,43.64,3.752,137.6269617,7.827,2011,3,10,1618122.9486000005,-4863.17860000045,March,Regular Week,Actual
27,2011-03-18,1624539.21,0,46.65,3.796,137.7398929,7.827,2011,3,11,1627085.685599999,-2546.475599999074,March,Regular Week,Actual
27,2011-03-25,1554651.08,0,40.11,3.789,137.8478929,7.827,2011,3,12,1576852.8048000007,-22201.724800000666,March,Regular Week,Actual
27,2011-04-01,1628868.28,0,37.27,3.811,137.9558929,7.725,2011,4,13,1641387.3247000014,-12519.044700001366,April,Regular Week,Actual
27,2011-04-08,1689844.18,0,46.87,3.895,138.0638929,7.725,2011,4,14,1711827.7531000033,-21983.573100003414,April,Regular Week,Actual
27,2011-04-15,1727175.61,0,52.24,3.981,138.1646952,7.725,2011,4,15,1711295.1433000024,15880.466699997662,April,Regular Week,Actual
27,2011-04-22,1921655.48,0,50.02,4.061,138.2475036,7.725,2011,4,16,1706363.1574000015,215292.32259999844,April,Regular Week,Actual
27,2011-04-29,1642074.64,0,61.71,4.117,138.3303119,7.725,2011,4,17,1671084.1465999992,-29009.506599999266,April,Regular Week,Actual
27,2011-05-06,1757041.96,0,56.48,4.192,138.4131202,7.725,2011,5,18,1654634.6820000005,102407.27799999947,May,Regular Week,Actual
27,2011-05-13,1763545.32,0,60.07,4.211,138.4959286,7.725,2011,5,19,1655558.5358999996,107986.78410000051,May,Regular Week,Actual
27,2011-05-20,1725268.56,0,60.22,4.202,138.587106,7.725,2011,5,20,1672092.1789999995,53176.38100000052,May,Regular Week,Actual
27,2011-05-27,1820723.17,0,66.43,4.134,138.6782834,7.725,2011,5,21,1784649.9195999992,36073.25040000072,May,Regular Week,Actual
27,2011-06-03,2053708.01,0,74.17,4.069,138.7694608,7.725,2011,6,22,1986338.0749999995,67369.93500000052,June,Regular Week,Actual
27,2011-06-10,1817914.71,0,73.26,4.025,138.8606382,7.725,2011,6,23,1865804.5622999996,-47889.85229999968,June,Regular Week,Actual
27,2011-06-17,1814740.09,0,67.03,3.989,139.0028333,7.725,2011,6,24,1760897.9997000017,53842.09029999841,June,Regular Week,Actual
27,2011-06-24,1811455.15,0,72.02,3.964,139.1832917,7.725,2011,6,25,1876479.6597000007,-65024.50970000075,June,Regular Week,Actual
27,2011-07-01,1949983.93,0,73.76,3.916,139.36375,7.85,2011,7,26,1931737.713100003,18246.216899996856,July,Regular Week,Actual
27,2011-07-08,2000055.27,0,76.87,3.886,139.5442083,7.85,2011,7,27,1932091.0253000015,67964.24469999853,July,Regular Week,Actual
27,2011-07-15,1762155.79,0,77.83,3.915,139.7006325,7.85,2011,7,28,1844899.8232000014,-82744.03320000134,July,Regular Week,Actual
27,2011-07-22,1754879.45,0,82.28,3.972,139.7969712,7.85,2011,7,29,1792738.2031000003,-37858.75310000032,July,Regular Week,Actual
27,2011-07-29,1744879.06,0,79.41,4.004,139.8933099,7.85,2011,7,30,1746624.2862000016,-1745.226200001547,July,Regular Week,Actual
27,2011-08-05,1747289.53,0,78.14,4.02,139.9896486,7.85,2011,8,31,1751028.5275000015,-3738.997500001453,August,Regular Week,Actual
27,2011-08-12,1758437.96,0,76.67,3.995,140.0859873,7.85,2011,8,32,1756649.423200001,1788.536799998954,August,Regular Week,Actual
27,2011-08-19,1781905.24,0,72.97,3.942,140.1289205,7.85,2011,8,33,1825357.508300001,-43452.268300001044,August,Regular Week,Actual
27,2011-08-26,2034400.78,0,72.88,3.906,140.1629528,7.85,2011,8,34,1953644.2574000016,80756.5225999984,August,Regular Week,Actual
27,2011-09-02,1511717.53,0,71.44,3.879,140.196985,7.85,2011,9,35,1870686.3798000023,-358968.8498000023,September,Regular Week,Actual
27,2011-09-09,1911470.84,1,70.93,3.93,140.2310173,7.85,2011,9,36,1856656.9337000025,54813.90629999759,September,Holiday Week,Actual
27,2011-09-16,1613773.9,0,69.65,3.937,140.2735,7.85,2011,9,37,1635297.8277000026,-21523.927700002678,September,Regular Week,Actual
27,2011-09-23,1606208.68,0,63.61,3.899,140.32725,7.85,2011,9,38,1627851.6007000024,-21642.92070000246,September,Regular Week,Actual
27,2011-09-30,1599626.26,0,70.92,3.858,140.381,7.85,2011,9,39,1706805.4770000002,-107179.21700000018,September,Regular Week,Actual
27,2011-10-07,1672339.27,0,56.91,3.775,140.43475,7.906,2011,10,40,1645749.0997000008,26590.170299999183,October,Regular Week,Actual
27,2011-10-14,1682652.51,0,64.78,3.744,140.4784194,7.906,2011,10,41,1685925.7437,-3273.2336999999825,October,Regular Week,Actual
27,2011-10-21,1689591.44,0,59.62,3.757,140.4616048,7.906,2011,10,42,1693807.6323,-4216.192299999995,October,Regular Week,Actual
27,2011-10-28,1710372.4,0,51.81,3.757,140.4447903,7.906,2011,10,43,1708118.1447000017,2254.2552999982145,October,Regular Week,Actual
27,2011-11-04,1621109.3,0,44.46,3.738,140.4279758,7.906,2011,11,44,1765271.846199999,-144162.54619999905,November,Regular Week,Actual
27,2011-11-11,1800728.07,0,49.69,3.719,140.4111613,7.906,2011,11,45,1764511.4641999982,36216.60580000188,November,Regular Week,Actual
27,2011-11-18,1723739.44,0,51.42,3.717,140.4127857,7.906,2011,11,46,1723197.8279999988,541.6120000011288,November,Regular Week,Actual
27,2011-11-25,2504400.71,1,47.88,3.689,140.4217857,7.906,2011,11,47,2369203.7459000004,135196.96409999952,November,Holiday Week,Actual
27,2011-12-02,1806924.74,0,50.55,3.666,140.4307857,7.906,2011,12,48,1920331.9633000013,-113407.22330000135,December,Regular Week,Actual
27,2011-12-09,2014665.98,0,46.28,3.627,140.4397857,7.906,2011,12,49,2071585.7866999982,-56919.80669999821,December,Regular Week,Actual
27,2011-12-16,2205919.86,0,40.68,3.611,140.4700795,7.906,2011,12,50,2235708.165599999,-29788.30559999915,December,Regular Week,Actual
27,2011-12-23,2739019.75,0,41.59,3.587,140.528765,7.906,2011,12,51,2545961.2414999995,193058.50850000046,December,Regular Week,Actual
27,2011-12-30,1650604.6,1,37.85,3.566,140.5874505,7.906,2011,12,52,1999884.637899998,-349280.037899998,December,Holiday Week,Actual
27,2012-01-06,1535287.4,0,35.8,3.585,140.6461359,8.009,2012,1,1,1534697.6055000017,589.7944999982137,January,Regular Week,Actual
27,2012-01-13,1492399.13,0,41.3,3.666,140.7048214,8.009,2012,1,2,1508771.154299999,-16372.024299999,January,Regular Week,Actual
27,2012-01-20,1542131.05,0,30.35,3.705,140.8086118,8.009,2012,1,3,1533438.342499999,8692.70750000095,January,Regular Week,Actual
27,2012-01-27,1263534.86,0,36.96,3.737,140.9124021,8.009,2012,1,4,1513426.5194999995,-249891.65949999937,January,Regular Week,Actual
27,2012-02-03,1564246.02,0,42.52,3.796,141.0161924,8.009,2012,2,5,1583163.8971000002,-18917.877100000158,February,Regular Week,Actual
27,2012-02-10,1651605.35,1,37.86,3.826,141.1199827,8.009,2012,2,6,1633919.7889999985,17685.561000001617,February,Holiday Week,Actual
27,2012-02-17,1606221.56,0,37.24,3.874,141.2140357,8.009,2012,2,7,1627160.9291000008,-20939.36910000071,February,Regular Week,Actual
27,2012-02-24,1648602.39,0,41.74,3.917,141.3007857,8.009,2012,2,8,1613086.8086000013,35515.58139999863,February,Regular Week,Actual
27,2012-03-02,1509323.09,0,40.07,3.983,141.3875357,8.009,2012,3,9,1616913.031800001,-107589.94180000084,March,Regular Week,Actual
27,2012-03-09,1607343.41,0,44.32,4.021,141.4742857,8.009,2012,3,10,1626188.4842999994,-18845.074299999513,March,Regular Week,Actual
27,2012-03-16,1635984.07,0,49.6,4.021,141.55478,8.009,2012,3,11,1637418.341599998,-1434.2715999979991,March,Regular Week,Actual
27,2012-03-23,1620839.34,0,57.3,4.054,141.6269332,8.009,2012,3,12,1623312.6250000012,-2473.2850000010803,March,Regular Week,Actual
27,2012-03-30,1615494.14,0,49.4,4.098,141.6990864,8.009,2012,3,13,1629747.6546999991,-14253.514699999243,March,Regular Week,Actual
27,2012-04-06,1899013.34,0,48.73,4.143,141.7712396,8.253,2012,4,14,1802589.105100002,96424.23489999818,April,Regular Week,Actual
27,2012-04-13,1650405.21,0,52.22,4.187,141.8433929,8.253,2012,4,15,1648021.9996000004,2383.210399999516,April,Regular Week,Actual
27,2012-04-20,1639999.47,0,62.62,4.17,141.9015262,8.253,2012,4,16,1630830.082100001,9169.387899999041,April,Regular Week,Actual
27,2012-04-27,1565498.84,0,52.33,4.163,141.9596595,8.253,2012,4,17,1603654.698200002,-38155.858200001996,April,Regular Week,Actual
27,2012-05-04,1669388.45,0,53.68,4.124,142.0177929,8.253,2012,5,18,1678322.1223,-8933.672299999977,May,Regular Week,Actual
27,2012-05-11,1674306.31,0,58.97,4.055,142.0759262,8.253,2012,5,19,1692185.5219000005,-17879.21190000046,May,Regular Week,Actual
27,2012-05-18,1707158.82,0,65.15,4.029,142.0970115,8.253,2012,5,20,1715097.8319999971,-7939.0119999970775,May,Regular Week,Actual
27,2012-05-25,1818906.73,0,64.77,3.979,142.1032776,8.253,2012,5,21,1785923.9258999985,32982.804100001464,May,Regular Week,Actual
27,2012-06-01,1900638.6,0,73.4,3.915,142.1095438,8.253,2012,6,22,1881210.2551999972,19428.344800002873,June,Regular Week,Actual
27,2012-06-08,1764756.31,0,64.05,3.871,142.1158099,8.253,2012,6,23,1762603.8956000006,2152.4143999994267,June,Regular Week,Actual
27,2012-06-15,1773500.56,0,69.52,3.786,142.1292548,8.253,2012,6,24,1723518.5049000003,49982.055099999765,June,Regular Week,Actual
27,2012-06-22,1837884.79,0,73.23,3.722,142.1606464,8.253,2012,6,25,1846128.627899998,-8243.837899998063,June,Regular Week,Actual
27,2012-06-29,1842555.32,0,73.94,3.667,142.1920381,8.253,2012,6,26,1859848.5812999967,-17293.261299996637,June,Regular Week,Actual
27,2012-07-06,2062224.92,0,82.08,3.646,142.2234298,8.239,2012,7,27,1956623.9974999984,105600.9225000015,July,Regular Week,Actual
27,2012-07-13,1755889.53,0,78.95,3.689,142.2548214,8.239,2012,7,28,1790096.8634000004,-34207.33340000035,July,Regular Week,Actual
27,2012-07-20,1730913.66,0,78.64,3.732,142.2337569,8.239,2012,7,29,1733196.6786999987,-2283.0186999987345,July,Regular Week,Actual
27,2012-07-27,1625883.71,0,76.01,3.82,142.2126924,8.239,2012,7,30,1675028.2972000006,-49144.58720000065,July,Regular Week,Actual
27,2012-08-03,1705810.84,0,75.22,3.819,142.1916279,8.239,2012,8,31,1714091.1431000016,-8280.303100001533,August,Regular Week,Actual
27,2012-08-10,1720537.26,0,78.44,3.863,142.1705634,8.239,2012,8,32,1724955.2504999996,-4417.990499999607,August,Regular Week,Actual
27,2012-08-17,1735339.59,0,76.51,3.963,142.2157385,8.239,2012,8,33,1731867.9074000025,3471.6825999976136,August,Regular Week,Actual
27,2012-08-24,1780443.36,0,72.93,3.997,142.3105933,8.239,2012,8,34,1789032.1188000022,-8588.758800002048,August,Regular Week,Actual
27,2012-08-31,1731935.43,0,75.0,4.026,142.4054482,8.239,2012,8,35,1745267.0111000026,-13331.58110000263,August,Regular Week,Actual
27,2012-09-07,1840955.23,1,76.0,4.076,142.500303,8.239,2012,9,36,1810154.1363999995,30801.093600000488,September,Holiday Week,Actual
27,2012-09-14,1519604.5,0,68.72,4.088,142.5938833,8.239,2012,9,37,1586849.7925999998,-67245.29259999981,September,Regular Week,Actual
27,2012-09-21,1557485.75,0,66.1,4.203,142.6798167,8.239,2012,9,38,1585056.9932999995,-27571.243299999507,September,Regular Week,Actual
27,2012-09-28,1540687.63,0,64.92,4.158,142.76575,8.239,2012,9,39,1576837.9562999988,-36150.32629999891,September,Regular Week,Actual
27,2012-10-05,1591816.88,0,64.5,4.151,142.8516833,8.0,2012,10,40,1615637.011899998,-23820.131899998058,October,Regular Week,Actual
27,2012-10-12,1660081.29,0,55.4,4.186,142.9376167,8.0,2012,10,41,1637278.1580999992,22803.13190000085,October,Regular Week,Actual
27,2012-10-19,1620374.24,0,56.53,4.153,142.8633629,8.0,2012,10,42,1655575.2044999986,-35200.964499998605,October,Regular Week,Actual
27,2012-10-26,1703047.74,0,58.99,4.071,142.7624113,8.0,2012,10,43,1701896.3720000002,1151.367999999784,October,Regular Week,Actual
28,2010-02-05,1672352.29,0,49.47,2.962,126.4420645,13.975,2010,2,5,1614901.8411000008,57450.44889999926,February,Regular Week,Actual
28,2010-02-12,1558968.49,1,47.87,2.946,126.4962581,13.975,2010,2,6,1565583.3384999996,-6614.848499999614,February,Holiday Week,Actual
28,2010-02-19,1491300.42,0,54.83,2.915,126.5262857,13.975,2010,2,7,1471013.7446,20286.675399999833,February,Regular Week,Actual
28,2010-02-26,1542173.33,0,50.23,2.825,126.5522857,13.975,2010,2,8,1524173.4534000002,17999.876599999843,February,Regular Week,Actual
28,2010-03-05,1608435.45,0,53.77,2.987,126.5782857,13.975,2010,3,9,1516944.608,91490.84199999995,March,Regular Week,Actual
28,2010-03-12,1326877.11,0,50.11,2.925,126.6042857,13.975,2010,3,10,1411899.0837000003,-85021.9737000002,March,Regular Week,Actual
28,2010-03-19,1279819.43,0,59.57,3.054,126.6066452,13.975,2010,3,11,1298608.6901000016,-18789.260100001702,March,Regular Week,Actual
28,2010-03-26,1245268.77,0,60.06,3.083,126.6050645,13.975,2010,3,12,1268747.5129999996,-23478.74299999955,March,Regular Week,Actual
28,2010-04-02,1441559.4,0,59.84,3.086,126.6034839,14.099,2010,4,13,1300625.9668999987,140933.4331000012,April,Regular Week,Actual
28,2010-04-09,1382359.21,0,59.25,3.09,126.6019032,14.099,2010,4,14,1340508.405699998,41850.804300002055,April,Regular Week,Actual
28,2010-04-16,1268240.66,0,64.95,3.109,126.5621,14.099,2010,4,15,1278816.548899998,-10575.88889999804,April,Regular Week,Actual
28,2010-04-23,1244177.21,0,64.55,3.05,126.4713333,14.099,2010,4,16,1250428.4967999982,-6251.286799998255,April,Regular Week,Actual
28,2010-04-30,1186971.02,0,67.38,3.105,126.3805667,14.099,2010,4,17,1228879.6501999989,-41908.63019999885,April,Regular Week,Actual
28,2010-05-07,1532893.22,0,70.15,3.127,126.2898,14.099,2010,5,18,1447432.7205999987,85460.49940000125,May,Regular Week,Actual
28,2010-05-14,1245898.73,0,68.44,3.145,126.2085484,14.099,2010,5,19,1392295.9591999988,-146397.22919999878,May,Regular Week,Actual
28,2010-05-21,1217923.71,0,76.2,3.12,126.1843871,14.099,2010,5,20,1294173.572299998,-76249.86229999806,May,Regular Week,Actual
28,2010-05-28,1176588.25,0,67.84,3.058,126.1602258,14.099,2010,5,21,1287053.4098999987,-110465.15989999869,May,Regular Week,Actual
28,2010-06-04,1543678.02,0,81.39,2.941,126.1360645,14.099,2010,6,22,1461823.2977999994,81854.72220000066,June,Regular Week,Actual
28,2010-06-11,1348995.17,0,90.84,2.949,126.1119032,14.099,2010,6,23,1368411.19,-19416.02000000002,June,Regular Week,Actual
28,2010-06-18,1267619.06,0,81.06,3.043,126.114,14.099,2010,6,24,1291068.7365999985,-23449.676599998493,June,Regular Week,Actual
28,2010-06-25,1231025.07,0,87.27,3.084,126.1266,14.099,2010,6,25,1258780.6096999978,-27755.539699997753,June,Regular Week,Actual
28,2010-07-02,1399960.15,0,91.98,3.105,126.1392,14.18,2010,7,26,1343442.3534000013,56517.796599998605,July,Regular Week,Actual
28,2010-07-09,1340293.87,0,90.37,3.1,126.1518,14.18,2010,7,27,1353977.9418000013,-13684.071800001198,July,Regular Week,Actual
28,2010-07-16,1225336.41,0,97.18,3.094,126.1498065,14.18,2010,7,28,1236096.2709999986,-10759.860999998637,July,Regular Week,Actual
28,2010-07-23,1205884.98,0,99.22,3.112,126.1283548,14.18,2010,7,29,1219887.7282000002,-14002.748200000264,July,Regular Week,Actual
28,2010-07-30,1150204.71,0,96.31,3.017,126.1069032,14.18,2010,7,30,1217122.2467999991,-66917.53679999919,July,Regular Week,Actual
28,2010-08-06,1523101.38,0,92.95,3.123,126.0854516,14.18,2010,8,31,1227462.7837000005,295638.5962999994,August,Regular Week,Actual
28,2010-08-13,1218688.09,0,87.01,3.159,126.064,14.18,2010,8,32,1237915.1046000014,-19227.014600001276,August,Regular Week,Actual
28,2010-08-20,1195897.6,0,92.81,3.041,126.0766452,14.18,2010,8,33,1199260.4541999986,-3362.8541999985464,August,Regular Week,Actual
28,2010-08-27,1191585.92,0,93.19,3.129,126.0892903,14.18,2010,8,34,1195036.3080000002,-3450.388000000268,August,Regular Week,Actual
28,2010-09-03,1523410.71,0,83.12,3.087,126.1019355,14.18,2010,9,35,1220689.4186999989,302721.2913000011,September,Regular Week,Actual
28,2010-09-10,1246062.17,1,83.63,3.044,126.1145806,14.18,2010,9,36,1222244.7380999986,23817.431900001364,September,Holiday Week,Actual
28,2010-09-17,1159812.35,0,82.45,3.028,126.1454667,14.18,2010,9,37,1161674.9241999981,-1862.5741999980528,September,Regular Week,Actual
28,2010-09-24,1111797.21,0,81.77,2.939,126.1900333,14.18,2010,9,38,1165903.477999998,-54106.26799999806,September,Regular Week,Actual
28,2010-10-01,1203080.41,0,85.2,3.001,126.2346,14.313,2010,10,39,1202372.9936999984,707.4163000015542,October,Regular Week,Actual
28,2010-10-08,1334571.87,0,71.82,3.013,126.2791667,14.313,2010,10,40,1191892.473899998,142679.3961000021,October,Regular Week,Actual
28,2010-10-15,1158062.99,0,75.0,2.976,126.3266774,14.313,2010,10,41,1191181.9752999982,-33118.985299998196,October,Regular Week,Actual
28,2010-10-22,1120619.32,0,68.85,3.014,126.3815484,14.313,2010,10,42,1159707.374599998,-39088.05459999782,October,Regular Week,Actual
28,2010-10-29,1231688.48,0,61.09,3.016,126.4364194,14.313,2010,10,43,1232786.5269000006,-1098.046900000656,October,Regular Week,Actual
28,2010-11-05,1501663.26,0,65.49,3.129,126.4912903,14.313,2010,11,44,1406585.0817000011,95078.17829999886,November,Regular Week,Actual
28,2010-11-12,1266460.45,0,57.79,3.13,126.5461613,14.313,2010,11,45,1293959.2435000015,-27498.793500001542,November,Regular Week,Actual
28,2010-11-19,1179315.72,0,58.18,3.161,126.6072,14.313,2010,11,46,1239332.8545000001,-60017.13450000016,November,Regular Week,Actual
28,2010-11-26,1937033.5,1,47.66,3.162,126.6692667,14.313,2010,11,47,1780219.7269000004,156813.77309999964,November,Holiday Week,Actual
28,2010-12-03,1447916.29,0,43.33,3.041,126.7313333,14.313,2010,12,48,1507714.9742,-59798.68420000002,December,Regular Week,Actual
28,2010-12-10,1466164.49,0,50.01,3.203,126.7934,14.313,2010,12,49,1531236.1791999997,-65071.68919999967,December,Regular Week,Actual
28,2010-12-17,1510443.62,0,52.77,3.236,126.8794839,14.313,2010,12,50,1525228.4629000009,-14784.842900000745,December,Regular Week,Actual
28,2010-12-24,2026026.39,0,52.02,3.236,126.9835806,14.313,2010,12,51,1868851.466999998,157174.9230000018,December,Regular Week,Actual
28,2010-12-31,1090558.57,1,45.64,3.148,127.0876774,14.313,2010,12,52,1789056.289099999,-698497.7190999989,December,Holiday Week,Actual
28,2011-01-07,1402902.47,0,37.64,3.287,127.1917742,14.021,2011,1,1,1362049.872299999,40852.59770000097,January,Regular Week,Actual
28,2011-01-14,1098286.61,0,43.15,3.312,127.3009355,14.021,2011,1,2,1203146.5970999994,-104859.98709999933,January,Regular Week,Actual
28,2011-01-21,1079669.11,0,53.53,3.223,127.4404839,14.021,2011,1,3,1186936.6326999997,-107267.52269999962,January,Regular Week,Actual
28,2011-01-28,1127859.69,0,50.74,3.342,127.5800323,14.021,2011,1,4,1289707.4617999997,-161847.77179999975,January,Regular Week,Actual
28,2011-02-04,1564897.32,0,45.14,3.348,127.7195806,14.021,2011,2,5,1495718.0519999976,69179.26800000248,February,Regular Week,Actual
28,2011-02-11,1397301.38,1,51.3,3.381,127.859129,14.021,2011,2,6,1467368.3131999979,-70066.93319999799,February,Holiday Week,Actual
28,2011-02-18,1514828.82,0,53.35,3.43,127.99525,14.021,2011,2,7,1336819.5260999987,178009.29390000133,February,Regular Week,Actual
28,2011-02-25,1311796.91,0,48.45,3.53,128.13,14.021,2011,2,8,1405258.372499998,-93461.46249999804,February,Regular Week,Actual
28,2011-03-04,1723736.91,0,51.72,3.674,128.26475,14.021,2011,3,9,1621514.8850999975,102222.0249000024,March,Regular Week,Actual
28,2011-03-11,1380836.35,0,57.75,3.818,128.3995,14.021,2011,3,10,1354409.4315999977,26426.91840000241,March,Regular Week,Actual
28,2011-03-18,1286413.71,0,64.21,3.692,128.5121935,14.021,2011,3,11,1312880.2992999975,-26466.589299997548,March,Regular Week,Actual
28,2011-03-25,1201059.72,0,54.4,3.909,128.6160645,14.021,2011,3,12,1250267.7448999987,-49208.02489999868,March,Regular Week,Actual
28,2011-04-01,1336838.41,0,63.63,3.772,128.7199355,13.736,2011,4,13,1346193.667599999,-9355.257599999197,April,Regular Week,Actual
28,2011-04-08,1414713.5,0,64.47,4.003,128.8238065,13.736,2011,4,14,1354994.9962999993,59718.5037000007,April,Regular Week,Actual
28,2011-04-15,1240126.07,0,57.63,3.868,128.9107333,13.736,2011,4,15,1279859.5779999977,-39733.507999997586,April,Regular Week,Actual
28,2011-04-22,1297452.0,0,72.12,4.134,128.9553,13.736,2011,4,16,1305800.4841,-8348.484100000001,April,Regular Week,Actual
28,2011-04-29,1222367.9,0,68.27,4.151,128.9998667,13.736,2011,4,17,1285108.7109000015,-62740.810900001554,April,Regular Week,Actual
28,2011-05-06,1515890.38,0,68.4,4.193,129.0444333,13.736,2011,5,18,1403974.1793999993,111916.20060000056,May,Regular Week,Actual
28,2011-05-13,1253316.3,0,70.93,4.202,129.089,13.736,2011,5,19,1273350.4159999988,-20034.115999998758,May,Regular Week,Actual
28,2011-05-20,1151282.31,0,66.59,4.169,129.0756774,13.736,2011,5,20,1200124.2170000006,-48841.90700000059,May,Regular Week,Actual
28,2011-05-27,1160043.98,0,76.67,4.087,129.0623548,13.736,2011,5,21,1211647.0261000004,-51603.046100000385,May,Regular Week,Actual
28,2011-06-03,1403779.25,0,71.81,4.031,129.0490323,13.736,2011,6,22,1369093.0058,34686.244200000074,June,Regular Week,Actual
28,2011-06-10,1339972.83,0,78.72,3.981,129.0357097,13.736,2011,6,23,1330722.4215999993,9250.408400000772,June,Regular Week,Actual
28,2011-06-17,1268503.49,0,86.84,3.935,129.0432,13.736,2011,6,24,1282791.5644999987,-14288.074499998707,June,Regular Week,Actual
28,2011-06-24,1208809.34,0,88.95,3.898,129.0663,13.736,2011,6,25,1232459.9800000011,-23650.64000000106,June,Regular Week,Actual
28,2011-07-01,1319054.57,0,89.85,3.842,129.0894,13.503,2011,7,26,1342068.5426000007,-23013.972600000678,July,Regular Week,Actual
28,2011-07-08,1459655.85,0,89.9,3.705,129.1125,13.503,2011,7,27,1404036.980099999,55618.86990000098,July,Regular Week,Actual
28,2011-07-15,1197373.13,0,88.1,3.692,129.1338387,13.503,2011,7,28,1290517.7046999997,-93144.57469999976,July,Regular Week,Actual
28,2011-07-22,1165870.54,0,91.17,3.794,129.1507742,13.503,2011,7,29,1198420.461000002,-32549.921000001952,July,Regular Week,Actual
28,2011-07-29,1114530.29,0,93.29,3.805,129.1677097,13.503,2011,7,30,1148627.6731000019,-34097.38310000184,July,Regular Week,Actual
28,2011-08-05,1523870.89,0,90.61,3.803,129.1846452,13.503,2011,8,31,1410900.1054000005,112970.78459999943,August,Regular Week,Actual
28,2011-08-12,1218764.94,0,91.04,3.701,129.2015806,13.503,2011,8,32,1253171.5337999994,-34406.59379999945,August,Regular Week,Actual
28,2011-08-19,1200019.74,0,91.74,3.743,129.2405806,13.503,2011,8,33,1225045.8749000006,-25026.134900000645,August,Regular Week,Actual
28,2011-08-26,1166479.51,0,94.61,3.74,129.2832581,13.503,2011,8,34,1193433.3133000014,-26953.803300001426,August,Regular Week,Actual
28,2011-09-02,1468871.49,0,93.66,3.798,129.3259355,13.503,2011,9,35,1366931.4549999991,101940.03500000085,September,Regular Week,Actual
28,2011-09-09,1310087.0,1,88.0,3.913,129.3686129,13.503,2011,9,36,1297506.4174999997,12580.582500000251,September,Holiday Week,Actual
28,2011-09-16,1159212.1,0,76.36,3.918,129.4306,13.503,2011,9,37,1164821.790299999,-5609.690299998969,September,Regular Week,Actual
28,2011-09-23,1109105.92,0,82.95,3.789,129.5183333,13.503,2011,9,38,1131531.5342000008,-22425.614200000884,September,Regular Week,Actual
28,2011-09-30,1120731.76,0,83.26,3.877,129.6060667,13.503,2011,9,39,1123219.8150000016,-2488.0550000015646,September,Regular Week,Actual
28,2011-10-07,1557314.58,0,70.44,3.827,129.6938,12.89,2011,10,40,1242387.8221999998,314926.75780000025,October,Regular Week,Actual
28,2011-10-14,1220984.94,0,67.31,3.805,129.7706452,12.89,2011,10,41,1229681.3911999993,-8696.451199999312,October,Regular Week,Actual
28,2011-10-21,1203172.05,0,73.05,3.842,129.7821613,12.89,2011,10,42,1240811.2436999993,-37639.19369999925,October,Regular Week,Actual
28,2011-10-28,1242746.06,0,67.41,3.727,129.7936774,12.89,2011,10,43,1240260.8453999995,2485.2146000005305,October,Regular Week,Actual
28,2011-11-04,1576654.67,0,59.77,3.828,129.8051935,12.89,2011,11,44,1462291.8180999998,114362.85190000013,November,Regular Week,Actual
28,2011-11-11,1402654.95,0,48.76,3.824,129.8167097,12.89,2011,11,45,1422367.7568,-19712.806800000137,November,Regular Week,Actual
28,2011-11-18,1255081.22,0,54.2,3.813,129.8268333,12.89,2011,11,46,1279905.1594999994,-24823.939499999397,November,Regular Week,Actual
28,2011-11-25,1929738.27,1,53.25,3.622,129.8364,12.89,2011,11,47,1410809.6403,518928.62969999993,November,Holiday Week,Actual
28,2011-12-02,1368130.35,0,52.5,3.701,129.8459667,12.89,2011,12,48,1418426.809599998,-50296.45959999785,December,Regular Week,Actual
28,2011-12-09,1467024.3,0,42.17,3.644,129.8555333,12.89,2011,12,49,1450168.8703999994,16855.429600000614,December,Regular Week,Actual
28,2011-12-16,1429954.66,0,43.29,3.6,129.8980645,12.89,2011,12,50,1467966.1190999998,-38011.45909999986,December,Regular Week,Actual
28,2011-12-23,1796203.51,0,45.4,3.541,129.9845484,12.89,2011,12,51,1680337.5510999996,115865.95890000043,December,Regular Week,Actual
28,2011-12-30,1270036.53,1,44.64,3.428,130.0710323,12.89,2011,12,52,1430711.5801000008,-160675.0501000008,December,Holiday Week,Actual
28,2012-01-06,1466046.07,0,50.43,3.599,130.1575161,12.187,2012,1,1,1387454.9478999982,78591.1221000019,January,Regular Week,Actual
28,2012-01-13,1161190.29,0,48.07,3.657,130.244,12.187,2012,1,2,1204136.2975000015,-42946.00750000146,January,Regular Week,Actual
28,2012-01-20,1129540.48,0,46.2,3.66,130.2792258,12.187,2012,1,3,1181401.2411000011,-51860.76110000117,January,Regular Week,Actual
28,2012-01-27,1132948.48,0,50.43,3.675,130.3144516,12.187,2012,1,4,1274327.1184000007,-141378.63840000075,January,Regular Week,Actual
28,2012-02-03,1531599.44,0,50.58,3.702,130.3496774,12.187,2012,2,5,1490348.8590999998,41250.580900000175,February,Regular Week,Actual
28,2012-02-10,1572966.15,1,52.27,3.722,130.3849032,12.187,2012,2,6,1481517.3817000007,91448.76829999918,February,Holiday Week,Actual
28,2012-02-17,1501503.68,0,51.8,3.781,130.4546207,12.187,2012,2,7,1486188.7003000018,15314.979699998163,February,Regular Week,Actual
28,2012-02-24,1323487.91,0,53.13,3.95,130.5502069,12.187,2012,2,8,1359546.2079999987,-36058.29799999879,February,Regular Week,Actual
28,2012-03-02,1451740.57,0,52.27,4.178,130.6457931,12.187,2012,3,9,1462972.8698999977,-11232.299899997655,March,Regular Week,Actual
28,2012-03-09,1680764.06,0,54.54,4.25,130.7413793,12.187,2012,3,10,1316143.6991999985,364620.36080000154,March,Regular Week,Actual
28,2012-03-16,1337875.49,0,64.44,4.273,130.8261935,12.187,2012,3,11,1310807.344599998,27068.1454000019,March,Regular Week,Actual
28,2012-03-23,1216059.41,0,56.26,4.038,130.8966452,12.187,2012,3,12,1251772.8223999979,-35713.412399997935,March,Regular Week,Actual
28,2012-03-30,1209524.11,0,64.36,4.294,130.9670968,12.187,2012,3,13,1253361.1319999993,-43837.02199999918,March,Regular Week,Actual
28,2012-04-06,1559592.79,0,64.05,4.121,131.0375484,11.627,2012,4,14,1451485.9823000007,108106.8076999993,April,Regular Week,Actual
28,2012-04-13,1290684.95,0,64.28,4.254,131.108,11.627,2012,4,15,1307325.6983000005,-16640.74830000056,April,Regular Week,Actual
28,2012-04-20,1180797.2,0,66.73,4.222,131.1173333,11.627,2012,4,16,1258576.497800001,-77779.29780000099,April,Regular Week,Actual
28,2012-04-27,1170456.16,0,77.99,4.193,131.1266667,11.627,2012,4,17,1306599.3880000007,-136143.22800000082,April,Regular Week,Actual
28,2012-05-04,1450628.85,0,76.03,4.171,131.136,11.627,2012,5,18,1384779.6273999994,65849.22260000068,May,Regular Week,Actual
28,2012-05-11,1264575.18,0,77.27,4.186,131.1453333,11.627,2012,5,19,1297195.6945000018,-32620.51450000191,May,Regular Week,Actual
28,2012-05-18,1213310.45,0,84.51,4.11,131.0983226,11.627,2012,5,20,1268040.9316000012,-54730.48160000122,May,Regular Week,Actual
28,2012-05-25,1151214.41,0,83.84,4.293,131.0287742,11.627,2012,5,21,1205172.1591999987,-53957.7491999988,May,Regular Week,Actual
28,2012-06-01,1245480.95,0,78.11,4.277,130.9592258,11.627,2012,6,22,1265715.0180999986,-20234.068099998636,June,Regular Week,Actual
28,2012-06-08,1440687.69,0,84.83,4.103,130.8896774,11.627,2012,6,23,1365918.676699999,74769.01330000092,June,Regular Week,Actual
28,2012-06-15,1229760.97,0,85.94,4.144,130.8295333,11.627,2012,6,24,1244513.2272999992,-14752.25729999924,June,Regular Week,Actual
28,2012-06-22,1180671.55,0,91.61,4.014,130.7929,11.627,2012,6,25,1189821.017499999,-9149.467499998864,June,Regular Week,Actual
28,2012-06-29,1129031.98,0,90.47,3.875,130.7562667,11.627,2012,6,26,1176234.092500001,-47202.11250000098,June,Regular Week,Actual
28,2012-07-06,1500863.54,0,89.13,3.765,130.7196333,10.926,2012,7,27,1438178.8196000017,62684.72039999836,July,Regular Week,Actual
28,2012-07-13,1179915.04,0,95.61,3.723,130.683,10.926,2012,7,28,1196771.8774000013,-16856.83740000124,July,Regular Week,Actual
28,2012-07-20,1149427.48,0,85.53,3.726,130.7012903,10.926,2012,7,29,1290810.3364000004,-141382.8564000004,July,Regular Week,Actual
28,2012-07-27,1135035.09,0,93.47,3.769,130.7195806,10.926,2012,7,30,1166795.0576000018,-31759.96760000172,July,Regular Week,Actual
28,2012-08-03,1376520.1,0,88.16,3.76,130.737871,10.926,2012,8,31,1352784.5151999986,23735.584800001467,August,Regular Week,Actual
28,2012-08-10,1269113.41,0,95.91,3.811,130.7561613,10.926,2012,8,32,1240780.3700999988,28333.03990000114,August,Regular Week,Actual
28,2012-08-17,1184198.41,0,94.87,4.002,130.7909677,10.926,2012,8,33,1191307.6521999987,-7109.242199998815,August,Regular Week,Actual
28,2012-08-24,1199309.59,0,85.32,4.055,130.8381613,10.926,2012,8,34,1216795.7453000015,-17486.15530000138,August,Regular Week,Actual
28,2012-08-31,1227118.75,0,89.78,4.093,130.8853548,10.926,2012,8,35,1253216.4232,-26097.673200000077,August,Regular Week,Actual
28,2012-09-07,1469693.99,1,88.52,4.124,130.9325484,10.926,2012,9,36,1276215.2914999994,193478.69850000064,September,Holiday Week,Actual
28,2012-09-14,1124660.77,0,83.64,4.133,130.9776667,10.926,2012,9,37,1137036.504399999,-12375.734399999026,September,Regular Week,Actual
28,2012-09-21,1135340.19,0,82.97,4.125,131.0103333,10.926,2012,9,38,1137075.457399999,-1735.2673999990802,September,Regular Week,Actual
28,2012-09-28,1129508.61,0,81.22,3.966,131.043,10.926,2012,9,39,1160623.0674999997,-31114.457499999553,September,Regular Week,Actual
28,2012-10-05,1462941.03,0,81.61,3.966,131.0756667,10.199,2012,10,40,1339371.4006000003,123569.62939999974,October,Regular Week,Actual
28,2012-10-12,1205536.71,0,71.74,4.468,131.1083333,10.199,2012,10,41,1314582.6102,-109045.90020000003,October,Regular Week,Actual
28,2012-10-19,1143724.48,0,68.66,4.449,131.1499677,10.199,2012,10,42,1324395.9211,-180671.44109999994,October,Regular Week,Actual
28,2012-10-26,1213860.61,0,65.95,4.301,131.1930968,10.199,2012,10,43,1381765.580000001,-167904.9700000009,October,Regular Week,Actual
29,2010-02-05,538634.46,0,24.36,2.788,131.5279032,10.064,2010,2,5,528519.3744000006,10115.08559999941,February,Regular Week,Actual
29,2010-02-12,529672.95,1,28.14,2.771,131.5866129,10.064,2010,2,6,531144.0770000005,-1471.1270000005607,February,Holiday Week,Actual
29,2010-02-19,542399.07,0,31.96,2.747,131.637,10.064,2010,2,7,531514.9838000002,10884.086199999787,February,Regular Week,Actual
29,2010-02-26,488417.61,0,35.98,2.753,131.686,10.064,2010,2,8,507208.14089999977,-18790.53089999978,February,Regular Week,Actual
29,2010-03-05,535087.91,0,36.82,2.766,131.735,10.064,2010,3,9,523570.865299999,11517.044700001017,March,Regular Week,Actual
29,2010-03-12,519042.49,0,43.43,2.805,131.784,10.064,2010,3,10,519611.47569999995,-568.9856999999611,March,Regular Week,Actual
29,2010-03-19,496851.6,0,46.03,2.834,131.8242903,10.064,2010,3,11,526680.5418999997,-29828.941899999743,March,Regular Week,Actual
29,2010-03-26,552985.34,0,48.56,2.831,131.863129,10.064,2010,3,12,529792.0161999997,23193.323800000246,March,Regular Week,Actual
29,2010-04-02,599629.25,0,44.96,2.826,131.9019677,10.16,2010,4,13,526038.5226999996,73590.72730000038,April,Regular Week,Actual
29,2010-04-09,569937.23,0,57.06,2.849,131.9408065,10.16,2010,4,14,548841.9311999996,21095.29880000034,April,Regular Week,Actual
29,2010-04-16,509100.84,0,51.14,2.885,131.9809,10.16,2010,4,15,519281.9563000008,-10181.116300000751,April,Regular Week,Actual
29,2010-04-23,505329.66,0,51.04,2.895,132.0226667,10.16,2010,4,16,518175.09080000053,-12845.430800000555,April,Regular Week,Actual
29,2010-04-30,501013.47,0,50.96,2.935,132.0644333,10.16,2010,4,17,508023.03859999985,-7009.568599999882,April,Regular Week,Actual
29,2010-05-07,568497.35,0,63.81,2.981,132.1062,10.16,2010,5,18,556765.4719000005,11731.878099999507,May,Regular Week,Actual
29,2010-05-14,518940.88,0,50.99,2.983,132.152129,10.16,2010,5,19,516031.8469000007,2909.033099999302,May,Regular Week,Actual
29,2010-05-21,502021.82,0,59.99,2.961,132.2230323,10.16,2010,5,20,513516.5411000002,-11494.721100000199,May,Regular Week,Actual
29,2010-05-28,577627.66,0,65.64,2.906,132.2939355,10.16,2010,5,21,562617.035999999,15010.624000001,May,Regular Week,Actual
29,2010-06-04,588017.66,0,69.49,2.857,132.3648387,10.16,2010,6,22,580837.010599999,7180.6494000010425,June,Regular Week,Actual
29,2010-06-11,540716.58,0,65.01,2.83,132.4357419,10.16,2010,6,23,549717.8443999991,-9001.26439999917,June,Regular Week,Actual
29,2010-06-18,558731.74,0,67.13,2.805,132.4733333,10.16,2010,6,24,555611.8159000002,3119.924099999829,June,Regular Week,Actual
29,2010-06-25,585548.79,0,74.37,2.81,132.4976,10.16,2010,6,25,559962.1518999999,25586.6381000001,June,Regular Week,Actual
29,2010-07-02,581473.55,0,72.88,2.815,132.5218667,10.409,2010,7,26,555075.1889999998,26398.361000000266,July,Regular Week,Actual
29,2010-07-09,563449.43,0,79.22,2.806,132.5461333,10.409,2010,7,27,555986.0772999998,7463.35270000028,July,Regular Week,Actual
29,2010-07-16,512292.01,0,76.3,2.796,132.5667742,10.409,2010,7,28,514340.6301999998,-2048.620199999772,July,Regular Week,Actual
29,2010-07-23,506502.09,0,76.91,2.784,132.5825806,10.409,2010,7,29,511193.3931000002,-4691.303100000194,July,Regular Week,Actual
29,2010-07-30,509872.77,0,76.35,2.792,132.5983871,10.409,2010,7,30,509622.39700000046,250.37299999955576,July,Regular Week,Actual
29,2010-08-06,519787.93,0,74.37,2.792,132.6141935,10.409,2010,8,31,514370.90869999997,5417.021300000022,August,Regular Week,Actual
29,2010-08-13,495269.0,0,74.75,2.81,132.63,10.409,2010,8,32,503314.1394999999,-8045.139499999874,August,Regular Week,Actual
29,2010-08-20,531640.19,0,73.21,2.796,132.6616129,10.409,2010,8,33,522514.58629999973,9125.60370000021,August,Regular Week,Actual
29,2010-08-27,545766.13,0,68.99,2.77,132.6932258,10.409,2010,8,34,538197.7400000003,7568.389999999665,August,Regular Week,Actual
29,2010-09-03,579272.38,0,75.85,2.735,132.7248387,10.409,2010,9,35,486683.3776999996,92589.0023000004,September,Regular Week,Actual
29,2010-09-10,491290.37,1,68.6,2.717,132.7564516,10.409,2010,9,36,491225.3595999996,65.01040000037756,September,Holiday Week,Actual
29,2010-09-17,463752.89,0,62.49,2.716,132.7670667,10.409,2010,9,37,468559.37730000017,-4806.4873000001535,September,Regular Week,Actual
29,2010-09-24,465338.41,0,65.14,2.718,132.7619333,10.409,2010,9,38,470201.1499999993,-4862.73999999935,September,Regular Week,Actual
29,2010-10-01,474698.01,0,69.31,2.717,132.7568,10.524,2010,10,39,473989.6313999998,708.3786000002292,October,Regular Week,Actual
29,2010-10-08,530059.06,0,56.32,2.776,132.7516667,10.524,2010,10,40,500242.505,29816.55500000005,October,Regular Week,Actual
29,2010-10-15,483011.69,0,55.23,2.878,132.7633548,10.524,2010,10,41,492953.48669999995,-9941.796699999948,October,Regular Week,Actual
29,2010-10-22,505221.17,0,50.24,2.919,132.8170968,10.524,2010,10,42,503012.94010000065,2208.2298999993363,October,Regular Week,Actual
29,2010-10-29,527058.59,0,57.73,2.938,132.8708387,10.524,2010,10,43,516983.58180000057,10075.0081999994,October,Regular Week,Actual
29,2010-11-05,521002.97,0,44.34,2.938,132.9245806,10.524,2010,11,44,530249.9885999996,-9247.018599999603,November,Regular Week,Actual
29,2010-11-12,524450.7,0,44.42,2.961,132.9783226,10.524,2010,11,45,531756.4811000001,-7305.781100000138,November,Regular Week,Actual
29,2010-11-19,508174.55,0,48.62,3.03,132.9172,10.524,2010,11,46,521395.2110999996,-13220.66109999962,November,Regular Week,Actual
29,2010-11-26,975268.91,1,44.61,3.07,132.8369333,10.524,2010,11,47,852104.6550999987,123164.25490000134,November,Holiday Week,Actual
29,2010-12-03,642678.53,0,39.42,3.065,132.7566667,10.524,2010,12,48,709568.1990000004,-66889.66900000034,December,Regular Week,Actual
29,2010-12-10,713834.74,0,28.43,3.132,132.6764,10.524,2010,12,49,729827.9319000003,-15993.191900000325,December,Regular Week,Actual
29,2010-12-17,850538.25,0,30.46,3.139,132.6804516,10.524,2010,12,50,792791.3862999999,57746.8637000001,December,Regular Week,Actual
29,2010-12-24,1130926.79,0,29.76,3.15,132.7477419,10.524,2010,12,51,788704.5792999999,342222.21070000017,December,Regular Week,Actual
29,2010-12-31,465992.02,1,28.49,3.177,132.8150323,10.524,2010,12,52,569725.7960000006,-103733.77600000054,December,Holiday Week,Actual
29,2011-01-07,455952.18,0,32.56,3.193,132.8823226,10.256,2011,1,1,454326.45999999985,1625.7200000001467,January,Regular Week,Actual
29,2011-01-14,426905.26,0,24.76,3.215,132.9510645,10.256,2011,1,2,433200.7401999999,-6295.4801999998745,January,Regular Week,Actual
29,2011-01-21,445134.15,0,26.8,3.232,133.0285161,10.256,2011,1,3,441560.94689999946,3573.2031000005663,January,Regular Week,Actual
29,2011-01-28,410426.97,0,20.61,3.243,133.1059677,10.256,2011,1,4,422358.4896999997,-11931.519699999713,January,Regular Week,Actual
29,2011-02-04,504126.89,0,26.39,3.24,133.1834194,10.256,2011,2,5,500558.84530000034,3568.0446999996784,February,Regular Week,Actual
29,2011-02-11,550387.78,1,28.89,3.255,133.260871,10.256,2011,2,6,534436.3178000005,15951.462199999485,February,Holiday Week,Actual
29,2011-02-18,542529.21,0,35.34,3.263,133.3701429,10.256,2011,2,7,533244.4488000006,9284.761199999368,February,Regular Week,Actual
29,2011-02-25,483660.15,0,30.23,3.281,133.4921429,10.256,2011,2,8,529773.3707000007,-46113.220700000646,February,Regular Week,Actual
29,2011-03-04,536031.67,0,33.52,3.437,133.6141429,10.256,2011,3,9,524316.7577000009,11714.912299999152,March,Regular Week,Actual
29,2011-03-11,493430.45,0,41.42,3.6,133.7361429,10.256,2011,3,10,497621.88520000014,-4191.435200000124,March,Regular Week,Actual
29,2011-03-18,493653.43,0,43.38,3.634,133.8492258,10.256,2011,3,11,494486.88789999974,-833.4578999997466,March,Regular Week,Actual
29,2011-03-25,478773.05,0,38.77,3.624,133.9587419,10.256,2011,3,12,485567.0733999996,-6794.023399999598,March,Regular Week,Actual
29,2011-04-01,475615.26,0,36.04,3.638,134.0682581,9.966,2011,4,13,494317.4665999996,-18702.20659999957,April,Regular Week,Actual
29,2011-04-08,505304.33,0,44.42,3.72,134.1777742,9.966,2011,4,14,514343.7314999992,-9039.401499999163,April,Regular Week,Actual
29,2011-04-15,518245.97,0,48.88,3.823,134.2784667,9.966,2011,4,15,520725.0322999994,-2479.0622999994084,April,Regular Week,Actual
29,2011-04-22,589252.69,0,47.76,3.919,134.3571,9.966,2011,4,16,561258.9339999994,27993.756000000518,April,Regular Week,Actual
29,2011-04-29,493078.64,0,57.2,3.988,134.4357333,9.966,2011,4,17,509734.6803000005,-16656.04030000046,April,Regular Week,Actual
29,2011-05-06,534372.53,0,53.63,4.078,134.5143667,9.966,2011,5,18,527672.8312000005,6699.698799999547,May,Regular Week,Actual
29,2011-05-13,549551.02,0,57.71,4.095,134.593,9.966,2011,5,19,535776.4398000005,13774.580199999502,May,Regular Week,Actual
29,2011-05-20,492932.51,0,58.56,4.101,134.6803871,9.966,2011,5,20,510916.0763000002,-17983.56630000018,May,Regular Week,Actual
29,2011-05-27,550735.64,0,62.59,4.034,134.7677742,9.966,2011,5,21,547373.1890000002,3362.450999999768,May,Regular Week,Actual
29,2011-06-03,598251.57,0,70.09,3.973,134.8551613,9.966,2011,6,22,583864.098,14387.47199999995,June,Regular Week,Actual
29,2011-06-10,558431.44,0,69.53,3.924,134.9425484,9.966,2011,6,23,568755.9763999996,-10324.536399999633,June,Regular Week,Actual
29,2011-06-17,536914.17,0,63.97,3.873,135.0837333,9.966,2011,6,24,540695.0052000008,-3780.835200000787,June,Regular Week,Actual
29,2011-06-24,545368.17,0,68.53,3.851,135.2652667,9.966,2011,6,25,548068.256500001,-2700.086500000907,June,Regular Week,Actual
29,2011-07-01,567114.6,0,70.8,3.815,135.4468,9.863,2011,7,26,565537.2462000005,1577.3537999994587,July,Regular Week,Actual
29,2011-07-08,547586.07,0,74.22,3.784,135.6283333,9.863,2011,7,27,550717.2492000002,-3131.179200000246,July,Regular Week,Actual
29,2011-07-15,505246.15,0,75.2,3.827,135.7837419,9.863,2011,7,28,498737.72329999914,6508.426700000884,July,Regular Week,Actual
29,2011-07-22,507335.75,0,77.79,3.882,135.8738387,9.863,2011,7,29,494005.9138999997,13329.836100000306,July,Regular Week,Actual
29,2011-07-29,474653.06,0,75.32,3.898,135.9639355,9.863,2011,7,30,482269.4024999999,-7616.3424999999115,July,Regular Week,Actual
29,2011-08-05,503486.37,0,75.33,3.903,136.0540323,9.863,2011,8,31,493929.9147999994,9556.455200000608,August,Regular Week,Actual
29,2011-08-12,471311.5,0,74.69,3.88,136.144129,9.863,2011,8,32,479643.71269999986,-8332.212699999858,August,Regular Week,Actual
29,2011-08-19,498056.0,0,71.3,3.82,136.183129,9.863,2011,8,33,530770.8625999996,-32714.862599999644,August,Regular Week,Actual
29,2011-08-26,608294.98,0,72.22,3.796,136.2136129,9.863,2011,8,34,571983.171699999,36311.808300000965,August,Regular Week,Actual
29,2011-09-02,497085.91,0,69.16,3.784,136.2440968,9.863,2011,9,35,505439.9124999993,-8354.002499999304,September,Regular Week,Actual
29,2011-09-09,505406.72,1,69.14,3.809,136.2745806,9.863,2011,9,36,506463.47929999954,-1056.7592999995686,September,Holiday Week,Actual
29,2011-09-16,474129.35,0,68.08,3.809,136.3145,9.863,2011,9,37,482445.3196000005,-8315.969600000535,September,Regular Week,Actual
29,2011-09-23,475696.37,0,62.36,3.758,136.367,9.863,2011,9,38,476762.0626999994,-1065.692699999432,September,Regular Week,Actual
29,2011-09-30,446516.26,0,69.78,3.684,136.4195,9.863,2011,9,39,464829.9434,-18313.68339999998,September,Regular Week,Actual
29,2011-10-07,514993.0,0,56.44,3.633,136.472,9.357,2011,10,40,509964.66090000013,5028.339099999866,October,Regular Week,Actual
29,2011-10-14,475776.45,0,62.63,3.583,136.5150968,9.357,2011,10,41,510005.3605999999,-34228.91059999989,October,Regular Week,Actual
29,2011-10-21,505068.22,0,59.3,3.618,136.5017742,9.357,2011,10,42,518151.88760000013,-13083.66760000016,October,Regular Week,Actual
29,2011-10-28,515119.64,0,49.31,3.604,136.4884516,9.357,2011,10,43,520109.7490000003,-4990.109000000288,October,Regular Week,Actual
29,2011-11-04,620735.72,0,42.81,3.586,136.475129,9.357,2011,11,44,584607.2855999995,36128.43440000049,November,Regular Week,Actual
29,2011-11-11,531600.62,0,47.8,3.57,136.4618065,9.357,2011,11,45,527424.6430999998,4175.976900000242,November,Regular Week,Actual
29,2011-11-18,504601.29,0,50.62,3.571,136.4666667,9.357,2011,11,46,521963.25459999946,-17361.964599999483,November,Regular Week,Actual
29,2011-11-25,913165.19,1,46.28,3.536,136.4788,9.357,2011,11,47,825611.3633999991,87553.82660000084,November,Holiday Week,Actual
29,2011-12-02,579874.22,0,49.11,3.501,136.4909333,9.357,2011,12,48,750095.7774000001,-170221.55740000017,December,Regular Week,Actual
29,2011-12-09,633240.53,0,45.35,3.47,136.5030667,9.357,2011,12,49,709745.2754000004,-76504.74540000036,December,Regular Week,Actual
29,2011-12-16,736805.66,0,39.11,3.445,136.5335161,9.357,2011,12,50,738901.3467999988,-2095.6867999987444,December,Regular Week,Actual
29,2011-12-23,1016637.39,0,39.83,3.413,136.5883871,9.357,2011,12,51,892503.1606000001,124134.22939999995,December,Regular Week,Actual
29,2011-12-30,551743.05,1,36.28,3.402,136.6432581,9.357,2011,12,52,629620.9513999994,-77877.90139999939,December,Holiday Week,Actual
29,2012-01-06,469773.85,0,34.61,3.439,136.698129,8.988,2012,1,1,459390.5326000003,10383.31739999965,January,Regular Week,Actual
29,2012-01-13,444756.37,0,39.0,3.523,136.753,8.988,2012,1,2,442291.5295999998,2464.8404000002192,January,Regular Week,Actual
29,2012-01-20,446863.31,0,29.16,3.542,136.8564194,8.988,2012,1,3,444829.9821999999,2033.3278000000864,January,Regular Week,Actual
29,2012-01-27,395987.24,0,35.68,3.568,136.9598387,8.988,2012,1,4,423613.02079999977,-27625.780799999775,January,Regular Week,Actual
29,2012-02-03,493159.35,0,40.58,3.633,137.0632581,8.988,2012,2,5,497506.88620000036,-4347.536200000381,February,Regular Week,Actual
29,2012-02-10,545840.05,1,35.68,3.655,137.1666774,8.988,2012,2,6,536257.6512999994,9582.398700000602,February,Holiday Week,Actual
29,2012-02-17,559606.91,0,36.25,3.703,137.2583103,8.988,2012,2,7,542367.0244999992,17239.88550000079,February,Regular Week,Actual
29,2012-02-24,488782.63,0,39.0,3.751,137.3411034,8.988,2012,2,8,504692.7926999999,-15910.16269999987,February,Regular Week,Actual
29,2012-03-02,500801.72,0,37.47,3.827,137.4238966,8.988,2012,3,9,512746.7520999993,-11945.032099999313,March,Regular Week,Actual
29,2012-03-09,504750.35,0,41.72,3.876,137.5066897,8.988,2012,3,10,500298.07259999943,4452.277400000545,March,Regular Week,Actual
29,2012-03-16,489293.72,0,46.06,3.867,137.5843871,8.988,2012,3,11,500359.9710999995,-11066.251099999528,March,Regular Week,Actual
29,2012-03-23,517408.48,0,54.68,3.889,137.6552903,8.988,2012,3,12,509231.68919999944,8176.790800000541,March,Regular Week,Actual
29,2012-03-30,504566.28,0,46.4,3.921,137.7261935,8.988,2012,3,13,510633.23720000027,-6066.957200000237,March,Regular Week,Actual
29,2012-04-06,633826.55,0,46.38,3.957,137.7970968,9.14,2012,4,14,590027.1404999994,43799.40950000065,April,Regular Week,Actual
29,2012-04-13,520493.83,0,49.89,4.025,137.868,9.14,2012,4,15,522180.0316999993,-1686.2016999992775,April,Regular Week,Actual
29,2012-04-20,525200.59,0,58.81,4.046,137.9230667,9.14,2012,4,16,524323.5644000005,877.0255999994697,April,Regular Week,Actual
29,2012-04-27,497250.22,0,51.42,4.023,137.9781333,9.14,2012,4,17,505799.87549999944,-8549.65549999947,April,Regular Week,Actual
29,2012-05-04,504963.84,0,50.75,3.991,138.0332,9.14,2012,5,18,509665.1410000008,-4701.301000000793,May,Regular Week,Actual
29,2012-05-11,529707.87,0,56.72,3.947,138.0882667,9.14,2012,5,19,523292.3709000004,6415.499099999608,May,Regular Week,Actual
29,2012-05-18,543706.04,0,61.9,3.899,138.1065806,9.14,2012,5,20,540406.8081999999,3299.2318000001833,May,Regular Week,Actual
29,2012-05-25,549665.67,0,62.39,3.85,138.1101935,9.14,2012,5,21,545215.9065000007,4449.763499999302,May,Regular Week,Actual
29,2012-06-01,576252.35,0,70.01,3.798,138.1138065,9.14,2012,6,22,574315.0891000007,1937.2608999992954,June,Regular Week,Actual
29,2012-06-08,554093.15,0,61.71,3.746,138.1174194,9.14,2012,6,23,543771.2266000005,10321.923399999505,June,Regular Week,Actual
29,2012-06-15,552338.76,0,66.56,3.683,138.1295333,9.14,2012,6,24,553841.8149000001,-1503.0549000001047,June,Regular Week,Actual
29,2012-06-22,581854.5,0,70.61,3.629,138.1629,9.14,2012,6,25,575933.3500999999,5921.149900000077,June,Regular Week,Actual
29,2012-06-29,555954.13,0,70.99,3.577,138.1962667,9.14,2012,6,26,574280.9401999998,-18326.810199999833,June,Regular Week,Actual
29,2012-07-06,578832.41,0,77.41,3.538,138.2296333,9.419,2012,7,27,568042.5203999991,10789.889600000926,July,Regular Week,Actual
29,2012-07-13,514709.76,0,75.81,3.561,138.263,9.419,2012,7,28,521845.8196999995,-7136.059699999518,July,Regular Week,Actual
29,2012-07-20,506705.36,0,76.57,3.61,138.2331935,9.419,2012,7,29,509734.0650999996,-3028.7050999996136,July,Regular Week,Actual
29,2012-07-27,475158.24,0,73.52,3.701,138.2033871,9.419,2012,7,30,489279.98629999993,-14121.74629999994,July,Regular Week,Actual
29,2012-08-03,504754.74,0,72.99,3.698,138.1735806,9.419,2012,8,31,503364.3938000002,1390.3461999997962,August,Regular Week,Actual
29,2012-08-10,518628.42,0,76.74,3.772,138.1437742,9.419,2012,8,32,502730.62700000056,15897.792999999423,August,Regular Week,Actual
29,2012-08-17,416881.66,0,74.92,3.84,138.1857097,9.419,2012,8,33,449920.4969999993,-33038.8369999993,August,Regular Week,Actual
29,2012-08-24,615026.15,0,70.42,3.874,138.2814516,9.419,2012,8,34,583371.9290999991,31654.220900000888,August,Regular Week,Actual
29,2012-08-31,545844.91,0,71.93,3.884,138.3771935,9.419,2012,8,35,550836.135899999,-4991.2258999989135,August,Regular Week,Actual
29,2012-09-07,540811.85,1,73.3,3.921,138.4729355,9.419,2012,9,36,528056.9427000001,12754.907299999846,September,Holiday Week,Actual
29,2012-09-14,475127.18,0,66.42,3.988,138.5673,9.419,2012,9,37,492140.44849999977,-17013.268499999773,September,Regular Week,Actual
29,2012-09-21,489079.23,0,63.38,4.056,138.6534,9.419,2012,9,38,492310.1577999996,-3230.9277999995975,September,Regular Week,Actual
29,2012-09-28,489674.23,0,62.17,4.018,138.7395,9.419,2012,9,39,494588.4563999994,-4914.226399999403,September,Regular Week,Actual
29,2012-10-05,520632.8,0,62.09,4.027,138.8256,9.151,2012,10,40,515027.5569999995,5605.243000000482,October,Regular Week,Actual
29,2012-10-12,513737.0,0,54.18,4.029,138.9117,9.151,2012,10,41,514806.1604,-1069.1603999999934,October,Regular Week,Actual
29,2012-10-19,516909.24,0,55.28,4.0,138.8336129,9.151,2012,10,42,515172.9892000002,1736.2507999998052,October,Regular Week,Actual
29,2012-10-26,534970.68,0,57.58,3.917,138.7281613,9.151,2012,10,43,527781.7212999999,7188.958700000192,October,Regular Week,Actual
30,2010-02-05,465108.52,0,39.05,2.572,210.7526053,8.324,2010,2,5,464764.92260000034,343.5973999996786,February,Regular Week,Actual
30,2010-02-12,497374.57,1,37.77,2.548,210.8979935,8.324,2010,2,6,465400.8334000004,31973.736599999596,February,Holiday Week,Actual
30,2010-02-19,463513.26,0,39.75,2.514,210.9451605,8.324,2010,2,7,464785.8692000002,-1272.6092000001809,February,Regular Week,Actual
30,2010-02-26,472330.71,0,45.31,2.561,210.9759573,8.324,2010,2,8,468731.9786000006,3598.7313999994076,February,Regular Week,Actual
30,2010-03-05,472591.07,0,48.61,2.625,211.0067542,8.324,2010,3,9,465589.02360000013,7002.046399999876,March,Regular Week,Actual
30,2010-03-12,468189.93,0,57.1,2.667,211.037551,8.324,2010,3,10,459335.1026999999,8854.82730000012,March,Regular Week,Actual
30,2010-03-19,445736.36,0,54.68,2.72,210.8733316,8.324,2010,3,11,452190.1554999999,-6453.795499999891,March,Regular Week,Actual
30,2010-03-26,442457.35,0,51.66,2.732,210.6766095,8.324,2010,3,12,454284.24659999995,-11826.896599999978,March,Regular Week,Actual
30,2010-04-02,457884.06,0,64.12,2.719,210.4798874,8.2,2010,4,13,457467.8984000002,416.16159999981755,April,Regular Week,Actual
30,2010-04-09,454800.96,0,65.74,2.77,210.2831653,8.2,2010,4,14,457220.2375000005,-2419.2775000004913,April,Regular Week,Actual
30,2010-04-16,471054.16,0,67.87,2.808,210.1495463,8.2,2010,4,15,465575.9498999997,5478.2101000002585,April,Regular Week,Actual
30,2010-04-23,462454.39,0,64.21,2.795,210.1000648,8.2,2010,4,16,462799.5127000003,-345.1227000002982,April,Regular Week,Actual
30,2010-04-30,456140.34,0,66.93,2.78,210.0505833,8.2,2010,4,17,458382.4388000004,-2242.0988000003854,April,Regular Week,Actual
30,2010-05-07,457883.94,0,70.87,2.835,210.0011018,8.2,2010,5,18,458685.7786,-801.8386000000173,May,Regular Week,Actual
30,2010-05-14,461868.09,0,73.08,2.854,209.9984585,8.2,2010,5,19,456981.1058000001,4886.984199999948,May,Regular Week,Actual
30,2010-05-21,455751.84,0,74.24,2.826,210.2768443,8.2,2010,5,20,457368.3973000009,-1616.557300000859,May,Regular Week,Actual
30,2010-05-28,462474.16,0,80.94,2.759,210.5552301,8.2,2010,5,21,456146.0041000007,6328.155899999256,May,Regular Week,Actual
30,2010-06-04,458343.7,0,82.68,2.705,210.833616,8.2,2010,6,22,456467.7655000005,1875.9344999995083,June,Regular Week,Actual
30,2010-06-11,445530.16,0,83.51,2.668,211.1120018,8.2,2010,6,23,450482.8458000001,-4952.685800000152,June,Regular Week,Actual
30,2010-06-18,447727.52,0,86.18,2.637,211.1096543,8.2,2010,6,24,448327.2406000005,-599.7206000004662,June,Regular Week,Actual
30,2010-06-25,453210.24,0,87.01,2.653,210.9950134,8.2,2010,6,25,450587.8581000002,2622.381899999804,June,Regular Week,Actual
30,2010-07-02,450337.47,0,82.29,2.669,210.8803726,8.099,2010,7,26,449981.31449999963,356.1555000003427,July,Regular Week,Actual
30,2010-07-09,436293.4,0,81.67,2.642,210.7657317,8.099,2010,7,27,449729.1295999998,-13435.729599999788,July,Regular Week,Actual
30,2010-07-16,438068.71,0,85.61,2.623,210.7577954,8.099,2010,7,28,441026.8185000005,-2958.108500000497,July,Regular Week,Actual
30,2010-07-23,440491.33,0,87.17,2.608,210.8921319,8.099,2010,7,29,441837.9692999994,-1346.6392999993986,July,Regular Week,Actual
30,2010-07-30,437893.76,0,83.59,2.64,211.0264684,8.099,2010,7,30,442226.1239999999,-4332.363999999885,July,Regular Week,Actual
30,2010-08-06,441407.06,0,90.3,2.627,211.1608049,8.099,2010,8,31,442475.15840000013,-1068.0984000001336,August,Regular Week,Actual
30,2010-08-13,444160.07,0,89.65,2.692,211.2951413,8.099,2010,8,32,445056.0726000001,-896.0026000000653,August,Regular Week,Actual
30,2010-08-20,447139.8,0,89.58,2.664,211.2596586,8.099,2010,8,33,446031.1083999998,1108.6916000001947,August,Regular Week,Actual
30,2010-08-27,443810.78,0,86.2,2.619,211.2241759,8.099,2010,8,34,444080.64440000034,-269.86440000031143,August,Regular Week,Actual
30,2010-09-03,461548.98,0,82.57,2.577,211.1886931,8.099,2010,9,35,459146.7898999996,2402.1901000003563,September,Regular Week,Actual
30,2010-09-10,455162.92,1,79.3,2.565,211.1532104,8.099,2010,9,36,456773.3980000005,-1610.4780000005267,September,Holiday Week,Actual
30,2010-09-17,462058.19,0,83.03,2.582,211.1806415,8.099,2010,9,37,459969.47799999977,2088.7120000002324,September,Regular Week,Actual
30,2010-09-24,448392.17,0,80.79,2.624,211.2552578,8.099,2010,9,38,450347.3285,-1955.1585000000196,September,Regular Week,Actual
30,2010-10-01,445475.3,0,70.28,2.603,211.3298742,8.163,2010,10,39,448330.8639999996,-2855.5639999996056,October,Regular Week,Actual
30,2010-10-08,462080.47,0,65.76,2.633,211.4044906,8.163,2010,10,40,456622.1260999994,5458.34390000056,October,Regular Week,Actual
30,2010-10-15,453943.89,0,68.61,2.72,211.4713286,8.163,2010,10,41,450270.19220000005,3673.6977999999654,October,Regular Week,Actual
30,2010-10-22,459631.74,0,70.72,2.725,211.5187208,8.163,2010,10,42,451538.6835000001,8093.05649999989,October,Regular Week,Actual
30,2010-10-29,438334.39,0,67.51,2.716,211.5661131,8.163,2010,10,43,443156.4319000002,-4822.041900000186,October,Regular Week,Actual
30,2010-11-05,484661.87,0,58.71,2.689,211.6135053,8.163,2010,11,44,466088.9242999997,18572.945700000273,November,Regular Week,Actual
30,2010-11-12,431266.64,0,60.95,2.728,211.6608975,8.163,2010,11,45,441805.9658000001,-10539.325800000108,November,Regular Week,Actual
30,2010-11-19,423707.69,0,51.71,2.771,211.5470304,8.163,2010,11,46,432450.62519999983,-8742.935199999833,November,Regular Week,Actual
30,2010-11-26,462732.36,1,62.96,2.735,211.4062867,8.163,2010,11,47,455817.0530999998,6915.3069000002,November,Holiday Week,Actual
30,2010-12-03,407112.22,0,50.43,2.708,211.265543,8.163,2010,12,48,419235.0280999996,-12122.808099999616,December,Regular Week,Actual
30,2010-12-10,428631.91,0,46.35,2.843,211.1247993,8.163,2010,12,49,433239.3837999996,-4607.473799999629,December,Regular Week,Actual
30,2010-12-17,445332.28,0,48.63,2.869,211.0645458,8.163,2010,12,50,454497.8464000002,-9165.566400000185,December,Regular Week,Actual
30,2010-12-24,519354.88,0,51.29,2.886,211.0646599,8.163,2010,12,51,493435.10690000036,25919.773099999642,December,Regular Week,Actual
30,2010-12-31,397631.02,1,47.19,2.943,211.064774,8.163,2010,12,52,427704.63920000027,-30073.61920000025,December,Holiday Week,Actual
30,2011-01-07,451077.21,0,44.24,2.976,211.0648881,8.028,2011,1,1,452325.45619999967,-1248.246199999645,January,Regular Week,Actual
30,2011-01-14,465408.72,0,34.14,2.983,211.1176713,8.028,2011,1,2,459633.16149999946,5775.5585000005085,January,Regular Week,Actual
30,2011-01-21,439132.62,0,42.72,3.016,211.4864691,8.028,2011,1,3,439970.5214999997,-837.9014999996871,January,Regular Week,Actual
30,2011-01-28,425989.04,0,44.04,3.01,211.8552668,8.028,2011,1,4,435252.8869999995,-9263.846999999543,January,Regular Week,Actual
30,2011-02-04,490970.95,0,36.33,2.989,212.2240646,8.028,2011,2,5,469102.0655000002,21868.88449999981,February,Regular Week,Actual
30,2011-02-11,470921.24,1,34.61,3.022,212.5928624,8.028,2011,2,6,462881.6481000001,8039.591899999883,February,Holiday Week,Actual
30,2011-02-18,417070.51,0,59.87,3.045,212.9033115,8.028,2011,2,7,427143.8693000001,-10073.35930000007,February,Regular Week,Actual
30,2011-02-25,432687.97,0,61.27,3.065,213.190421,8.028,2011,2,8,432043.7110999997,644.2589000002481,February,Regular Week,Actual
30,2011-03-04,443334.71,0,59.52,3.288,213.4775305,8.028,2011,3,9,437939.2911000005,5395.418899999524,March,Regular Week,Actual
30,2011-03-11,438529.81,0,54.69,3.459,213.7646401,8.028,2011,3,10,434681.8441000001,3847.9658999998937,March,Regular Week,Actual
30,2011-03-18,425470.84,0,63.26,3.488,214.0156238,8.028,2011,3,11,429910.5425000006,-4439.702500000596,March,Regular Week,Actual
30,2011-03-25,431754.01,0,70.33,3.473,214.2521573,8.028,2011,3,12,431940.50000000023,-186.49000000022352,March,Regular Week,Actual
30,2011-04-01,437926.79,0,56.36,3.524,214.4886908,7.931,2011,4,13,436149.84889999963,1776.9411000003456,April,Regular Week,Actual
30,2011-04-08,443889.5,0,68.62,3.622,214.7252242,7.931,2011,4,14,439431.8916000001,4457.60839999991,April,Regular Week,Actual
30,2011-04-15,426666.92,0,71.01,3.743,214.9420631,7.931,2011,4,15,430215.0147000006,-3548.094700000598,April,Regular Week,Actual
30,2011-04-22,445358.73,0,70.79,3.807,215.1096657,7.931,2011,4,16,438383.1754,6975.554599999974,April,Regular Week,Actual
30,2011-04-29,423687.2,0,70.19,3.81,215.2772683,7.931,2011,4,17,427994.8419000004,-4307.641900000395,April,Regular Week,Actual
30,2011-05-06,438789.52,0,61.87,3.906,215.4448709,7.931,2011,5,18,437447.9765000005,1341.543499999505,May,Regular Week,Actual
30,2011-05-13,424614.59,0,75.04,3.899,215.6124735,7.931,2011,5,19,426129.2907000006,-1514.7007000005688,May,Regular Week,Actual
30,2011-05-20,435102.2,0,68.36,3.907,215.3834778,7.931,2011,5,20,435063.3933000003,38.806699999724515,May,Regular Week,Actual
30,2011-05-27,429305.82,0,76.86,3.786,215.1544822,7.931,2011,5,21,428495.5934000004,810.226599999587,May,Regular Week,Actual
30,2011-06-03,432808.48,0,83.82,3.699,214.9254865,7.931,2011,6,22,426766.7694000001,6041.710599999875,June,Regular Week,Actual
30,2011-06-10,424697.05,0,84.71,3.648,214.6964908,7.931,2011,6,23,426396.32740000007,-1699.277400000079,June,Regular Week,Actual
30,2011-06-17,435481.03,0,87.54,3.637,214.6513538,7.931,2011,6,24,429568.94190000044,5912.088099999586,June,Regular Week,Actual
30,2011-06-24,422715.74,0,85.72,3.594,214.7441108,7.931,2011,6,25,424810.83060000016,-2095.0906000001705,June,Regular Week,Actual
30,2011-07-01,428782.38,0,87.57,3.524,214.8368678,7.852,2011,7,26,426293.5257000002,2488.8542999998317,July,Regular Week,Actual
30,2011-07-08,419764.37,0,89.16,3.48,214.9296249,7.852,2011,7,27,421557.48809999996,-1793.1180999999633,July,Regular Week,Actual
30,2011-07-15,420515.63,0,91.05,3.575,215.0134426,7.852,2011,7,28,420251.3573000002,264.2726999997976,July,Regular Week,Actual
30,2011-07-22,423441.76,0,90.27,3.651,215.0749122,7.852,2011,7,29,421500.1251000003,1941.6348999997135,July,Regular Week,Actual
30,2011-07-29,414245.96,0,91.56,3.682,215.1363819,7.852,2011,7,30,418499.30410000053,-4253.344100000511,July,Regular Week,Actual
30,2011-08-05,431798.64,0,94.22,3.684,215.1978515,7.852,2011,8,31,425386.67560000054,6411.964399999473,August,Regular Week,Actual
30,2011-08-12,412224.67,0,92.32,3.638,215.2593211,7.852,2011,8,32,416098.10140000074,-3873.431400000758,August,Regular Week,Actual
30,2011-08-19,414450.61,0,90.11,3.554,215.3229307,7.852,2011,8,33,414426.5866,24.023400000005495,August,Regular Week,Actual
30,2011-08-26,387944.83,0,92.07,3.523,215.386897,7.852,2011,8,34,413255.12260000035,-25310.292600000335,August,Regular Week,Actual
30,2011-09-02,369722.32,0,91.94,3.533,215.4508632,7.852,2011,9,35,405423.24600000016,-35700.92600000015,September,Regular Week,Actual
30,2011-09-09,370897.82,1,78.87,3.546,215.5148295,7.852,2011,9,36,388848.15730000014,-17950.33730000013,September,Holiday Week,Actual
30,2011-09-16,382914.66,0,80.62,3.526,215.6944378,7.852,2011,9,37,401195.0992,-18280.439200000023,September,Regular Week,Actual
30,2011-09-23,391837.56,0,75.68,3.467,216.0282356,7.852,2011,9,38,396058.4303999999,-4220.870399999898,September,Regular Week,Actual
30,2011-09-30,387001.13,0,78.91,3.355,216.3620333,7.852,2011,9,39,391788.92240000004,-4787.792400000035,September,Regular Week,Actual
30,2011-10-07,417528.26,0,71.64,3.285,216.6958311,7.441,2011,10,40,417093.01359999995,435.24640000006184,October,Regular Week,Actual
30,2011-10-14,410711.99,0,69.79,3.274,217.0048261,7.441,2011,10,41,417186.08399999986,-6474.093999999866,October,Regular Week,Actual
30,2011-10-21,428958.53,0,65.16,3.353,217.1650042,7.441,2011,10,42,426547.6128000003,2410.9171999997343,October,Regular Week,Actual
30,2011-10-28,426151.88,0,65.46,3.372,217.3251824,7.441,2011,10,43,426215.8274000003,-63.9474000002956,October,Regular Week,Actual
30,2011-11-04,432359.04,0,56.01,3.332,217.4853605,7.441,2011,11,44,430013.7739999995,2345.266000000469,November,Regular Week,Actual
30,2011-11-11,409686.63,0,59.8,3.297,217.6455387,7.441,2011,11,45,418910.311,-9223.680999999982,November,Regular Week,Actual
30,2011-11-18,436462.63,0,61.9,3.308,217.8670218,7.441,2011,11,46,429765.7627000002,6696.867299999809,November,Regular Week,Actual
30,2011-11-25,452163.93,1,56.43,3.236,218.1130269,7.441,2011,11,47,440529.5028,11634.427199999976,November,Holiday Week,Actual
30,2011-12-02,412385.75,0,48.72,3.172,218.3590319,7.441,2011,12,48,420524.3995999998,-8138.649599999771,December,Regular Week,Actual
30,2011-12-09,436741.02,0,41.44,3.158,218.605037,7.441,2011,12,49,436044.9648000002,696.0551999998279,December,Regular Week,Actual
30,2011-12-16,441265.08,0,50.56,3.159,218.8217928,7.441,2011,12,50,436999.2915999994,4265.7884000006015,December,Regular Week,Actual
30,2011-12-23,492022.68,0,46.54,3.112,218.9995495,7.441,2011,12,51,458257.4380999997,33765.241900000314,December,Regular Week,Actual
30,2011-12-30,376777.45,1,45.16,3.129,219.1773063,7.441,2011,12,52,409442.6051999999,-32665.155199999863,December,Holiday Week,Actual
30,2012-01-06,457030.86,0,48.1,3.157,219.355063,7.057,2012,1,1,441417.0884999994,15613.771500000614,January,Regular Week,Actual
30,2012-01-13,447023.91,0,45.0,3.261,219.5328198,7.057,2012,1,2,443482.06759999925,3541.8424000007217,January,Regular Week,Actual
30,2012-01-20,438760.62,0,52.21,3.268,219.6258417,7.057,2012,1,3,438956.8731999994,-196.2531999993953,January,Regular Week,Actual
30,2012-01-27,433037.66,0,50.79,3.29,219.7188636,7.057,2012,1,4,434221.71019999945,-1184.050199999474,January,Regular Week,Actual
30,2012-02-03,434080.74,0,55.83,3.36,219.8118854,7.057,2012,2,5,435100.87529999955,-1020.1352999995579,February,Regular Week,Actual
30,2012-02-10,451365.99,1,46.52,3.409,219.9049073,7.057,2012,2,6,447392.0686999998,3973.921300000162,February,Holiday Week,Actual
30,2012-02-17,435109.11,0,45.03,3.51,220.0651993,7.057,2012,2,7,440280.77149999945,-5171.661499999464,February,Regular Week,Actual
30,2012-02-24,425215.71,0,54.81,3.555,220.275944,7.057,2012,2,8,436367.8494999997,-11152.1394999997,February,Regular Week,Actual
30,2012-03-02,438640.61,0,59.3,3.63,220.4866886,7.057,2012,3,9,439193.97319999966,-553.3631999996724,March,Regular Week,Actual
30,2012-03-09,446617.89,0,57.16,3.669,220.6974332,7.057,2012,3,10,440968.14980000013,5649.740199999884,March,Regular Week,Actual
30,2012-03-16,413617.45,0,63.39,3.734,220.8498468,7.057,2012,3,11,423110.00389999984,-9492.553899999824,March,Regular Week,Actual
30,2012-03-23,430222.97,0,62.96,3.787,220.9244858,7.057,2012,3,12,430788.22469999956,-565.254699999583,March,Regular Week,Actual
30,2012-03-30,449603.91,0,67.87,3.845,220.9991248,7.057,2012,3,13,444878.2671999995,4725.642800000496,March,Regular Week,Actual
30,2012-04-06,461511.92,0,69.02,3.891,221.0737638,6.891,2012,4,14,452610.8949000006,8901.025099999388,April,Regular Week,Actual
30,2012-04-13,428784.7,0,69.03,3.891,221.1484028,6.891,2012,4,15,440816.16550000035,-12031.46550000034,April,Regular Week,Actual
30,2012-04-20,462909.41,0,66.97,3.877,221.2021074,6.891,2012,4,16,454264.0466999997,8645.36330000026,April,Regular Week,Actual
30,2012-04-27,433744.83,0,69.21,3.814,221.255812,6.891,2012,4,17,439891.14189999923,-6146.311899999215,April,Regular Week,Actual
30,2012-05-04,454477.54,0,77.53,3.749,221.3095166,6.891,2012,5,18,444678.06159999943,9799.478400000546,May,Regular Week,Actual
30,2012-05-11,436070.45,0,74.14,3.688,221.3632212,6.891,2012,5,19,438876.9153000002,-2806.4653000002145,May,Regular Week,Actual
30,2012-05-18,460945.14,0,72.42,3.63,221.380331,6.891,2012,5,20,452701.25800000026,8243.88199999975,May,Regular Week,Actual
30,2012-05-25,449355.91,0,79.49,3.561,221.3828029,6.891,2012,5,21,432456.6604999999,16899.249500000093,May,Regular Week,Actual
30,2012-06-01,427021.18,0,79.24,3.501,221.3852748,6.891,2012,6,22,428979.5647999998,-1958.3847999998252,June,Regular Week,Actual
30,2012-06-08,437222.94,0,79.47,3.452,221.3877467,6.891,2012,6,23,428824.84249999985,8398.097500000149,June,Regular Week,Actual
30,2012-06-15,438523.24,0,81.51,3.393,221.4009901,6.891,2012,6,24,434568.2096,3955.0303999999887,June,Regular Week,Actual
30,2012-06-22,428554.63,0,81.78,3.346,221.4411622,6.891,2012,6,25,429627.0284000001,-1072.398400000122,June,Regular Week,Actual
30,2012-06-29,423192.4,0,88.05,3.286,221.4813343,6.891,2012,6,26,424915.1213999997,-1722.7213999996893,June,Regular Week,Actual
30,2012-07-06,440553.42,0,85.26,3.227,221.5215064,6.565,2012,7,27,432649.81370000064,7903.606299999345,July,Regular Week,Actual
30,2012-07-13,417640.34,0,82.51,3.256,221.5616784,6.565,2012,7,28,424253.9976000006,-6613.657600000559,July,Regular Week,Actual
30,2012-07-20,427491.04,0,84.25,3.311,221.5701123,6.565,2012,7,29,425030.18650000036,2460.853499999619,July,Regular Week,Actual
30,2012-07-27,424581.17,0,88.09,3.407,221.5785461,6.565,2012,7,30,425002.5196000006,-421.349600000598,July,Regular Week,Actual
30,2012-08-03,425136.55,0,91.57,3.417,221.5869799,6.565,2012,8,31,425508.5092,-371.95919999998296,August,Regular Week,Actual
30,2012-08-10,430878.28,0,89.57,3.494,221.5954138,6.565,2012,8,32,428636.09830000036,2242.1816999996663,August,Regular Week,Actual
30,2012-08-17,423351.15,0,85.55,3.571,221.6751459,6.565,2012,8,33,425551.72649999964,-2200.576499999617,August,Regular Week,Actual
30,2012-08-24,425296.65,0,77.72,3.62,221.8083518,6.565,2012,8,34,428245.12629999936,-2948.47629999934,August,Regular Week,Actual
30,2012-08-31,439132.5,0,83.58,3.638,221.9415576,6.565,2012,8,35,434503.2351999998,4629.264800000179,August,Regular Week,Actual
30,2012-09-07,433565.77,1,88.4,3.73,222.0747635,6.565,2012,9,36,428985.8122000003,4579.957799999742,September,Holiday Week,Actual
30,2012-09-14,437773.31,0,76.1,3.717,222.2174395,6.565,2012,9,37,436469.0889000001,1304.221099999908,September,Regular Week,Actual
30,2012-09-21,443891.64,0,71.54,3.721,222.4169362,6.565,2012,9,38,441635.8305000003,2255.809499999741,September,Regular Week,Actual
30,2012-09-28,425410.04,0,80.38,3.666,222.6164329,6.565,2012,9,39,425600.33669999964,-190.296699999657,September,Regular Week,Actual
30,2012-10-05,446751.45,0,70.28,3.617,222.8159296,6.17,2012,10,40,443660.6191000001,3090.8308999998844,October,Regular Week,Actual
30,2012-10-12,434593.26,0,61.53,3.601,223.0154263,6.17,2012,10,41,436123.9382999998,-1530.6782999997959,October,Regular Week,Actual
30,2012-10-19,437537.29,0,68.52,3.594,223.0598077,6.17,2012,10,42,438942.5901999997,-1405.3001999997068,October,Regular Week,Actual
30,2012-10-26,439424.5,0,70.5,3.506,223.0783366,6.17,2012,10,43,438689.92999999993,734.5700000000652,October,Regular Week,Actual
31,2010-02-05,1469252.05,0,39.05,2.572,210.7526053,8.324,2010,2,5,1412744.2990999988,56507.750900001265,February,Regular Week,Actual
31,2010-02-12,1543947.23,1,37.77,2.548,210.8979935,8.324,2010,2,6,1398738.233899999,145208.99610000104,February,Holiday Week,Actual
31,2010-02-19,1473386.75,0,39.75,2.514,210.9451605,8.324,2010,2,7,1376799.6746999982,96587.07530000177,February,Regular Week,Actual
31,2010-02-26,1344354.41,0,45.31,2.561,210.9759573,8.324,2010,2,8,1354096.5614999982,-9742.15149999829,February,Regular Week,Actual
31,2010-03-05,1384870.51,0,48.61,2.625,211.0067542,8.324,2010,3,9,1360160.2927000003,24710.21729999967,March,Regular Week,Actual
31,2010-03-12,1366193.35,0,57.1,2.667,211.037551,8.324,2010,3,10,1362279.8124999993,3913.5375000007916,March,Regular Week,Actual
31,2010-03-19,1332261.01,0,54.68,2.72,210.8733316,8.324,2010,3,11,1339734.1312000013,-7473.121200001333,March,Regular Week,Actual
31,2010-03-26,1229635.7,0,51.66,2.732,210.6766095,8.324,2010,3,12,1273592.8320000018,-43957.132000001846,March,Regular Week,Actual
31,2010-04-02,1357600.68,0,64.12,2.719,210.4798874,8.2,2010,4,13,1347604.8291000023,9995.850899997633,April,Regular Week,Actual
31,2010-04-09,1395710.09,0,65.74,2.77,210.2831653,8.2,2010,4,14,1362248.4521000015,33461.637899998575,April,Regular Week,Actual
31,2010-04-16,1367448.28,0,67.87,2.808,210.1495463,8.2,2010,4,15,1343096.9031000007,24351.376899999334,April,Regular Week,Actual
31,2010-04-23,1280465.8,0,64.21,2.795,210.1000648,8.2,2010,4,16,1309711.2560999999,-29245.456099999836,April,Regular Week,Actual
31,2010-04-30,1243200.24,0,66.93,2.78,210.0505833,8.2,2010,4,17,1299273.6384999992,-56073.398499999195,April,Regular Week,Actual
31,2010-05-07,1381796.8,0,70.87,2.835,210.0011018,8.2,2010,5,18,1340415.0272999983,41381.77270000172,May,Regular Week,Actual
31,2010-05-14,1287288.59,0,73.08,2.854,209.9984585,8.2,2010,5,19,1339938.6148999983,-52650.024899998214,May,Regular Week,Actual
31,2010-05-21,1337405.6,0,74.24,2.826,210.2768443,8.2,2010,5,20,1342948.6321999985,-5543.032199998386,May,Regular Week,Actual
31,2010-05-28,1309437.17,0,80.94,2.759,210.5552301,8.2,2010,5,21,1355651.5755000005,-46214.405500000576,May,Regular Week,Actual
31,2010-06-04,1427624.5,0,82.68,2.705,210.833616,8.2,2010,6,22,1381688.7831000003,45935.71689999965,June,Regular Week,Actual
31,2010-06-11,1377092.33,0,83.51,2.668,211.1120018,8.2,2010,6,23,1360766.6242999998,16325.705700000282,June,Regular Week,Actual
31,2010-06-18,1368090.08,0,86.18,2.637,211.1096543,8.2,2010,6,24,1350552.0447999996,17538.035200000508,June,Regular Week,Actual
31,2010-06-25,1303523.73,0,87.01,2.653,210.9950134,8.2,2010,6,25,1326036.9607000006,-22513.230700000655,June,Regular Week,Actual
31,2010-07-02,1311704.92,0,82.29,2.669,210.8803726,8.099,2010,7,26,1309336.8534000018,2368.0665999981575,July,Regular Week,Actual
31,2010-07-09,1315118.4,0,81.67,2.642,210.7657317,8.099,2010,7,27,1312923.6493000016,2194.750699998345,July,Regular Week,Actual
31,2010-07-16,1335433.72,0,85.61,2.623,210.7577954,8.099,2010,7,28,1316965.1553999998,18468.564600000158,July,Regular Week,Actual
31,2010-07-23,1276031.84,0,87.17,2.608,210.8921319,8.099,2010,7,29,1284082.4523000019,-8050.612300001783,July,Regular Week,Actual
31,2010-07-30,1231993.14,0,83.59,2.64,211.0264684,8.099,2010,7,30,1256653.7599000009,-24660.61990000098,July,Regular Week,Actual
31,2010-08-06,1352401.08,0,90.3,2.627,211.1608049,8.099,2010,8,31,1274775.790600001,77625.28939999896,August,Regular Week,Actual
31,2010-08-13,1327719.34,0,89.65,2.692,211.2951413,8.099,2010,8,32,1277719.9414000013,49999.39859999879,August,Regular Week,Actual
31,2010-08-20,1376571.21,0,89.58,2.664,211.2596586,8.099,2010,8,33,1284705.3625000012,91865.84749999875,August,Regular Week,Actual
31,2010-08-27,1326621.98,0,86.2,2.619,211.2241759,8.099,2010,8,34,1298828.1781000008,27793.801899999147,August,Regular Week,Actual
31,2010-09-03,1302047.48,0,82.57,2.577,211.1886931,8.099,2010,9,35,1293084.427400001,8963.05259999889,September,Regular Week,Actual
31,2010-09-10,1308179.02,1,79.3,2.565,211.1532104,8.099,2010,9,36,1297766.7635,10412.256500000134,September,Holiday Week,Actual
31,2010-09-17,1294105.01,0,83.03,2.582,211.1806415,8.099,2010,9,37,1291617.0036000006,2488.0063999993727,September,Regular Week,Actual
31,2010-09-24,1230250.25,0,80.79,2.624,211.2552578,8.099,2010,9,38,1254910.7183000008,-24660.468300000764,September,Regular Week,Actual
31,2010-10-01,1213981.64,0,70.28,2.603,211.3298742,8.163,2010,10,39,1246687.898500001,-32706.25850000116,October,Regular Week,Actual
31,2010-10-08,1300131.68,0,65.76,2.633,211.4044906,8.163,2010,10,40,1293836.461300003,6295.218699996825,October,Regular Week,Actual
31,2010-10-15,1265852.43,0,68.61,2.72,211.4713286,8.163,2010,10,41,1282666.4527000026,-16814.02270000265,October,Regular Week,Actual
31,2010-10-22,1262289.29,0,70.72,2.725,211.5187208,8.163,2010,10,42,1276918.8937000025,-14629.603700002423,October,Regular Week,Actual
31,2010-10-29,1257921.28,0,67.51,2.716,211.5661131,8.163,2010,10,43,1283805.7247000025,-25884.444700002437,October,Regular Week,Actual
31,2010-11-05,1324455.72,0,58.71,2.689,211.6135053,8.163,2010,11,44,1322939.8604000001,1515.8595999998506,November,Regular Week,Actual
31,2010-11-12,1352780.76,0,60.95,2.728,211.6608975,8.163,2010,11,45,1342088.9948000016,10691.765199998394,November,Regular Week,Actual
31,2010-11-19,1359158.57,0,51.71,2.771,211.5470304,8.163,2010,11,46,1368327.2452000014,-9168.675200001337,November,Regular Week,Actual
31,2010-11-26,1858856.06,1,62.96,2.735,211.4062867,8.163,2010,11,47,1644060.9823000007,214795.07769999932,November,Holiday Week,Actual
31,2010-12-03,1338716.37,0,50.43,2.708,211.265543,8.163,2010,12,48,1561924.4114000006,-223208.04140000045,December,Regular Week,Actual
31,2010-12-10,1475685.1,0,46.35,2.843,211.1247993,8.163,2010,12,49,1527679.390799998,-51994.29079999798,December,Regular Week,Actual
31,2010-12-17,1714667.0,0,48.63,2.869,211.0645458,8.163,2010,12,50,1633769.5921999996,80897.4078000004,December,Regular Week,Actual
31,2010-12-24,2068942.97,0,51.29,2.886,211.0646599,8.163,2010,12,51,1674050.632099999,394892.33790000086,December,Regular Week,Actual
31,2010-12-31,1198071.6,1,47.19,2.943,211.064774,8.163,2010,12,52,1345090.0577999982,-147018.4577999981,December,Holiday Week,Actual
31,2011-01-07,1311986.87,0,44.24,2.976,211.0648881,8.028,2011,1,1,1338207.7157000003,-26220.84570000018,January,Regular Week,Actual
31,2011-01-14,1350730.31,0,34.14,2.983,211.1176713,8.028,2011,1,2,1353637.9487000003,-2907.6387000002433,January,Regular Week,Actual
31,2011-01-21,1344167.13,0,42.72,3.016,211.4864691,8.028,2011,1,3,1339219.1979999994,4947.9320000004955,January,Regular Week,Actual
31,2011-01-28,1254955.68,0,44.04,3.01,211.8552668,8.028,2011,1,4,1297184.1025000014,-42228.4225000015,January,Regular Week,Actual
31,2011-02-04,1443206.46,0,36.33,2.989,212.2240646,8.028,2011,2,5,1400287.9101999989,42918.549800001085,February,Regular Week,Actual
31,2011-02-11,1539230.32,1,34.61,3.022,212.5928624,8.028,2011,2,6,1463491.6725999988,75738.6474000013,February,Holiday Week,Actual
31,2011-02-18,1539063.91,0,59.87,3.045,212.9033115,8.028,2011,2,7,1500144.167499998,38919.74250000203,February,Regular Week,Actual
31,2011-02-25,1365678.22,0,61.27,3.065,213.190421,8.028,2011,2,8,1416208.3050999986,-50530.08509999863,February,Regular Week,Actual
31,2011-03-04,1412721.18,0,59.52,3.288,213.4775305,8.028,2011,3,9,1405653.3399000019,7067.840099998051,March,Regular Week,Actual
31,2011-03-11,1405572.93,0,54.69,3.459,213.7646401,8.028,2011,3,10,1402968.1813000026,2604.748699997319,March,Regular Week,Actual
31,2011-03-18,1425559.02,0,63.26,3.488,214.0156238,8.028,2011,3,11,1404016.9874,21542.032600000035,March,Regular Week,Actual
31,2011-03-25,1357036.1,0,70.33,3.473,214.2521573,8.028,2011,3,12,1382577.2895999986,-25541.189599998528,March,Regular Week,Actual
31,2011-04-01,1344890.73,0,56.36,3.524,214.4886908,7.931,2011,4,13,1375946.7754000018,-31056.045400001807,April,Regular Week,Actual
31,2011-04-08,1416790.17,0,68.62,3.622,214.7252242,7.931,2011,4,14,1419730.8048000005,-2940.634800000582,April,Regular Week,Actual
31,2011-04-15,1408464.08,0,71.01,3.743,214.9420631,7.931,2011,4,15,1406857.7381999996,1606.3418000005186,April,Regular Week,Actual
31,2011-04-22,1461393.91,0,70.79,3.807,215.1096657,7.931,2011,4,16,1377742.7461999995,83651.16380000045,April,Regular Week,Actual
31,2011-04-29,1331137.96,0,70.19,3.81,215.2772683,7.931,2011,4,17,1373751.9754999995,-42614.015499999514,April,Regular Week,Actual
31,2011-05-06,1388755.61,0,61.87,3.906,215.4448709,7.931,2011,5,18,1395412.8605999993,-6657.250599999214,May,Regular Week,Actual
31,2011-05-13,1408118.22,0,75.04,3.899,215.6124735,7.931,2011,5,19,1403381.9266999993,4736.293300000718,May,Regular Week,Actual
31,2011-05-20,1387365.19,0,68.36,3.907,215.3834778,7.931,2011,5,20,1397936.196999999,-10571.006999999052,May,Regular Week,Actual
31,2011-05-27,1342273.64,0,76.86,3.786,215.1544822,7.931,2011,5,21,1367557.9380999997,-25284.29809999978,May,Regular Week,Actual
31,2011-06-03,1430348.1,0,83.82,3.699,214.9254865,7.931,2011,6,22,1420616.0941999988,9732.005800001323,June,Regular Week,Actual
31,2011-06-10,1425299.37,0,84.71,3.648,214.6964908,7.931,2011,6,23,1432125.5017000013,-6826.131700001191,June,Regular Week,Actual
31,2011-06-17,1491039.14,0,87.54,3.637,214.6513538,7.931,2011,6,24,1462657.4582000005,28381.68179999944,June,Regular Week,Actual
31,2011-06-24,1375962.46,0,85.72,3.594,214.7441108,7.931,2011,6,25,1424444.8748000008,-48482.41480000084,June,Regular Week,Actual
31,2011-07-01,1371889.27,0,87.57,3.524,214.8368678,7.852,2011,7,26,1392200.9303999988,-20311.66039999877,July,Regular Week,Actual
31,2011-07-08,1423144.47,0,89.16,3.48,214.9296249,7.852,2011,7,27,1410807.4414999993,12337.028500000713,July,Regular Week,Actual
31,2011-07-15,1415473.91,0,91.05,3.575,215.0134426,7.852,2011,7,28,1413693.0309999979,1780.8790000020526,July,Regular Week,Actual
31,2011-07-22,1401944.8,0,90.27,3.651,215.0749122,7.852,2011,7,29,1410488.7883999986,-8543.988399998518,July,Regular Week,Actual
31,2011-07-29,1308122.15,0,91.56,3.682,215.1363819,7.852,2011,7,30,1414280.1256999983,-106157.97569999844,July,Regular Week,Actual
31,2011-08-05,1428993.33,0,94.22,3.684,215.1978515,7.852,2011,8,31,1427301.5193999994,1691.8106000006665,August,Regular Week,Actual
31,2011-08-12,1443311.49,0,92.32,3.638,215.2593211,7.852,2011,8,32,1434024.6746999985,9286.81530000153,August,Regular Week,Actual
31,2011-08-19,1487542.53,0,90.11,3.554,215.3229307,7.852,2011,8,33,1413354.4030999981,74188.1269000019,August,Regular Week,Actual
31,2011-08-26,1417267.07,0,92.07,3.523,215.386897,7.852,2011,8,34,1412841.9491999971,4425.120800002944,August,Regular Week,Actual
31,2011-09-02,1385769.03,0,91.94,3.533,215.4508632,7.852,2011,9,35,1390872.266399998,-5103.236399997957,September,Regular Week,Actual
31,2011-09-09,1376670.27,1,78.87,3.546,215.5148295,7.852,2011,9,36,1367629.5166999989,9040.753300001146,September,Holiday Week,Actual
31,2011-09-16,1363460.86,0,80.62,3.526,215.6944378,7.852,2011,9,37,1360254.663099999,3206.1969000010286,September,Regular Week,Actual
31,2011-09-23,1347607.74,0,75.68,3.467,216.0282356,7.852,2011,9,38,1346084.5166999984,1523.223300001584,September,Regular Week,Actual
31,2011-09-30,1285534.74,0,78.91,3.355,216.3620333,7.852,2011,9,39,1311473.5917999984,-25938.851799998432,September,Regular Week,Actual
31,2011-10-07,1427383.24,0,71.64,3.285,216.6958311,7.441,2011,10,40,1362143.877700001,65239.36229999899,October,Regular Week,Actual
31,2011-10-14,1378340.18,0,69.79,3.274,217.0048261,7.441,2011,10,41,1369431.9664000021,8908.213599997805,October,Regular Week,Actual
31,2011-10-21,1409310.4,0,65.16,3.353,217.1650042,7.441,2011,10,42,1395080.090700002,14230.309299997985,October,Regular Week,Actual
31,2011-10-28,1346862.72,0,65.46,3.372,217.3251824,7.441,2011,10,43,1363535.2913,-16672.571299999952,October,Regular Week,Actual
31,2011-11-04,1426405.46,0,56.01,3.332,217.4853605,7.441,2011,11,44,1415147.6181000012,11257.841899998719,November,Regular Week,Actual
31,2011-11-11,1444783.64,0,59.8,3.297,217.6455387,7.441,2011,11,45,1433316.921400001,11466.718599998858,November,Regular Week,Actual
31,2011-11-18,1445174.79,0,61.9,3.308,217.8670218,7.441,2011,11,46,1440572.8516000018,4601.938399998238,November,Regular Week,Actual
31,2011-11-25,1934099.65,1,56.43,3.236,218.1130269,7.441,2011,11,47,1504326.2432000022,429773.40679999767,November,Holiday Week,Actual
31,2011-12-02,1388809.43,0,48.72,3.172,218.3590319,7.441,2011,12,48,1465541.0847000026,-76731.65470000263,December,Regular Week,Actual
31,2011-12-09,1556798.94,0,41.44,3.158,218.605037,7.441,2011,12,49,1524505.9143999997,32293.025600000285,December,Regular Week,Actual
31,2011-12-16,1611196.61,0,50.56,3.159,218.8217928,7.441,2011,12,50,1629366.8401000013,-18170.23010000121,December,Regular Week,Actual
31,2011-12-23,2026176.14,0,46.54,3.112,218.9995495,7.441,2011,12,51,1799862.708499999,226313.43150000088,December,Regular Week,Actual
31,2011-12-30,1355405.95,1,45.16,3.129,219.1773063,7.441,2011,12,52,1476367.1121999996,-120961.16219999967,December,Holiday Week,Actual
31,2012-01-06,1401232.52,0,48.1,3.157,219.355063,7.057,2012,1,1,1407854.9197999998,-6622.399799999781,January,Regular Week,Actual
31,2012-01-13,1377485.12,0,45.0,3.261,219.5328198,7.057,2012,1,2,1404739.796900001,-27254.676900000777,January,Regular Week,Actual
31,2012-01-20,1372504.9,0,52.21,3.268,219.6258417,7.057,2012,1,3,1398716.2282999998,-26211.328299999936,January,Regular Week,Actual
31,2012-01-27,1259941.48,0,50.79,3.29,219.7188636,7.057,2012,1,4,1401993.8535999996,-142052.37359999958,January,Regular Week,Actual
31,2012-02-03,1391479.91,0,55.83,3.36,219.8118854,7.057,2012,2,5,1411646.9947999984,-20167.08479999844,February,Regular Week,Actual
31,2012-02-10,1527688.58,1,46.52,3.409,219.9049073,7.057,2012,2,6,1486693.5781999999,40995.0018000002,February,Holiday Week,Actual
31,2012-02-17,1570813.52,0,45.03,3.51,220.0651993,7.057,2012,2,7,1515294.9235000005,55518.59649999952,February,Regular Week,Actual
31,2012-02-24,1392543.37,0,54.81,3.555,220.275944,7.057,2012,2,8,1454625.0138999997,-62081.64389999956,February,Regular Week,Actual
31,2012-03-02,1427881.22,0,59.3,3.63,220.4866886,7.057,2012,3,9,1430324.0742999995,-2442.8542999995407,March,Regular Week,Actual
31,2012-03-09,1439034.86,0,57.16,3.669,220.6974332,7.057,2012,3,10,1437964.6248,1070.2351999999955,March,Regular Week,Actual
31,2012-03-16,1481728.13,0,63.39,3.734,220.8498468,7.057,2012,3,11,1445700.339599999,36027.79040000099,March,Regular Week,Actual
31,2012-03-23,1365824.97,0,62.96,3.787,220.9244858,7.057,2012,3,12,1377641.0095999993,-11816.03959999932,March,Regular Week,Actual
31,2012-03-30,1318854.22,0,67.87,3.845,220.9991248,7.057,2012,3,13,1352765.9195999994,-33911.69959999947,March,Regular Week,Actual
31,2012-04-06,1496169.81,0,69.02,3.891,221.0737638,6.891,2012,4,14,1445797.049600001,50372.7603999991,April,Regular Week,Actual
31,2012-04-13,1407842.91,0,69.03,3.891,221.1484028,6.891,2012,4,15,1432161.2804000007,-24318.37040000083,April,Regular Week,Actual
31,2012-04-20,1407036.59,0,66.97,3.877,221.2021074,6.891,2012,4,16,1409003.4404000002,-1966.8504000001121,April,Regular Week,Actual
31,2012-04-27,1311352.25,0,69.21,3.814,221.255812,6.891,2012,4,17,1344933.3124000002,-33581.06240000017,April,Regular Week,Actual
31,2012-05-04,1391257.28,0,77.53,3.749,221.3095166,6.891,2012,5,18,1388837.6751000006,2419.6048999994528,May,Regular Week,Actual
31,2012-05-11,1392938.06,0,74.14,3.688,221.3632212,6.891,2012,5,19,1399267.8611,-6329.801100000041,May,Regular Week,Actual
31,2012-05-18,1441473.82,0,72.42,3.63,221.380331,6.891,2012,5,20,1424456.1232999978,17017.6967000023,May,Regular Week,Actual
31,2012-05-25,1397094.26,0,79.49,3.561,221.3828029,6.891,2012,5,21,1395561.5634000015,1532.6965999985114,May,Regular Week,Actual
31,2012-06-01,1404516.29,0,79.24,3.501,221.3852748,6.891,2012,6,22,1395712.8707000015,8803.419299998553,June,Regular Week,Actual
31,2012-06-08,1443285.79,0,79.47,3.452,221.3877467,6.891,2012,6,23,1399981.273200002,43304.516799998004,June,Regular Week,Actual
31,2012-06-15,1431003.43,0,81.51,3.393,221.4009901,6.891,2012,6,24,1405955.2954000023,25048.134599997662,June,Regular Week,Actual
31,2012-06-22,1394065.76,0,81.78,3.346,221.4411622,6.891,2012,6,25,1403760.8464000023,-9695.086400002241,June,Regular Week,Actual
31,2012-06-29,1349202.25,0,88.05,3.286,221.4813343,6.891,2012,6,26,1379695.0134000005,-30492.76340000052,June,Regular Week,Actual
31,2012-07-06,1458059.42,0,85.26,3.227,221.5215064,6.565,2012,7,27,1436407.727000001,21651.69299999904,July,Regular Week,Actual
31,2012-07-13,1374301.34,0,82.51,3.256,221.5616784,6.565,2012,7,28,1384245.085200002,-9943.745200001867,July,Regular Week,Actual
31,2012-07-20,1392395.2,0,84.25,3.311,221.5701123,6.565,2012,7,29,1390109.8722000015,2285.3277999984566,July,Regular Week,Actual
31,2012-07-27,1303732.36,0,88.09,3.407,221.5785461,6.565,2012,7,30,1337561.5916,-33829.231599999825,July,Regular Week,Actual
31,2012-08-03,1390174.63,0,91.57,3.417,221.5869799,6.565,2012,8,31,1374857.685199999,15316.94480000087,August,Regular Week,Actual
31,2012-08-10,1386472.59,0,89.57,3.494,221.5954138,6.565,2012,8,32,1375451.5689999994,11021.021000000648,August,Regular Week,Actual
31,2012-08-17,1410181.7,0,85.55,3.571,221.6751459,6.565,2012,8,33,1399555.7148000004,10625.98519999953,August,Regular Week,Actual
31,2012-08-24,1379783.21,0,77.72,3.62,221.8083518,6.565,2012,8,34,1380992.751199998,-1209.5411999979988,August,Regular Week,Actual
31,2012-08-31,1373651.49,0,83.58,3.638,221.9415576,6.565,2012,8,35,1379917.6995999983,-6266.209599998314,August,Regular Week,Actual
31,2012-09-07,1358111.62,1,88.4,3.73,222.0747635,6.565,2012,9,36,1357863.4967000005,248.12329999962822,September,Holiday Week,Actual
31,2012-09-14,1327705.44,0,76.1,3.717,222.2174395,6.565,2012,9,37,1341396.4078999988,-13690.967899998883,September,Regular Week,Actual
31,2012-09-21,1373064.87,0,71.54,3.721,222.4169362,6.565,2012,9,38,1364037.7571000007,9027.112899999367,September,Regular Week,Actual
31,2012-09-28,1279080.58,0,80.38,3.666,222.6164329,6.565,2012,9,39,1360747.9854999993,-81667.40549999918,September,Regular Week,Actual
31,2012-10-05,1363365.05,0,70.28,3.617,222.8159296,6.17,2012,10,40,1369704.9452999993,-6339.895299999276,October,Regular Week,Actual
31,2012-10-12,1401113.42,0,61.53,3.601,223.0154263,6.17,2012,10,41,1400003.944300001,1109.475699998904,October,Regular Week,Actual
31,2012-10-19,1378730.45,0,68.52,3.594,223.0598077,6.17,2012,10,42,1378863.1298000012,-132.67980000120588,October,Regular Week,Actual
31,2012-10-26,1340232.55,0,70.5,3.506,223.0783366,6.17,2012,10,43,1353991.616399999,-13759.066399998963,October,Regular Week,Actual
32,2010-02-05,1087616.19,0,34.43,2.58,189.3816974,9.014,2010,2,5,1102677.8457999993,-15061.655799999367,February,Regular Week,Actual
32,2010-02-12,1123566.12,1,28.09,2.572,189.4642725,9.014,2010,2,6,1125226.356200001,-1660.236200000858,February,Holiday Week,Actual
32,2010-02-19,1082559.06,0,29.16,2.55,189.5340998,9.014,2010,2,7,1084130.6896000009,-1571.6296000008006,February,Regular Week,Actual
32,2010-02-26,1053247.1,0,26.64,2.586,189.6018023,9.014,2010,2,8,1062835.4173999992,-9588.317399999127,February,Regular Week,Actual
32,2010-03-05,1066566.74,0,37.72,2.62,189.6695049,9.014,2010,3,9,1072921.8929999985,-6355.152999998536,March,Regular Week,Actual
32,2010-03-12,1093319.37,0,39.88,2.684,189.7372075,9.014,2010,3,10,1086985.6590000007,6333.710999999428,March,Regular Week,Actual
32,2010-03-19,1059781.78,0,42.43,2.692,189.734262,9.014,2010,3,11,1075156.9267000004,-15375.14670000039,March,Regular Week,Actual
32,2010-03-26,1076021.58,0,36.59,2.717,189.7195417,9.014,2010,3,12,1077659.5439999988,-1637.9639999987558,March,Regular Week,Actual
32,2010-04-02,1131732.94,0,48.28,2.725,189.7048215,8.963,2010,4,13,1117923.5972999989,13809.342700001085,April,Regular Week,Actual
32,2010-04-09,1095889.22,0,44.88,2.75,189.6901012,8.963,2010,4,14,1097837.4856999991,-1948.265699999174,April,Regular Week,Actual
32,2010-04-16,1082763.27,0,53.49,2.765,189.6628845,8.963,2010,4,15,1090060.0680999993,-7296.798099999316,April,Regular Week,Actual
32,2010-04-23,1072474.8,0,50.06,2.776,189.6190057,8.963,2010,4,16,1083752.9644999984,-11278.164499998325,April,Regular Week,Actual
32,2010-04-30,1066792.63,0,47.51,2.766,189.575127,8.963,2010,4,17,1102278.3516999988,-35485.72169999895,April,Regular Week,Actual
32,2010-05-07,1133657.58,0,48.94,2.771,189.5312483,8.963,2010,5,18,1117938.0724999988,15719.50750000123,May,Regular Week,Actual
32,2010-05-14,1079314.52,0,46.42,2.788,189.4904116,8.963,2010,5,19,1101951.260599999,-22636.74059999897,May,Regular Week,Actual
32,2010-05-21,1143819.35,0,55.89,2.776,189.467827,8.963,2010,5,20,1135024.5033999989,8794.846600001212,May,Regular Week,Actual
32,2010-05-28,1205662.85,0,64.69,2.737,189.4452425,8.963,2010,5,21,1182860.721299998,22802.128700002097,May,Regular Week,Actual
32,2010-06-04,1149234.96,0,66.69,2.7,189.422658,8.963,2010,6,22,1151566.8692999983,-2331.9092999983113,June,Regular Week,Actual
32,2010-06-11,1192074.09,0,70.86,2.684,189.4000734,8.963,2010,6,23,1174658.8845000016,17415.205499998527,June,Regular Week,Actual
32,2010-06-18,1150191.72,0,60.94,2.674,189.4185259,8.963,2010,6,24,1152945.783299999,-2754.0632999991067,June,Regular Week,Actual
32,2010-06-25,1124763.74,0,72.42,2.715,189.4533931,8.963,2010,6,25,1171236.0193000003,-46472.279300000286,June,Regular Week,Actual
32,2010-07-02,1187988.64,0,74.74,2.728,189.4882603,9.017,2010,7,26,1175669.2020000003,12319.437999999616,July,Regular Week,Actual
32,2010-07-09,1077253.67,0,67.55,2.711,189.5231276,9.017,2010,7,27,1095775.6329000003,-18521.96290000039,July,Regular Week,Actual
32,2010-07-16,1120172.24,0,76.2,2.699,189.6125456,9.017,2010,7,28,1129587.2231999994,-9414.983199999435,July,Regular Week,Actual
32,2010-07-23,1109574.11,0,75.69,2.691,189.774698,9.017,2010,7,29,1132902.0376999998,-23327.92769999965,July,Regular Week,Actual
32,2010-07-30,1065350.56,0,75.62,2.69,189.9368504,9.017,2010,7,30,1135537.6597000004,-70187.09970000037,July,Regular Week,Actual
32,2010-08-06,1144552.09,0,72.95,2.69,190.0990028,9.017,2010,8,31,1151856.8608000015,-7304.770800001454,August,Regular Week,Actual
32,2010-08-13,1157975.68,0,74.97,2.723,190.2611552,9.017,2010,8,32,1157850.4628000017,125.21719999820925,August,Regular Week,Actual
32,2010-08-20,1189887.86,0,71.46,2.732,190.2948237,9.017,2010,8,33,1166551.044,23336.816000000108,August,Regular Week,Actual
32,2010-08-27,1140501.03,0,74.95,2.731,190.3284922,9.017,2010,8,34,1168460.4121000005,-27959.382100000512,August,Regular Week,Actual
32,2010-09-03,1095932.51,0,70.2,2.773,190.3621607,9.017,2010,9,35,1109238.4884000006,-13305.978400000604,September,Regular Week,Actual
32,2010-09-10,1028635.39,1,68.44,2.78,190.3958293,9.017,2010,9,36,1047929.2908,-19293.900799999945,September,Holiday Week,Actual
32,2010-09-17,1043962.36,0,67.17,2.8,190.4688287,9.017,2010,9,37,1053012.1271999993,-9049.767199999304,September,Regular Week,Actual
32,2010-09-24,1067432.1,0,64.19,2.793,190.5713264,9.017,2010,9,38,1066843.081099999,589.0189000011887,September,Regular Week,Actual
32,2010-10-01,1061089.56,0,66.14,2.759,190.6738241,9.137,2010,10,39,1073949.2238000005,-12859.663800000446,October,Regular Week,Actual
32,2010-10-08,1085483.44,0,61.81,2.745,190.7763218,9.137,2010,10,40,1088706.1335999991,-3222.693599999184,October,Regular Week,Actual
32,2010-10-15,1096692.88,0,52.96,2.762,190.8623087,9.137,2010,10,41,1093553.9977999988,3138.8822000010405,October,Regular Week,Actual
32,2010-10-22,1102185.0,0,52.3,2.762,190.9070184,9.137,2010,10,42,1096249.6405999993,5935.359400000656,October,Regular Week,Actual
32,2010-10-29,1115138.51,0,45.45,2.748,190.951728,9.137,2010,10,43,1095063.1224999991,20075.387500000885,October,Regular Week,Actual
32,2010-11-05,1063056.21,0,49.2,2.729,190.9964377,9.137,2010,11,44,1085145.2821999986,-22089.072199998656,November,Regular Week,Actual
32,2010-11-12,1141019.11,0,42.3,2.737,191.0411474,9.137,2010,11,45,1127876.9021999994,13142.207800000673,November,Regular Week,Actual
32,2010-11-19,1150729.89,0,36.24,2.758,191.0312172,9.137,2010,11,46,1138481.9133,12247.9767,November,Regular Week,Actual
32,2010-11-26,1634635.86,1,29.97,2.742,191.0121805,9.137,2010,11,47,1534095.1514000008,100540.70859999931,November,Holiday Week,Actual
32,2010-12-03,1200892.56,0,35.18,2.712,190.9931437,9.137,2010,12,48,1300577.5213000006,-99684.96130000055,December,Regular Week,Actual
32,2010-12-10,1377322.73,0,36.62,2.728,190.9741069,9.137,2010,12,49,1368815.1220000004,8507.607999999542,December,Regular Week,Actual
32,2010-12-17,1557776.1,0,36.07,2.778,191.0303376,9.137,2010,12,50,1391872.9407999997,165903.15920000034,December,Regular Week,Actual
32,2010-12-24,1949183.14,0,30.72,2.781,191.1430189,9.137,2010,12,51,1443964.9960999992,505218.1439000007,December,Regular Week,Actual
32,2010-12-31,955463.84,1,27.7,2.829,191.2557002,9.137,2010,12,52,1216358.994300001,-260895.1543000011,December,Holiday Week,Actual
32,2011-01-07,1046416.17,0,23.78,2.882,191.3683815,8.818,2011,1,1,1050783.2028000008,-4367.032800000743,January,Regular Week,Actual
32,2011-01-14,1028206.51,0,21.69,2.911,191.4784939,8.818,2011,1,2,1044517.5955000008,-16311.085500000743,January,Regular Week,Actual
32,2011-01-21,1078348.91,0,34.54,2.973,191.5731924,8.818,2011,1,3,1061523.4155999983,16825.494400001597,January,Regular Week,Actual
32,2011-01-28,1006814.85,0,34.86,3.008,191.667891,8.818,2011,1,4,1027569.9938999993,-20755.143899999326,January,Regular Week,Actual
32,2011-02-04,1070457.8,0,15.47,3.011,191.7625895,8.818,2011,2,5,1076814.0667999992,-6356.266799999168,February,Regular Week,Actual
32,2011-02-11,1124357.2,1,18.51,3.037,191.8572881,8.818,2011,2,6,1117182.9837000011,7174.216299998807,February,Holiday Week,Actual
32,2011-02-18,1183528.58,0,42.09,3.051,191.9178331,8.818,2011,2,7,1128086.1177999992,55442.46220000088,February,Regular Week,Actual
32,2011-02-25,1054754.67,0,33.0,3.101,191.9647167,8.818,2011,2,8,1075588.7155000006,-20834.045500000706,February,Regular Week,Actual
32,2011-03-04,1106847.62,0,39.17,3.232,192.0116004,8.818,2011,3,9,1095538.8899,11308.730100000044,March,Regular Week,Actual
32,2011-03-11,1101458.21,0,36.51,3.372,192.058484,8.818,2011,3,10,1087460.0971999997,13998.112800000235,March,Regular Week,Actual
32,2011-03-18,1100765.5,0,45.25,3.406,192.1237981,8.818,2011,3,11,1096655.8879,4109.612100000028,March,Regular Week,Actual
32,2011-03-25,1068719.22,0,46.7,3.414,192.1964844,8.818,2011,3,12,1082715.9585999995,-13996.738599999575,March,Regular Week,Actual
32,2011-04-01,1051121.02,0,44.83,3.461,192.2691707,8.595,2011,4,13,1083431.3335999998,-32310.31359999976,April,Regular Week,Actual
32,2011-04-08,1102975.59,0,48.81,3.532,192.3418571,8.595,2011,4,14,1121663.8951000015,-18688.305100001395,April,Regular Week,Actual
32,2011-04-15,1120508.14,0,45.97,3.611,192.4225954,8.595,2011,4,15,1132631.1185000003,-12122.978500000434,April,Regular Week,Actual
32,2011-04-22,1210602.91,0,48.69,3.636,192.5234638,8.595,2011,4,16,1181125.6771999984,29477.23280000151,April,Regular Week,Actual
32,2011-04-29,1107494.55,0,44.86,3.663,192.6243322,8.595,2011,4,17,1125701.1432999982,-18206.593299998203,April,Regular Week,Actual
32,2011-05-06,1181793.55,0,46.65,3.735,192.7252006,8.595,2011,5,18,1171738.3224999988,10055.227500001201,May,Regular Week,Actual
32,2011-05-13,1138162.76,0,56.09,3.767,192.826069,8.595,2011,5,19,1154701.4374000002,-16538.67740000016,May,Regular Week,Actual
32,2011-05-20,1145084.76,0,45.71,3.828,192.831317,8.595,2011,5,20,1152952.9894000008,-7868.229400000768,May,Regular Week,Actual
32,2011-05-27,1175447.49,0,55.13,3.795,192.8365651,8.595,2011,5,21,1167694.1958999988,7753.2941000012215,May,Regular Week,Actual
32,2011-06-03,1167757.0,0,61.25,3.763,192.8418131,8.595,2011,6,22,1166245.3067,1511.6932999999262,June,Regular Week,Actual
32,2011-06-10,1239741.34,0,65.49,3.735,192.8470612,8.595,2011,6,23,1215369.5917000016,24371.748299998464,June,Regular Week,Actual
32,2011-06-17,1192031.38,0,67.38,3.697,192.9034759,8.595,2011,6,24,1199831.2021999995,-7799.822199999588,June,Regular Week,Actual
32,2011-06-24,1163869.52,0,65.06,3.661,192.9982655,8.595,2011,6,25,1176105.8230999992,-12236.303099999204,June,Regular Week,Actual
32,2011-07-01,1199845.29,0,72.86,3.597,193.0930552,8.622,2011,7,26,1149982.4901999994,49862.79980000062,July,Regular Week,Actual
32,2011-07-08,1110244.52,0,72.56,3.54,193.1878448,8.622,2011,7,27,1130487.6349999995,-20243.114999999525,July,Regular Week,Actual
32,2011-07-15,1144254.26,0,70.55,3.532,193.3125484,8.622,2011,7,28,1151275.7998000013,-7021.539800001308,July,Regular Week,Actual
32,2011-07-22,1185674.48,0,76.0,3.545,193.5120367,8.622,2011,7,29,1177778.2372000008,7896.242799999192,July,Regular Week,Actual
32,2011-07-29,1169988.62,0,75.91,3.547,193.711525,8.622,2011,7,30,1175799.438300001,-5810.818300000858,July,Regular Week,Actual
32,2011-08-05,1201694.14,0,74.83,3.554,193.9110133,8.622,2011,8,31,1192634.0427000003,9060.097299999557,August,Regular Week,Actual
32,2011-08-12,1206795.74,0,74.2,3.542,194.1105017,8.622,2011,8,32,1181202.8943000005,25592.84569999948,August,Regular Week,Actual
32,2011-08-19,1221318.17,0,73.72,3.499,194.2500634,8.622,2011,8,33,1204375.868600001,16942.301399998832,August,Regular Week,Actual
32,2011-08-26,1183740.91,0,75.64,3.485,194.3796374,8.622,2011,8,34,1187051.3339999986,-3310.4239999987185,August,Regular Week,Actual
32,2011-09-02,1152117.5,0,74.6,3.511,194.5092113,8.622,2011,9,35,1169301.0572,-17183.557199999923,September,Regular Week,Actual
32,2011-09-09,1128237.3,1,61.24,3.566,194.6387853,8.622,2011,9,36,1135561.910299999,-7324.610299998894,September,Holiday Week,Actual
32,2011-09-16,1142499.25,0,60.88,3.596,194.7419707,8.622,2011,9,37,1136120.4273,6378.822699999902,September,Regular Week,Actual
32,2011-09-23,1116140.29,0,58.66,3.581,194.8099713,8.622,2011,9,38,1122590.5277000016,-6450.2377000015695,September,Regular Week,Actual
32,2011-09-30,1088943.98,0,65.04,3.538,194.8779718,8.622,2011,9,39,1106503.0608000008,-17559.08080000081,September,Regular Week,Actual
32,2011-10-07,1149448.02,0,62.62,3.498,194.9459724,8.513,2011,10,40,1158234.9436000003,-8786.92360000033,October,Regular Week,Actual
32,2011-10-14,1175420.26,0,50.15,3.491,195.0261012,8.513,2011,10,41,1170451.2681000007,4968.991899999324,October,Regular Week,Actual
32,2011-10-21,1151258.74,0,48.87,3.548,195.1789994,8.513,2011,10,42,1164028.5575999983,-12769.817599998321,October,Regular Week,Actual
32,2011-10-28,1185391.96,0,42.76,3.55,195.3318977,8.513,2011,10,43,1180635.536699998,4756.423300002003,October,Regular Week,Actual
32,2011-11-04,1204628.28,0,37.95,3.527,195.4847959,8.513,2011,11,44,1191784.3414000003,12843.938599999761,November,Regular Week,Actual
32,2011-11-11,1182733.0,0,38.1,3.505,195.6376941,8.513,2011,11,45,1184583.3211999997,-1850.3211999996565,November,Regular Week,Actual
32,2011-11-18,1181651.55,0,42.61,3.479,195.7184713,8.513,2011,11,46,1186207.3323999988,-4555.782399998745,November,Regular Week,Actual
32,2011-11-25,1684468.66,1,40.22,3.424,195.7704,8.513,2011,11,47,1531843.4462999988,152625.21370000113,November,Holiday Week,Actual
32,2011-12-02,1179773.88,0,33.8,3.378,195.8223287,8.513,2011,12,48,1303648.8670999985,-123874.98709999863,December,Regular Week,Actual
32,2011-12-09,1415746.91,0,17.94,3.331,195.8742575,8.513,2011,12,49,1462538.0635999974,-46791.15359999752,December,Regular Week,Actual
32,2011-12-16,1556017.91,0,26.23,3.266,195.9841685,8.513,2011,12,50,1521007.2105999975,35010.69940000237,December,Regular Week,Actual
32,2011-12-23,1959526.96,0,25.97,3.173,196.1713893,8.513,2011,12,51,1725226.4765999997,234300.48340000026,December,Regular Week,Actual
32,2011-12-30,1102367.65,1,32.99,3.119,196.3586101,8.513,2011,12,52,1268537.3490000009,-166169.69900000095,December,Holiday Week,Actual
32,2012-01-06,1099937.25,0,36.75,3.095,196.5458309,8.256,2012,1,1,1091682.6424000005,8254.607599999523,January,Regular Week,Actual
32,2012-01-13,1071598.36,0,28.99,3.077,196.7330517,8.256,2012,1,2,1083800.0303,-12201.670299999882,January,Regular Week,Actual
32,2012-01-20,1080012.04,0,36.86,3.055,196.7796652,8.256,2012,1,3,1082955.436900001,-2943.396900000982,January,Regular Week,Actual
32,2012-01-27,1051864.6,0,36.67,3.038,196.8262786,8.256,2012,1,4,1063997.7555999993,-12133.155599999242,January,Regular Week,Actual
32,2012-02-03,1156826.31,0,35.89,3.031,196.8728921,8.256,2012,2,5,1078886.5345999992,77939.77540000086,February,Regular Week,Actual
32,2012-02-10,1129422.86,1,23.34,3.103,196.9195056,8.256,2012,2,6,1131422.1556,-1999.2955999998376,February,Holiday Week,Actual
32,2012-02-17,1243812.59,0,24.26,3.113,196.9432711,8.256,2012,2,7,1113924.2387999995,129888.35120000062,February,Regular Week,Actual
32,2012-02-24,1091822.72,0,33.41,3.129,196.9499007,8.256,2012,2,8,1095344.9808999994,-3522.260899999412,February,Regular Week,Actual
32,2012-03-02,1153332.89,0,33.4,3.191,196.9565303,8.256,2012,3,9,1098465.0031999997,54867.88680000021,March,Regular Week,Actual
32,2012-03-09,1124537.97,0,39.9,3.286,196.9631599,8.256,2012,3,10,1118390.5596999994,6147.410300000571,March,Regular Week,Actual
32,2012-03-16,1138101.18,0,51.51,3.486,197.0457208,8.256,2012,3,11,1141219.272400002,-3118.0924000020605,March,Regular Week,Actual
32,2012-03-23,1146632.46,0,47.64,3.664,197.2295234,8.256,2012,3,12,1153017.4507999986,-6384.990799998632,March,Regular Week,Actual
32,2012-03-30,1108686.87,0,56.09,3.75,197.4133259,8.256,2012,3,13,1145981.5016000008,-37294.63160000066,March,Regular Week,Actual
32,2012-04-06,1270577.01,0,51.49,3.854,197.5971285,8.09,2012,4,14,1221506.8231000009,49070.18689999916,April,Regular Week,Actual
32,2012-04-13,1171834.47,0,52.1,3.901,197.780931,8.09,2012,4,15,1179053.7865999993,-7219.316599999322,April,Regular Week,Actual
32,2012-04-20,1121405.91,0,49.15,3.936,197.7227385,8.09,2012,4,16,1134198.417099998,-12792.507099998184,April,Regular Week,Actual
32,2012-04-27,1126962.44,0,61.76,3.927,197.664546,8.09,2012,4,17,1141508.3879999984,-14545.947999998461,April,Regular Week,Actual
32,2012-05-04,1187384.53,0,58.29,3.903,197.6063534,8.09,2012,5,18,1188639.4803000004,-1254.9503000003751,May,Regular Week,Actual
32,2012-05-11,1187051.07,0,55.4,3.87,197.5481609,8.09,2012,5,19,1188077.3099999975,-1026.2399999974295,May,Regular Week,Actual
32,2012-05-18,1177539.71,0,57.46,3.837,197.5553137,8.09,2012,5,20,1187267.8023999978,-9728.09239999787,May,Regular Week,Actual
32,2012-05-25,1232784.22,0,59.74,3.804,197.5886046,8.09,2012,5,21,1209694.756799999,23089.463200001046,May,Regular Week,Actual
32,2012-06-01,1157557.79,0,62.84,3.764,197.6218954,8.09,2012,6,22,1194664.4060999989,-37106.61609999882,June,Regular Week,Actual
32,2012-06-08,1246322.44,0,71.14,3.741,197.6551863,8.09,2012,6,23,1236784.8297,9537.610300000058,June,Regular Week,Actual
32,2012-06-15,1234759.54,0,70.91,3.723,197.692292,8.09,2012,6,24,1229736.6278000015,5022.912199998507,June,Regular Week,Actual
32,2012-06-22,1196880.11,0,74.85,3.735,197.7389345,8.09,2012,6,25,1198101.4150999996,-1221.305099999532,June,Regular Week,Actual
32,2012-06-29,1178211.81,0,81.95,3.693,197.785577,8.09,2012,6,26,1184827.7475000005,-6615.937500000466,June,Regular Week,Actual
32,2012-07-06,1214183.97,0,78.68,3.646,197.8322195,7.872,2012,7,27,1198838.2930999992,15345.676900000777,July,Regular Week,Actual
32,2012-07-13,1141184.66,0,71.57,3.613,197.8788621,7.872,2012,7,28,1201988.3439,-60803.68390000006,July,Regular Week,Actual
32,2012-07-20,1167829.33,0,77.76,3.585,197.9290378,7.872,2012,7,29,1164730.664299999,3098.6657000011764,July,Regular Week,Actual
32,2012-07-27,1144901.52,0,77.56,3.57,197.9792136,7.872,2012,7,30,1156749.7565999993,-11848.236599999247,July,Regular Week,Actual
32,2012-08-03,1183571.35,0,75.09,3.528,198.0293893,7.872,2012,8,31,1195772.8964000002,-12201.546400000108,August,Regular Week,Actual
32,2012-08-10,1227469.2,0,75.93,3.509,198.0795651,7.872,2012,8,32,1197627.2711999998,29841.92880000011,August,Regular Week,Actual
32,2012-08-17,1261306.37,0,70.75,3.545,198.1001057,7.872,2012,8,33,1250942.0694000016,10364.300599998562,August,Regular Week,Actual
32,2012-08-24,1272809.11,0,70.12,3.558,198.0984199,7.872,2012,8,34,1245955.3587,26853.75130000012,August,Regular Week,Actual
32,2012-08-31,1183979.27,0,76.12,3.556,198.0967341,7.872,2012,8,35,1193023.3268999993,-9044.056899999268,August,Regular Week,Actual
32,2012-09-07,1126685.95,1,72.56,3.596,198.0950484,7.872,2012,9,36,1160162.326200001,-33476.37620000099,September,Holiday Week,Actual
32,2012-09-14,1156377.47,0,64.05,3.659,198.1267184,7.872,2012,9,37,1165111.9216999996,-8734.451699999627,September,Regular Week,Actual
32,2012-09-21,1159119.6,0,63.49,3.765,198.358523,7.872,2012,9,38,1160559.094599999,-1439.4945999989286,September,Regular Week,Actual
32,2012-09-28,1157111.15,0,60.62,3.789,198.5903276,7.872,2012,9,39,1162203.1979000012,-5092.047900001286,September,Regular Week,Actual
32,2012-10-05,1202775.24,0,55.34,3.779,198.8221322,7.557,2012,10,40,1193090.3598999989,9684.880100001115,October,Regular Week,Actual
32,2012-10-12,1176681.31,0,43.49,3.76,199.0539368,7.557,2012,10,41,1183811.5151000011,-7130.205100001069,October,Regular Week,Actual
32,2012-10-19,1199292.06,0,53.57,3.75,199.1481963,7.557,2012,10,42,1197658.5577000014,1633.502299998654,October,Regular Week,Actual
32,2012-10-26,1219979.29,0,47.22,3.686,199.2195317,7.557,2012,10,43,1207860.4904000016,12118.799599998398,October,Regular Week,Actual
33,2010-02-05,274593.43,0,58.4,2.962,126.4420645,10.115,2010,2,5,279669.4782999998,-5076.048299999791,February,Regular Week,Actual
33,2010-02-12,294882.83,1,55.47,2.828,126.4962581,10.115,2010,2,6,289716.61719999975,5166.21280000027,February,Holiday Week,Actual
33,2010-02-19,296850.83,0,62.16,2.915,126.5262857,10.115,2010,2,7,290829.1530999996,6021.676900000428,February,Regular Week,Actual
33,2010-02-26,284052.77,0,56.5,2.825,126.5522857,10.115,2010,2,8,288675.62299999985,-4622.852999999828,February,Regular Week,Actual
33,2010-03-05,291484.89,0,59.17,2.877,126.5782857,10.115,2010,3,9,289446.4118000001,2038.4781999998959,March,Regular Week,Actual
33,2010-03-12,312161.0,0,55.61,3.034,126.6042857,10.115,2010,3,10,276966.4106000001,35194.58939999988,March,Regular Week,Actual
33,2010-03-19,282235.73,0,64.6,3.054,126.6066452,10.115,2010,3,11,279913.6879000002,2322.0420999997878,March,Regular Week,Actual
33,2010-03-26,262893.76,0,64.09,2.98,126.6050645,10.115,2010,3,12,271269.96930000035,-8376.209300000337,March,Regular Week,Actual
33,2010-04-02,274634.52,0,66.79,3.086,126.6034839,9.849,2010,4,13,280938.8614000002,-6304.3414000002085,April,Regular Week,Actual
33,2010-04-09,325201.05,0,68.43,3.004,126.6019032,9.849,2010,4,14,274303.95370000036,50897.096299999626,April,Regular Week,Actual
33,2010-04-16,307779.64,0,72.44,3.109,126.5621,9.849,2010,4,15,300249.0473000003,7530.592699999688,April,Regular Week,Actual
33,2010-04-23,263263.02,0,71.59,3.05,126.4713333,9.849,2010,4,16,278863.3710000001,-15600.351000000082,April,Regular Week,Actual
33,2010-04-30,275883.23,0,73.29,3.105,126.3805667,9.849,2010,4,17,288650.1195000003,-12766.88950000034,April,Regular Week,Actual
33,2010-05-07,326870.13,0,75.4,3.127,126.2898,9.849,2010,5,18,315357.9817000004,11512.148299999593,May,Regular Week,Actual
33,2010-05-14,331173.51,0,76.8,3.145,126.2085484,9.849,2010,5,19,318235.32850000047,12938.18149999954,May,Regular Week,Actual
33,2010-05-21,294264.2,0,82.8,3.12,126.1843871,9.849,2010,5,20,306134.95900000015,-11870.759000000136,May,Regular Week,Actual
33,2010-05-28,279246.33,0,78.47,3.058,126.1602258,9.849,2010,5,21,280018.51589999953,-772.1858999995166,May,Regular Week,Actual
33,2010-06-04,285100.0,0,86.06,2.941,126.1360645,9.849,2010,6,22,271161.2189999997,13938.781000000308,June,Regular Week,Actual
33,2010-06-11,310800.79,0,93.52,3.057,126.1119032,9.849,2010,6,23,270310.7354999997,40490.05450000026,June,Regular Week,Actual
33,2010-06-18,272399.08,0,87.69,2.935,126.114,9.849,2010,6,24,270955.0930999996,1443.9869000004255,June,Regular Week,Actual
33,2010-06-25,259419.91,0,93.66,3.084,126.1266,9.849,2010,6,25,271563.66059999994,-12143.750599999941,June,Regular Week,Actual
33,2010-07-02,267495.76,0,97.66,2.978,126.1392,9.495,2010,7,26,278604.7470999999,-11108.987099999911,July,Regular Week,Actual
33,2010-07-09,302423.93,0,95.88,3.1,126.1518,9.495,2010,7,27,291834.9628999999,10588.967100000067,July,Regular Week,Actual
33,2010-07-16,280937.84,0,100.14,2.971,126.1498065,9.495,2010,7,28,279519.7295999999,1418.1104000001214,July,Regular Week,Actual
33,2010-07-23,252734.31,0,97.04,3.112,126.1283548,9.495,2010,7,29,264005.1072999999,-11270.797299999918,July,Regular Week,Actual
33,2010-07-30,242047.03,0,92.71,3.017,126.1069032,9.495,2010,7,30,247298.2375000001,-5251.207500000106,July,Regular Week,Actual
33,2010-08-06,262789.95,0,92.51,3.123,126.0854516,9.495,2010,8,31,252136.6164000002,10653.333599999809,August,Regular Week,Actual
33,2010-08-13,265367.51,0,95.57,3.049,126.064,9.495,2010,8,32,253491.12480000025,11876.385199999757,August,Regular Week,Actual
33,2010-08-20,230519.49,0,96.46,3.041,126.0766452,9.495,2010,8,33,251410.18730000022,-20890.697300000233,August,Regular Week,Actual
33,2010-08-27,224031.19,0,94.0,3.022,126.0892903,9.495,2010,8,34,237014.84200000018,-12983.652000000176,August,Regular Week,Actual
33,2010-09-03,237405.82,0,90.82,3.087,126.1019355,9.495,2010,9,35,241493.07000000018,-4087.2500000001746,September,Regular Week,Actual
33,2010-09-10,272834.88,1,91.77,2.961,126.1145806,9.495,2010,9,36,258950.55980000002,13884.320199999987,September,Holiday Week,Actual
33,2010-09-17,246277.18,0,89.43,3.028,126.1454667,9.495,2010,9,37,250478.32819999996,-4201.148199999967,September,Regular Week,Actual
33,2010-09-24,231976.84,0,91.18,2.939,126.1900333,9.495,2010,9,38,249207.00719999985,-17230.16719999985,September,Regular Week,Actual
33,2010-10-01,224294.39,0,91.45,3.001,126.2346,9.265,2010,10,39,249587.53960000034,-25293.149600000324,October,Regular Week,Actual
33,2010-10-08,266484.19,0,79.02,2.924,126.2791667,9.265,2010,10,40,260370.61640000046,6113.573599999538,October,Regular Week,Actual
33,2010-10-15,251732.92,0,80.49,3.08,126.3266774,9.265,2010,10,41,253408.20760000055,-1675.2876000005344,October,Regular Week,Actual
33,2010-10-22,234175.92,0,74.2,3.014,126.3815484,9.265,2010,10,42,243063.4263000005,-8887.506300000474,October,Regular Week,Actual
33,2010-10-29,213538.32,0,71.34,3.13,126.4364194,9.265,2010,10,43,251491.31230000043,-37952.99230000042,October,Regular Week,Actual
33,2010-11-05,246124.61,0,74.23,3.009,126.4912903,9.265,2010,11,44,246422.18720000048,-297.5772000004945,November,Regular Week,Actual
33,2010-11-12,272803.94,0,65.21,3.13,126.5461613,9.265,2010,11,45,261459.9032000004,11344.036799999594,November,Regular Week,Actual
33,2010-11-19,224639.76,0,61.95,3.047,126.6072,9.265,2010,11,46,246549.84290000034,-21910.08290000033,November,Regular Week,Actual
33,2010-11-26,240044.57,1,56.87,3.162,126.6692667,9.265,2010,11,47,253209.55240000016,-13164.982400000154,November,Holiday Week,Actual
33,2010-12-03,209986.25,0,52.82,3.041,126.7313333,9.265,2010,12,48,224030.12860000003,-14043.878600000025,December,Regular Week,Actual
33,2010-12-10,253050.1,0,60.72,3.091,126.7934,9.265,2010,12,49,251064.27540000036,1985.8245999996434,December,Regular Week,Actual
33,2010-12-17,238875.26,0,61.12,3.125,126.8794839,9.265,2010,12,50,244637.6567000004,-5762.39670000039,December,Regular Week,Actual
33,2010-12-24,249246.8,0,60.43,3.236,126.9835806,9.265,2010,12,51,247873.98630000037,1372.8136999996204,December,Regular Week,Actual
33,2010-12-31,219804.85,1,52.91,3.148,127.0876774,9.265,2010,12,52,228457.60040000023,-8652.750400000223,December,Holiday Week,Actual
33,2011-01-07,243948.82,0,46.25,3.287,127.1917742,8.951,2011,1,1,243034.4770000002,914.3429999998189,January,Regular Week,Actual
33,2011-01-14,259527.75,0,53.63,3.312,127.3009355,8.951,2011,1,2,252934.91470000005,6592.835299999948,January,Regular Week,Actual
33,2011-01-21,244856.44,0,59.46,3.336,127.4404839,8.951,2011,1,3,251150.05250000005,-6293.612500000047,January,Regular Week,Actual
33,2011-01-28,231155.9,0,56.62,3.231,127.5800323,8.951,2011,1,4,239857.0056999999,-8701.105699999898,January,Regular Week,Actual
33,2011-02-04,234218.03,0,49.26,3.348,127.7195806,8.951,2011,2,5,238428.54190000013,-4210.511900000129,February,Regular Week,Actual
33,2011-02-11,276198.74,1,53.35,3.381,127.859129,8.951,2011,2,6,253620.0546000002,22578.685399999784,February,Holiday Week,Actual
33,2011-02-18,252349.6,0,62.03,3.43,127.99525,8.951,2011,2,7,248866.14200000034,3483.457999999664,February,Regular Week,Actual
33,2011-02-25,242901.21,0,54.89,3.398,128.13,8.951,2011,2,8,244427.32070000048,-1526.110700000485,February,Regular Week,Actual
33,2011-03-04,245435.8,0,59.51,3.674,128.26475,8.951,2011,3,9,247209.08790000033,-1773.287900000345,March,Regular Week,Actual
33,2011-03-11,270921.44,0,66.51,3.63,128.3995,8.951,2011,3,10,262137.39390000037,8784.046099999628,March,Regular Week,Actual
33,2011-03-18,247234.47,0,72.72,3.892,128.5121935,8.951,2011,3,11,249648.1684999999,-2413.6984999999113,March,Regular Week,Actual
33,2011-03-25,238084.08,0,63.34,3.716,128.6160645,8.951,2011,3,12,242260.5058999998,-4176.425899999798,March,Regular Week,Actual
33,2011-04-01,232769.09,0,71.41,3.772,128.7199355,8.687,2011,4,13,243292.7602,-10523.670199999993,April,Regular Week,Actual
33,2011-04-08,271924.73,0,75.11,3.818,128.8238065,8.687,2011,4,14,258711.3386000002,13213.39139999979,April,Regular Week,Actual
33,2011-04-15,275749.56,0,64.64,4.089,128.9107333,8.687,2011,4,15,265402.97739999974,10346.582600000256,April,Regular Week,Actual
33,2011-04-22,248603.3,0,79.46,3.917,128.9553,8.687,2011,4,16,248290.82200000033,312.47799999965355,April,Regular Week,Actual
33,2011-04-29,248561.86,0,77.44,4.151,128.9998667,8.687,2011,4,17,253275.64139999973,-4713.781399999745,April,Regular Week,Actual
33,2011-05-06,257031.19,0,77.92,4.193,129.0444333,8.687,2011,5,18,259831.12000000034,-2799.9300000003423,May,Regular Week,Actual
33,2011-05-13,279466.87,0,78.24,4.202,129.089,8.687,2011,5,19,271232.96940000023,8233.90059999976,May,Regular Week,Actual
33,2011-05-20,239206.26,0,76.07,3.99,129.0756774,8.687,2011,5,20,247939.41890000022,-8733.158900000213,May,Regular Week,Actual
33,2011-05-27,239431.85,0,82.32,3.933,129.0623548,8.687,2011,5,21,242727.72780000023,-3295.8778000002203,May,Regular Week,Actual
33,2011-06-03,243477.03,0,82.93,3.893,129.0490323,8.687,2011,6,22,244283.84050000028,-806.8105000002834,June,Regular Week,Actual
33,2011-06-10,258427.39,0,87.02,3.981,129.0357097,8.687,2011,6,23,253660.17130000037,4767.218699999648,June,Regular Week,Actual
33,2011-06-17,238172.66,0,91.11,3.935,129.0432,8.687,2011,6,24,240149.54350000017,-1976.883500000171,June,Regular Week,Actual
33,2011-06-24,238433.53,0,94.11,3.807,129.0663,8.687,2011,6,25,242595.58510000014,-4162.055100000143,June,Regular Week,Actual
33,2011-07-01,226702.36,0,98.43,3.842,129.0894,8.442,2011,7,26,249316.74240000022,-22614.382400000235,July,Regular Week,Actual
33,2011-07-08,262717.71,0,96.44,3.793,129.1125,8.442,2011,7,27,258327.23940000043,4390.470599999593,July,Regular Week,Actual
33,2011-07-15,265003.47,0,92.83,3.779,129.1338387,8.442,2011,7,28,258853.54729999998,6149.9226999999955,July,Regular Week,Actual
33,2011-07-22,238915.05,0,97.17,3.697,129.1507742,8.442,2011,7,29,244768.04510000028,-5852.995100000291,July,Regular Week,Actual
33,2011-07-29,224806.96,0,95.28,3.694,129.1677097,8.442,2011,7,30,234313.8403000004,-9506.880300000397,July,Regular Week,Actual
33,2011-08-05,242456.39,0,96.93,3.803,129.1846452,8.442,2011,8,31,242764.6802000002,-308.29020000019227,August,Regular Week,Actual
33,2011-08-12,274721.85,0,96.0,3.794,129.2015806,8.442,2011,8,32,246524.47680000038,28197.373199999594,August,Regular Week,Actual
33,2011-08-19,242771.37,0,95.89,3.743,129.2405806,8.442,2011,8,33,244945.71490000014,-2174.344900000142,August,Regular Week,Actual
33,2011-08-26,237095.82,0,99.66,3.663,129.2832581,8.442,2011,8,34,242520.0258000002,-5424.2058000002,August,Regular Week,Actual
33,2011-09-02,239198.36,0,99.2,3.798,129.3259355,8.442,2011,9,35,244232.3820999999,-5034.022099999915,September,Regular Week,Actual
33,2011-09-09,281842.28,1,96.22,3.771,129.3686129,8.442,2011,9,36,271370.2847000002,10471.995299999835,September,Holiday Week,Actual
33,2011-09-16,262407.57,0,85.79,3.784,129.4306,8.442,2011,9,37,257478.48920000021,4929.080799999792,September,Regular Week,Actual
33,2011-09-23,234793.12,0,88.93,3.789,129.5183333,8.442,2011,9,38,241382.77300000004,-6589.653000000049,September,Regular Week,Actual
33,2011-09-30,229731.98,0,89.1,3.877,129.6060667,8.442,2011,9,39,231951.1178000002,-2219.1378000002005,September,Regular Week,Actual
33,2011-10-07,262159.13,0,81.16,3.827,129.6938,8.01,2011,10,40,251668.40959999987,10490.720400000137,October,Regular Week,Actual
33,2011-10-14,272487.33,0,76.49,3.698,129.7706452,8.01,2011,10,41,264443.7601999997,8043.5698000002885,October,Regular Week,Actual
33,2011-10-21,233543.08,0,81.74,3.842,129.7821613,8.01,2011,10,42,236422.61509999982,-2879.5350999998336,October,Regular Week,Actual
33,2011-10-28,231319.96,0,76.73,3.843,129.7936774,8.01,2011,10,43,235402.13160000026,-4082.1716000002634,October,Regular Week,Actual
33,2011-11-04,236157.12,0,71.91,3.828,129.8051935,8.01,2011,11,44,241750.474,-5593.353999999992,November,Regular Week,Actual
33,2011-11-11,271961.04,0,58.75,3.677,129.8167097,8.01,2011,11,45,263630.3806999996,8330.659300000407,November,Regular Week,Actual
33,2011-11-18,251294.5,0,63.35,3.669,129.8268333,8.01,2011,11,46,255888.21989999982,-4593.719899999822,November,Regular Week,Actual
33,2011-11-25,255996.47,1,62.35,3.76,129.8364,8.01,2011,11,47,259516.64889999985,-3520.1788999998535,November,Holiday Week,Actual
33,2011-12-02,220060.35,0,59.12,3.701,129.8459667,8.01,2011,12,48,260499.43259999985,-40439.08259999985,December,Regular Week,Actual
33,2011-12-09,270373.05,0,47.7,3.644,129.8555333,8.01,2011,12,49,263285.0136000004,7088.036399999575,December,Regular Week,Actual
33,2011-12-16,259638.35,0,53.18,3.489,129.8980645,8.01,2011,12,50,258861.85580000037,776.4941999996372,December,Regular Week,Actual
33,2011-12-23,256235.19,0,53.39,3.541,129.9845484,8.01,2011,12,51,255867.5696000003,367.6203999996942,December,Regular Week,Actual
33,2011-12-30,215359.21,1,51.6,3.428,130.0710323,8.01,2011,12,52,233840.6872000004,-18481.4772000004,December,Holiday Week,Actual
33,2012-01-06,267058.08,0,60.92,3.443,130.1575161,7.603,2012,1,1,266461.17519999953,596.9048000004841,January,Regular Week,Actual
33,2012-01-13,279447.22,0,54.61,3.477,130.244,7.603,2012,1,2,269847.81439999974,9599.405600000231,January,Regular Week,Actual
33,2012-01-20,244899.2,0,55.99,3.66,130.2792258,7.603,2012,1,3,251607.2997999996,-6708.099799999589,January,Regular Week,Actual
33,2012-01-27,236920.49,0,56.33,3.675,130.3144516,7.603,2012,1,4,243762.19559999966,-6841.705599999666,January,Regular Week,Actual
33,2012-02-03,256091.32,0,59.53,3.543,130.3496774,7.603,2012,2,5,254789.72,1301.6000000000058,February,Regular Week,Actual
33,2012-02-10,282552.58,1,59.94,3.722,130.3849032,7.603,2012,2,6,273428.36519999965,9124.214800000365,February,Holiday Week,Actual
33,2012-02-17,266300.98,0,57.8,3.781,130.4546207,7.603,2012,2,7,262148.32570000016,4152.65429999982,February,Regular Week,Actual
33,2012-02-24,242526.7,0,59.41,3.95,130.5502069,7.603,2012,2,8,249563.52749999976,-7036.827499999752,February,Regular Week,Actual
33,2012-03-02,248051.53,0,60.91,3.882,130.6457931,7.603,2012,3,9,254363.4035000001,-6311.873500000103,March,Regular Week,Actual
33,2012-03-09,287346.29,0,62.2,3.963,130.7413793,7.603,2012,3,10,274439.57269999967,12906.71730000031,March,Regular Week,Actual
33,2012-03-16,278067.73,0,65.99,4.273,130.8261935,7.603,2012,3,11,276470.5402000003,1597.1897999997018,March,Regular Week,Actual
33,2012-03-23,246970.97,0,60.82,4.288,130.8966452,7.603,2012,3,12,272497.26370000024,-25526.293700000242,March,Regular Week,Actual
33,2012-03-30,251327.67,0,71.34,4.294,130.9670968,7.603,2012,3,13,258706.22900000037,-7378.559000000358,March,Regular Week,Actual
33,2012-04-06,275911.97,0,70.75,4.282,131.0375484,7.396,2012,4,14,275504.4715999999,407.4984000000986,April,Regular Week,Actual
33,2012-04-13,312698.67,0,73.17,4.254,131.108,7.396,2012,4,15,292464.30540000036,20234.364599999622,April,Regular Week,Actual
33,2012-04-20,261837.2,0,72.94,4.111,131.1173333,7.396,2012,4,16,273915.88069999986,-12078.680699999852,April,Regular Week,Actual
33,2012-04-27,249798.75,0,83.07,4.088,131.1266667,7.396,2012,4,17,273999.32070000016,-24200.570700000157,April,Regular Week,Actual
33,2012-05-04,270497.51,0,82.43,4.058,131.136,7.396,2012,5,18,272603.25280000037,-2105.7428000003565,May,Regular Week,Actual
33,2012-05-11,295841.84,0,81.02,4.186,131.1453333,7.396,2012,5,19,296983.69169999997,-1141.851699999941,May,Regular Week,Actual
33,2012-05-18,276899.95,0,89.81,4.308,131.0983226,7.396,2012,5,20,277416.30189999973,-516.3518999997177,May,Regular Week,Actual
33,2012-05-25,261851.74,0,88.89,4.127,131.0287742,7.396,2012,5,21,266895.3314999996,-5043.591499999631,May,Regular Week,Actual
33,2012-06-01,261131.09,0,83.57,4.277,130.9592258,7.396,2012,6,22,273735.1237,-12604.0337,June,Regular Week,Actual
33,2012-06-08,286082.76,0,90.94,4.103,130.8896774,7.396,2012,6,23,280736.6506000003,5346.109399999725,June,Regular Week,Actual
33,2012-06-15,290444.31,0,92.44,4.144,130.8295333,7.396,2012,6,24,285003.6308999998,5440.679100000183,June,Regular Week,Actual
33,2012-06-22,261666.29,0,95.75,4.014,130.7929,7.396,2012,6,25,267212.67349999974,-5546.383499999734,June,Regular Week,Actual
33,2012-06-29,244338.31,0,98.15,3.875,130.7562667,7.396,2012,6,26,269245.3450000001,-24907.03500000009,June,Regular Week,Actual
33,2012-07-06,273690.37,0,93.21,3.666,130.7196333,7.147,2012,7,27,264441.4474000001,9248.922599999874,July,Regular Week,Actual
33,2012-07-13,287033.64,0,97.6,3.723,130.683,7.147,2012,7,28,274716.8203000003,12316.819699999702,July,Regular Week,Actual
33,2012-07-20,253205.89,0,91.49,3.589,130.7012903,7.147,2012,7,29,258369.21540000028,-5163.3254000002635,July,Regular Week,Actual
33,2012-07-27,249134.32,0,93.95,3.769,130.7195806,7.147,2012,7,30,256402.1744000002,-7267.854400000186,July,Regular Week,Actual
33,2012-08-03,258533.12,0,92.13,3.595,130.737871,7.147,2012,8,31,258655.2566000003,-122.13660000031814,August,Regular Week,Actual
33,2012-08-10,297753.49,0,100.07,3.811,130.7561613,7.147,2012,8,32,267429.5354000002,30323.954599999764,August,Regular Week,Actual
33,2012-08-17,270097.76,0,96.79,4.002,130.7909677,7.147,2012,8,33,267463.7471000004,2634.012899999623,August,Regular Week,Actual
33,2012-08-24,247672.56,0,89.62,4.055,130.8381613,7.147,2012,8,34,258317.36209999985,-10644.802099999855,August,Regular Week,Actual
33,2012-08-31,237129.81,0,94.55,3.886,130.8853548,7.147,2012,8,35,257565.45120000019,-20435.641200000187,August,Regular Week,Actual
33,2012-09-07,286428.78,1,92.02,4.124,130.9325484,7.147,2012,9,36,278803.7281000001,7625.051899999904,September,Holiday Week,Actual
33,2012-09-14,277417.53,0,83.4,3.966,130.9776667,7.147,2012,9,37,264560.66700000013,12856.862999999896,September,Regular Week,Actual
33,2012-09-21,252709.58,0,86.53,4.125,131.0103333,7.147,2012,9,38,256074.16069999945,-3364.5806999994675,September,Regular Week,Actual
33,2012-09-28,242813.51,0,86.42,3.966,131.043,7.147,2012,9,39,249253.65540000028,-6440.1454000002705,September,Regular Week,Actual
33,2012-10-05,265444.9,0,85.18,4.132,131.0756667,6.895,2012,10,40,263968.2822999997,1476.6177000003518,October,Regular Week,Actual
33,2012-10-12,291781.15,0,79.64,4.468,131.1083333,6.895,2012,10,41,280350.92409999965,11430.225900000369,October,Regular Week,Actual
33,2012-10-19,254412.34,0,75.55,4.449,131.1499677,6.895,2012,10,42,270301.1393999998,-15888.799399999814,October,Regular Week,Actual
33,2012-10-26,253731.13,0,73.7,4.301,131.1930968,6.895,2012,10,43,265717.0551999998,-11985.925199999823,October,Regular Week,Actual
34,2010-02-05,956228.96,0,35.44,2.598,126.4420645,9.521,2010,2,5,953569.7912999989,2659.168700001086,February,Regular Week,Actual
34,2010-02-12,994610.99,1,36.13,2.573,126.4962581,9.521,2010,2,6,987041.0479999988,7569.942000001203,February,Holiday Week,Actual
34,2010-02-19,983963.07,0,38.36,2.54,126.5262857,9.521,2010,2,7,973722.3736999986,10240.69630000135,February,Regular Week,Actual
34,2010-02-26,905756.13,0,37.28,2.59,126.5522857,9.521,2010,2,8,962708.3046999988,-56952.17469999881,February,Regular Week,Actual
34,2010-03-05,918295.79,0,42.65,2.654,126.5782857,9.521,2010,3,9,925521.2698000005,-7225.4798000004375,March,Regular Week,Actual
34,2010-03-12,921247.88,0,42.26,2.704,126.6042857,9.521,2010,3,10,923818.5094999997,-2570.62949999969,March,Regular Week,Actual
34,2010-03-19,892070.82,0,45.86,2.743,126.6066452,9.521,2010,3,11,921962.2413999996,-29891.421399999643,March,Regular Week,Actual
34,2010-03-26,880742.35,0,42.91,2.752,126.6050645,9.521,2010,3,12,899052.2296999996,-18309.879699999583,March,Regular Week,Actual
34,2010-04-02,979428.66,0,50.07,2.74,126.6034839,9.593,2010,4,13,922208.6211000005,57220.03889999958,April,Regular Week,Actual
34,2010-04-09,950684.2,0,51.26,2.773,126.6019032,9.593,2010,4,14,930138.6778000008,20545.52219999919,April,Regular Week,Actual
34,2010-04-16,923344.54,0,59.18,2.81,126.5621,9.593,2010,4,15,924171.9197000008,-827.3797000007471,April,Regular Week,Actual
34,2010-04-23,910240.68,0,55.04,2.805,126.4713333,9.593,2010,4,16,903657.6865000001,6582.993499999982,April,Regular Week,Actual
34,2010-04-30,859922.19,0,56.58,2.787,126.3805667,9.593,2010,4,17,889912.8166999996,-29990.626699999673,April,Regular Week,Actual
34,2010-05-07,953495.48,0,57.39,2.836,126.2898,9.593,2010,5,18,908821.2778999993,44674.20210000069,May,Regular Week,Actual
34,2010-05-14,933924.44,0,60.74,2.845,126.2085484,9.593,2010,5,19,929529.1044999991,4395.33550000086,May,Regular Week,Actual
34,2010-05-21,913616.32,0,63.99,2.82,126.1843871,9.593,2010,5,20,931908.3894999995,-18292.069499999518,May,Regular Week,Actual
34,2010-05-28,942868.38,0,68.68,2.756,126.1602258,9.593,2010,5,21,936592.1089999995,6276.271000000532,May,Regular Week,Actual
34,2010-06-04,966187.51,0,72.17,2.701,126.1360645,9.593,2010,6,22,950012.7556000006,16174.754399999394,June,Regular Week,Actual
34,2010-06-11,954681.56,0,80.84,2.668,126.1119032,9.593,2010,6,23,945761.8573000005,8919.702699999558,June,Regular Week,Actual
34,2010-06-18,941612.04,0,73.48,2.635,126.114,9.593,2010,6,24,922388.0583999999,19223.981600000174,June,Regular Week,Actual
34,2010-06-25,895800.07,0,78.47,2.654,126.1266,9.593,2010,6,25,912320.3188999991,-16520.24889999919,June,Regular Week,Actual
34,2010-07-02,919229.36,0,73.66,2.668,126.1392,9.816,2010,7,26,922998.3149999998,-3768.9549999998417,July,Regular Week,Actual
34,2010-07-09,911210.81,0,75.0,2.637,126.1518,9.816,2010,7,27,912052.505200001,-841.6952000008896,July,Regular Week,Actual
34,2010-07-16,930269.79,0,78.53,2.621,126.1498065,9.816,2010,7,28,920357.627400001,9912.162599998992,July,Regular Week,Actual
34,2010-07-23,902050.95,0,79.58,2.612,126.1283548,9.816,2010,7,29,906023.0280000007,-3972.0780000007944,July,Regular Week,Actual
34,2010-07-30,875976.83,0,72.26,2.65,126.1069032,9.816,2010,7,30,903098.5888999993,-27121.758899999317,July,Regular Week,Actual
34,2010-08-06,987435.35,0,73.8,2.64,126.0854516,9.816,2010,8,31,948827.2193999991,38608.13060000085,August,Regular Week,Actual
34,2010-08-13,951208.65,0,76.72,2.698,126.064,9.816,2010,8,32,960312.9352,-9104.285199999926,August,Regular Week,Actual
34,2010-08-20,985152.94,0,76.45,2.671,126.0766452,9.816,2010,8,33,973134.3085999993,12018.631400000653,August,Regular Week,Actual
34,2010-08-27,855421.39,0,72.87,2.621,126.0892903,9.816,2010,8,34,903478.4095999999,-48057.01959999988,August,Regular Week,Actual
34,2010-09-03,964356.74,0,72.59,2.584,126.1019355,9.816,2010,9,35,940394.534499999,23962.20550000097,September,Regular Week,Actual
34,2010-09-10,932240.96,1,72.61,2.574,126.1145806,9.816,2010,9,36,939921.5681999987,-7680.608199998736,September,Holiday Week,Actual
34,2010-09-17,885445.47,0,70.71,2.594,126.1454667,9.816,2010,9,37,913942.0771999989,-28496.60719999892,September,Regular Week,Actual
34,2010-09-24,867539.07,0,69.78,2.642,126.1900333,9.816,2010,9,38,883010.061599999,-15470.991599999019,September,Regular Week,Actual
34,2010-10-01,865709.11,0,70.13,2.619,126.2346,10.21,2010,10,39,876006.9452999997,-10297.835299999686,October,Regular Week,Actual
34,2010-10-08,931710.67,0,65.21,2.645,126.2791667,10.21,2010,10,40,915082.4371000006,16628.23289999948,October,Regular Week,Actual
34,2010-10-15,888703.62,0,59.57,2.732,126.3266774,10.21,2010,10,41,901324.9113000003,-12621.291300000274,October,Regular Week,Actual
34,2010-10-22,936293.6,0,58.11,2.736,126.3815484,10.21,2010,10,42,927470.5492999996,8823.05070000037,October,Regular Week,Actual
34,2010-10-29,926294.02,0,50.78,2.718,126.4364194,10.21,2010,10,43,933975.5675000005,-7681.547500000452,October,Regular Week,Actual
34,2010-11-05,972292.31,0,52.43,2.699,126.4912903,10.21,2010,11,44,963951.0274000013,8341.282599998754,November,Regular Week,Actual
34,2010-11-12,979730.78,0,47.2,2.741,126.5461613,10.21,2010,11,45,968836.6424000007,10894.137599999318,November,Regular Week,Actual
34,2010-11-19,955766.33,0,40.93,2.78,126.6072,10.21,2010,11,46,971614.7759999991,-15848.445999999181,November,Regular Week,Actual
34,2010-11-26,1309476.68,1,41.13,2.752,126.6692667,10.21,2010,11,47,1213916.780800002,95559.899199998,November,Holiday Week,Actual
34,2010-12-03,1001512.21,0,34.7,2.727,126.7313333,10.21,2010,12,48,1044390.209699999,-42877.999699998996,December,Regular Week,Actual
34,2010-12-10,1086661.02,0,41.93,2.86,126.7934,10.21,2010,12,49,1143995.2290999992,-57334.20909999916,December,Regular Week,Actual
34,2010-12-17,1227148.13,0,42.64,2.884,126.8794839,10.21,2010,12,50,1275064.540399999,-47916.410399999004,December,Regular Week,Actual
34,2010-12-24,1620748.25,0,42.74,2.887,126.9835806,10.21,2010,12,51,1440172.3058999993,180575.94410000066,December,Regular Week,Actual
34,2010-12-31,902109.69,1,34.11,2.955,127.0876774,10.21,2010,12,52,1142406.530299999,-240296.8402999991,December,Holiday Week,Actual
34,2011-01-07,900646.94,0,24.5,2.98,127.1917742,10.398,2011,1,1,913297.7889999988,-12650.848999998881,January,Regular Week,Actual
34,2011-01-14,898610.33,0,30.75,2.992,127.3009355,10.398,2011,1,2,902859.5006999989,-4249.170699998969,January,Regular Week,Actual
34,2011-01-21,891025.39,0,39.57,3.017,127.4404839,10.398,2011,1,3,896580.6499000002,-5555.259900000179,January,Regular Week,Actual
34,2011-01-28,836717.75,0,34.68,3.022,127.5800323,10.398,2011,1,4,865083.3863999998,-28365.636399999843,January,Regular Week,Actual
34,2011-02-04,971932.87,0,23.82,2.996,127.7195806,10.398,2011,2,5,959037.4023000003,12895.467699999688,February,Regular Week,Actual
34,2011-02-11,1015654.6,1,28.66,3.033,127.859129,10.398,2011,2,6,993203.4621999993,22451.137800000724,February,Holiday Week,Actual
34,2011-02-18,1062629.3,0,45.12,3.058,127.99525,10.398,2011,2,7,946764.2616000011,115865.03839999891,February,Regular Week,Actual
34,2011-02-25,953331.45,0,44.57,3.087,128.13,10.398,2011,2,8,945912.049000001,7419.400999998907,February,Regular Week,Actual
34,2011-03-04,963910.81,0,46.21,3.305,128.26475,10.398,2011,3,9,944988.5842000007,18922.225799999316,March,Regular Week,Actual
34,2011-03-11,943951.67,0,45.87,3.461,128.3995,10.398,2011,3,10,950491.9608000002,-6540.290800000192,March,Regular Week,Actual
34,2011-03-18,1014218.8,0,55.58,3.495,128.5121935,10.398,2011,3,11,974938.9053999988,39279.89460000128,March,Regular Week,Actual
34,2011-03-25,922898.38,0,53.11,3.48,128.6160645,10.398,2011,3,12,931409.7410999995,-8511.361099999514,March,Regular Week,Actual
34,2011-04-01,884233.67,0,55.46,3.521,128.7199355,10.581,2011,4,13,903176.5632000006,-18942.893200000515,April,Regular Week,Actual
34,2011-04-08,975479.83,0,58.59,3.605,128.8238065,10.581,2011,4,14,953366.4685999992,22113.36140000075,April,Regular Week,Actual
34,2011-04-15,941829.0,0,53.3,3.724,128.9107333,10.581,2011,4,15,933497.1552999994,8331.844700000598,April,Regular Week,Actual
34,2011-04-22,1051518.45,0,63.83,3.781,128.9553,10.581,2011,4,16,935767.3261999995,115751.12380000041,April,Regular Week,Actual
34,2011-04-29,895973.02,0,57.73,3.781,128.9998667,10.581,2011,4,17,919807.5367999997,-23834.516799999634,April,Regular Week,Actual
34,2011-05-06,965853.58,0,54.4,3.866,129.0444333,10.581,2011,5,18,950382.357199999,15471.22280000092,May,Regular Week,Actual
34,2011-05-13,966232.69,0,63.05,3.872,129.089,10.581,2011,5,19,954051.674899999,12181.015100000892,May,Regular Week,Actual
34,2011-05-20,945018.83,0,61.47,3.881,129.0756774,10.581,2011,5,20,953750.319599999,-8731.48959999904,May,Regular Week,Actual
34,2011-05-27,941311.83,0,65.99,3.771,129.0623548,10.581,2011,5,21,942170.5612999988,-858.7312999988208,May,Regular Week,Actual
34,2011-06-03,947229.24,0,74.64,3.683,129.0490323,10.581,2011,6,22,946269.6745999992,959.565400000778,June,Regular Week,Actual
34,2011-06-10,943912.77,0,74.57,3.64,129.0357097,10.581,2011,6,23,944931.0873999998,-1018.3173999998253,June,Regular Week,Actual
34,2011-06-17,968258.09,0,76.58,3.618,129.0432,10.581,2011,6,24,945490.2009999998,22767.8890000002,June,Regular Week,Actual
34,2011-06-24,923795.04,0,77.16,3.57,129.0663,10.581,2011,6,25,931725.5824000009,-7930.54240000085,June,Regular Week,Actual
34,2011-07-01,911106.22,0,81.96,3.504,129.0894,10.641,2011,7,26,916131.246499999,-5025.026499998989,July,Regular Week,Actual
34,2011-07-08,926934.57,0,80.84,3.469,129.1125,10.641,2011,7,27,922523.1381999988,4411.4318000011845,July,Regular Week,Actual
34,2011-07-15,903882.96,0,78.09,3.563,129.1338387,10.641,2011,7,28,912737.4677000003,-8854.507700000308,July,Regular Week,Actual
34,2011-07-22,913236.62,0,80.75,3.627,129.1507742,10.641,2011,7,29,915790.1779000005,-2553.55790000048,July,Regular Week,Actual
34,2011-07-29,851461.9,0,78.04,3.659,129.1677097,10.641,2011,7,30,885969.1685000004,-34507.268500000355,July,Regular Week,Actual
34,2011-08-05,942236.45,0,76.71,3.662,129.1846452,10.641,2011,8,31,928384.3146000013,13852.135399998631,August,Regular Week,Actual
34,2011-08-12,956251.18,0,80.23,3.617,129.2015806,10.641,2011,8,32,937146.1479000016,19105.03209999844,August,Regular Week,Actual
34,2011-08-19,960418.54,0,77.08,3.55,129.2405806,10.641,2011,8,33,944823.4376000012,15595.10239999881,August,Regular Week,Actual
34,2011-08-26,871404.6,0,77.27,3.523,129.2832581,10.641,2011,8,34,900887.8191999996,-29483.219199999585,August,Regular Week,Actual
34,2011-09-02,926455.64,0,78.24,3.533,129.3259355,10.641,2011,9,35,900463.7944999997,25991.845500000287,September,Regular Week,Actual
34,2011-09-09,930506.14,1,70.05,3.554,129.3686129,10.641,2011,9,36,928697.1972000003,1808.9427999997279,September,Holiday Week,Actual
34,2011-09-16,927249.61,0,64.94,3.532,129.4306,10.641,2011,9,37,914872.7527000003,12376.857299999683,September,Regular Week,Actual
34,2011-09-23,902852.73,0,66.23,3.473,129.5183333,10.641,2011,9,38,904024.5098999998,-1171.7798999998486,September,Regular Week,Actual
34,2011-09-30,871847.85,0,69.44,3.371,129.6060667,10.641,2011,9,39,886888.5024,-15040.65240000002,September,Regular Week,Actual
34,2011-10-07,954069.45,0,60.42,3.299,129.6938,10.148,2011,10,40,942009.9299000013,12059.520099998685,October,Regular Week,Actual
34,2011-10-14,911788.79,0,54.72,3.283,129.7706452,10.148,2011,10,41,923530.7639000012,-11741.973900001147,October,Regular Week,Actual
34,2011-10-21,953693.23,0,58.93,3.361,129.7821613,10.148,2011,10,42,950348.0191000004,3345.210899999598,October,Regular Week,Actual
34,2011-10-28,958063.87,0,54.56,3.362,129.7936774,10.148,2011,10,43,955645.3787000005,2418.4912999995286,October,Regular Week,Actual
34,2011-11-04,992621.93,0,48.04,3.322,129.8051935,10.148,2011,11,44,978487.9311000014,14133.998899998609,November,Regular Week,Actual
34,2011-11-11,991570.02,0,41.04,3.286,129.8167097,10.148,2011,11,45,958019.0144999999,33551.00550000009,November,Regular Week,Actual
34,2011-11-18,947552.44,0,46.0,3.294,129.8268333,10.148,2011,11,46,975828.7375999993,-28276.29759999935,November,Regular Week,Actual
34,2011-11-25,1345595.82,1,45.99,3.225,129.8364,10.148,2011,11,47,1298436.8676999975,47158.952300002566,November,Holiday Week,Actual
34,2011-12-02,988742.08,0,39.75,3.176,129.8459667,10.148,2011,12,48,1042410.7046999985,-53668.62469999853,December,Regular Week,Actual
34,2011-12-09,1084243.91,0,24.69,3.153,129.8555333,10.148,2011,12,49,1081205.5484999982,3038.3615000017453,December,Regular Week,Actual
34,2011-12-16,1151052.86,0,32.31,3.149,129.8980645,10.148,2011,12,50,1120337.7056999991,30715.154300000984,December,Regular Week,Actual
34,2011-12-23,1593655.96,0,32.45,3.103,129.9845484,10.148,2011,12,51,1146956.6676999994,446699.29230000055,December,Regular Week,Actual
34,2011-12-30,965512.36,1,28.84,3.119,130.0710323,10.148,2011,12,52,1086334.9594999996,-120822.59949999966,December,Holiday Week,Actual
34,2012-01-06,953844.85,0,36.39,3.158,130.1575161,9.653,2012,1,1,943265.7839999998,10579.066000000224,January,Regular Week,Actual
34,2012-01-13,913755.12,0,33.99,3.263,130.244,9.653,2012,1,2,921510.1668000002,-7755.046800000244,January,Regular Week,Actual
34,2012-01-20,910899.05,0,39.28,3.273,130.2792258,9.653,2012,1,3,912564.9363999991,-1665.886399999028,January,Regular Week,Actual
34,2012-01-27,872450.37,0,39.81,3.29,130.3144516,9.653,2012,1,4,882467.5985000001,-10017.228500000085,January,Regular Week,Actual
34,2012-02-03,939367.14,0,38.64,3.354,130.3496774,9.653,2012,2,5,944799.2939000004,-5432.153900000383,February,Regular Week,Actual
34,2012-02-10,1047658.09,1,36.7,3.411,130.3849032,9.653,2012,2,6,1033435.4859000017,14222.60409999825,February,Holiday Week,Actual
34,2012-02-17,1123446.51,0,37.25,3.493,130.4546207,9.653,2012,2,7,1074038.8418000012,49407.66819999879,February,Regular Week,Actual
34,2012-02-24,950154.24,0,39.89,3.541,130.5502069,9.653,2012,2,8,995053.7323999992,-44899.49239999917,February,Regular Week,Actual
34,2012-03-02,990263.7,0,42.74,3.619,130.6457931,9.653,2012,3,9,983315.0684000007,6948.631599999266,March,Regular Week,Actual
34,2012-03-09,976393.43,0,42.7,3.667,130.7413793,9.653,2012,3,10,982960.8631000008,-6567.433100000722,March,Regular Week,Actual
34,2012-03-16,999298.43,0,48.09,3.707,130.8261935,9.653,2012,3,11,983178.4892000009,16119.940799999167,March,Regular Week,Actual
34,2012-03-23,945143.33,0,47.93,3.759,130.8966452,9.653,2012,3,12,961706.0787999996,-16562.748799999594,March,Regular Week,Actual
34,2012-03-30,938861.77,0,59.29,3.82,130.9670968,9.653,2012,3,13,958924.0184000002,-20062.248400000157,March,Regular Week,Actual
34,2012-04-06,1091020.37,0,54.42,3.864,131.0375484,9.575,2012,4,14,1045044.3921000009,45975.97789999924,April,Regular Week,Actual
34,2012-04-13,987353.65,0,59.12,3.881,131.108,9.575,2012,4,15,992897.6934000005,-5544.043400000432,April,Regular Week,Actual
34,2012-04-20,977628.78,0,55.34,3.864,131.1173333,9.575,2012,4,16,992313.5872000008,-14684.807200000738,April,Regular Week,Actual
34,2012-04-27,940299.87,0,66.49,3.81,131.1266667,9.575,2012,4,17,955757.4985000003,-15457.62850000034,April,Regular Week,Actual
34,2012-05-04,991104.4,0,65.04,3.747,131.136,9.575,2012,5,18,974235.3996000008,16869.000399999204,May,Regular Week,Actual
34,2012-05-11,949625.52,0,61.92,3.685,131.1453333,9.575,2012,5,19,959301.8025999997,-9676.282599999686,May,Regular Week,Actual
34,2012-05-18,998672.85,0,64.97,3.62,131.0983226,9.575,2012,5,20,990650.933599999,8021.916400000919,May,Regular Week,Actual
34,2012-05-25,1015737.61,0,72.42,3.551,131.0287742,9.575,2012,5,21,1002581.6905999996,13155.919400000363,May,Regular Week,Actual
34,2012-06-01,977062.44,0,70.41,3.483,130.9592258,9.575,2012,6,22,997545.1135000007,-20482.673500000732,June,Regular Week,Actual
34,2012-06-08,999511.29,0,75.35,3.433,130.8896774,9.575,2012,6,23,994268.526000001,5242.763999999035,June,Regular Week,Actual
34,2012-06-15,982345.51,0,76.48,3.372,130.8295333,9.575,2012,6,24,986657.305900001,-4311.795900000958,June,Regular Week,Actual
34,2012-06-22,1000285.1,0,78.85,3.329,130.7929,9.575,2012,6,25,993124.8210999991,7160.278900000849,June,Regular Week,Actual
34,2012-06-29,942970.63,0,81.91,3.257,130.7562667,9.575,2012,6,26,990130.1236999998,-47159.49369999976,June,Regular Week,Actual
34,2012-07-06,1007867.68,0,77.95,3.187,130.7196333,9.285,2012,7,27,993114.0891000021,14753.590899997973,July,Regular Week,Actual
34,2012-07-13,954677.75,0,74.02,3.224,130.683,9.285,2012,7,28,958857.3005000006,-4179.550500000594,July,Regular Week,Actual
34,2012-07-20,950929.59,0,77.7,3.263,130.7012903,9.285,2012,7,29,957386.0346000019,-6456.444600001909,July,Regular Week,Actual
34,2012-07-27,917883.79,0,77.3,3.356,130.7195806,9.285,2012,7,30,938975.5375000011,-21091.747500001104,July,Regular Week,Actual
34,2012-08-03,973250.41,0,78.93,3.374,130.737871,9.285,2012,8,31,973854.2452999988,-603.8352999987546,August,Regular Week,Actual
34,2012-08-10,1004523.59,0,78.26,3.476,130.7561613,9.285,2012,8,32,980827.7000000002,23695.88999999978,August,Regular Week,Actual
34,2012-08-17,1013820.86,0,77.78,3.552,130.7909677,9.285,2012,8,33,982701.7890999997,31119.070900000283,August,Regular Week,Actual
34,2012-08-24,926250.21,0,72.44,3.61,130.8381613,9.285,2012,8,34,943285.7141999991,-17035.50419999915,August,Regular Week,Actual
34,2012-08-31,933487.71,0,75.89,3.646,130.8853548,9.285,2012,8,35,939920.8821999993,-6433.1721999993315,August,Regular Week,Actual
34,2012-09-07,976415.56,1,78.26,3.709,130.9325484,9.285,2012,9,36,969432.6107000008,6982.94929999928,September,Holiday Week,Actual
34,2012-09-14,955211.7,0,64.28,3.706,130.9776667,9.285,2012,9,37,952746.2866000015,2465.413399998448,September,Regular Week,Actual
34,2012-09-21,943047.78,0,66.08,3.721,131.0103333,9.285,2012,9,38,945749.5923000011,-2701.8123000010382,September,Regular Week,Actual
34,2012-09-28,928629.31,0,67.06,3.666,131.043,9.285,2012,9,39,936454.262200001,-7824.952200000989,September,Regular Week,Actual
34,2012-10-05,968896.68,0,65.41,3.62,131.0756667,8.839,2012,10,40,918891.5079000014,50005.17209999869,October,Regular Week,Actual
34,2012-10-12,948613.39,0,59.94,3.603,131.1083333,8.839,2012,10,41,907926.1482000005,40687.241799999494,October,Regular Week,Actual
34,2012-10-19,963516.28,0,58.47,3.61,131.1499677,8.839,2012,10,42,925603.9693000007,37912.31069999933,October,Regular Week,Actual
34,2012-10-26,956987.81,0,57.95,3.514,131.1930968,8.839,2012,10,43,922185.8408000006,34801.96919999947,October,Regular Week,Actual
35,2010-02-05,1230613.5,0,27.19,2.784,135.3524608,9.262,2010,2,5,1205238.8464000006,25374.65359999938,February,Regular Week,Actual
35,2010-02-12,1168815.31,1,29.81,2.773,135.4113076,9.262,2010,2,6,1213296.6836000008,-44481.37360000075,February,Holiday Week,Actual
35,2010-02-19,1270658.64,0,32.44,2.745,135.4657781,9.262,2010,2,7,1194021.1688999997,76637.4711000002,February,Regular Week,Actual
35,2010-02-26,1020651.74,0,36.0,2.754,135.5195191,9.262,2010,2,8,1093832.257699999,-73180.51769999904,February,Regular Week,Actual
35,2010-03-05,1162610.27,0,38.07,2.777,135.5732602,9.262,2010,3,9,1155349.544699999,7260.7253000009805,March,Regular Week,Actual
35,2010-03-12,1150344.39,0,45.98,2.818,135.6270013,9.262,2010,3,10,1152318.617,-1974.2270000001881,March,Regular Week,Actual
35,2010-03-19,1117536.09,0,49.04,2.844,135.6682247,9.262,2010,3,11,1135544.6477000008,-18008.557700000703,March,Regular Week,Actual
35,2010-03-26,1078900.44,0,52.34,2.854,135.7073618,9.262,2010,3,12,1102651.768799999,-23751.328799999086,March,Regular Week,Actual
35,2010-04-02,1189556.47,0,46.9,2.85,135.7464988,9.051,2010,4,13,1164329.1020999993,25227.367900000652,April,Regular Week,Actual
35,2010-04-09,1198014.97,0,62.62,2.869,135.7856359,9.051,2010,4,14,1161470.873099999,36544.096900000935,April,Regular Week,Actual
35,2010-04-16,1084487.55,0,54.95,2.899,135.82725,9.051,2010,4,15,1102158.4326999988,-17670.882699998794,April,Regular Week,Actual
35,2010-04-23,1110827.48,0,53.91,2.902,135.8721667,9.051,2010,4,16,1108573.6374,2253.842600000091,April,Regular Week,Actual
35,2010-04-30,1096930.65,0,53.55,2.921,135.9170833,9.051,2010,4,17,1104374.0184000006,-7443.368400000734,April,Regular Week,Actual
35,2010-05-07,1182099.88,0,69.02,2.966,135.962,9.051,2010,5,18,1162925.6892999983,19174.19070000155,May,Regular Week,Actual
35,2010-05-14,1104277.57,0,53.82,2.982,136.010394,9.051,2010,5,19,1117157.574399998,-12880.00439999788,May,Regular Week,Actual
35,2010-05-21,1078182.18,0,63.31,2.958,136.0796521,9.051,2010,5,20,1176686.140399999,-98503.96039999905,May,Regular Week,Actual
35,2010-05-28,1223777.48,0,67.88,2.899,136.1489101,9.051,2010,5,21,1190736.4896999998,33040.99030000018,May,Regular Week,Actual
35,2010-06-04,1282378.71,0,74.29,2.847,136.2181682,9.051,2010,6,22,1191241.6631999994,91137.0468000006,June,Regular Week,Actual
35,2010-06-11,1160412.71,0,68.9,2.809,136.2874263,9.051,2010,6,23,1172391.4791999978,-11978.769199997885,June,Regular Week,Actual
35,2010-06-18,1198025.76,0,70.0,2.78,136.3243393,9.051,2010,6,24,1184590.449100001,13435.310899998993,June,Regular Week,Actual
35,2010-06-25,1230245.74,0,78.02,2.808,136.3483143,9.051,2010,6,25,1172306.2645000003,57939.47549999971,June,Regular Week,Actual
35,2010-07-02,1245827.08,0,76.25,2.815,136.3722893,8.861,2010,7,26,1218910.5310999993,26916.54890000075,July,Regular Week,Actual
35,2010-07-09,1268766.76,0,82.69,2.793,136.3962643,8.861,2010,7,27,1234679.2880000018,34087.471999998204,July,Regular Week,Actual
35,2010-07-16,1124414.87,0,78.26,2.783,136.4179827,8.861,2010,7,28,1143206.9739000013,-18792.10390000115,July,Regular Week,Actual
35,2010-07-23,1121756.43,0,81.56,2.771,136.4366924,8.861,2010,7,29,1131047.5739000023,-9291.143900002353,July,Regular Week,Actual
35,2010-07-30,1139131.78,0,79.78,2.781,136.4554021,8.861,2010,7,30,1141326.8769000012,-2195.0969000011683,July,Regular Week,Actual
35,2010-08-06,1180183.39,0,77.45,2.784,136.4741118,8.861,2010,8,31,1155617.8344000005,24565.55559999938,August,Regular Week,Actual
35,2010-08-13,1090587.5,0,77.36,2.805,136.4928214,8.861,2010,8,32,1112227.4740000002,-21639.974000000162,August,Regular Week,Actual
35,2010-08-20,1033719.5,0,75.16,2.779,136.5249182,8.861,2010,8,33,1057197.0058000002,-23477.50580000016,August,Regular Week,Actual
35,2010-08-27,917693.06,0,70.31,2.755,136.557015,8.861,2010,8,34,964988.163800001,-47295.10380000097,August,Regular Week,Actual
35,2010-09-03,948660.79,0,78.52,2.715,136.5891118,8.861,2010,9,35,985127.9416000013,-36467.15160000126,September,Regular Week,Actual
35,2010-09-10,961685.98,1,70.38,2.699,136.6212085,8.861,2010,9,36,955969.4628000002,5716.517199999769,September,Holiday Week,Actual
35,2010-09-17,831443.61,0,64.5,2.706,136.6338071,8.861,2010,9,37,826801.1121999999,4642.497800000128,September,Regular Week,Actual
35,2010-09-24,758069.78,0,67.08,2.713,136.6317821,8.861,2010,9,38,790418.7450000005,-32348.965000000433,September,Regular Week,Actual
35,2010-10-01,771065.21,0,70.19,2.707,136.6297571,8.763,2010,10,39,813937.1793,-42871.9693,October,Regular Week,Actual
35,2010-10-08,874615.32,0,57.78,2.764,136.6277321,8.763,2010,10,40,857470.0563999991,17145.26360000088,October,Regular Week,Actual
35,2010-10-15,798376.99,0,58.38,2.868,136.6401935,8.763,2010,10,41,820630.6902999994,-22253.700299999444,October,Regular Week,Actual
35,2010-10-22,827705.82,0,52.82,2.917,136.688871,8.763,2010,10,42,864330.2432999989,-36624.423299998976,October,Regular Week,Actual
35,2010-10-29,857797.33,0,61.02,2.921,136.7375484,8.763,2010,10,43,852826.6339999995,4970.696000000462,October,Regular Week,Actual
35,2010-11-05,843755.12,0,45.91,2.917,136.7862258,8.763,2010,11,44,880739.8257999996,-36984.70579999965,November,Regular Week,Actual
35,2010-11-12,870914.69,0,45.9,2.931,136.8349032,8.763,2010,11,45,892636.344499999,-21721.654499999015,November,Regular Week,Actual
35,2010-11-19,846850.35,0,50.81,3.0,136.7715714,8.763,2010,11,46,879092.6658999993,-32242.315899999347,November,Regular Week,Actual
35,2010-11-26,1781866.98,1,46.67,3.039,136.6895714,8.763,2010,11,47,1319551.4734999998,462315.50650000013,November,Holiday Week,Actual
35,2010-12-03,982598.88,0,41.81,3.046,136.6075714,8.763,2010,12,48,1256216.5258000002,-273617.6458000002,December,Regular Week,Actual
35,2010-12-10,1108580.19,0,30.83,3.109,136.5255714,8.763,2010,12,49,1238559.7399999995,-129979.54999999958,December,Regular Week,Actual
35,2010-12-17,1314987.4,0,31.62,3.14,136.5292811,8.763,2010,12,50,1380826.6518000003,-65839.25180000043,December,Regular Week,Actual
35,2010-12-24,1779236.54,0,31.34,3.141,136.597273,8.763,2010,12,51,1404550.864700001,374685.6752999991,December,Regular Week,Actual
35,2010-12-31,576332.05,1,29.59,3.179,136.665265,8.763,2010,12,52,799631.9083999988,-223299.85839999875,December,Holiday Week,Actual
35,2011-01-07,649289.75,0,34.42,3.193,136.7332569,8.549,2011,1,1,658296.5225000003,-9006.772500000312,January,Regular Week,Actual
35,2011-01-14,687670.78,0,25.7,3.205,136.803477,8.549,2011,1,2,675822.7098000007,11848.070199999376,January,Regular Week,Actual
35,2011-01-21,659902.07,0,30.13,3.229,136.8870657,8.549,2011,1,3,663794.5284000003,-3892.4584000003524,January,Regular Week,Actual
35,2011-01-28,633289.78,0,23.64,3.237,136.9706544,8.549,2011,1,4,651465.0794000006,-18175.2994000006,January,Regular Week,Actual
35,2011-02-04,747577.05,0,28.7,3.231,137.0542431,8.549,2011,2,5,739581.4722999991,7995.577700000955,February,Regular Week,Actual
35,2011-02-11,859258.17,1,30.45,3.239,137.1378318,8.549,2011,2,6,788745.0883999995,70513.0816000005,February,Holiday Week,Actual
35,2011-02-18,865305.88,0,39.32,3.245,137.2511849,8.549,2011,2,7,840422.0051000001,24883.874899999937,February,Regular Week,Actual
35,2011-02-25,841129.26,0,33.05,3.274,137.3764439,8.549,2011,2,8,810076.3352000001,31052.92479999992,February,Regular Week,Actual
35,2011-03-04,850448.54,0,36.99,3.433,137.5017028,8.549,2011,3,9,832004.5295000008,18444.010499999276,March,Regular Week,Actual
35,2011-03-11,830601.39,0,43.64,3.582,137.6269617,8.549,2011,3,10,816026.7210000003,14574.668999999762,March,Regular Week,Actual
35,2011-03-18,800662.82,0,46.65,3.631,137.7398929,8.549,2011,3,11,803563.1241999994,-2900.304199999431,March,Regular Week,Actual
35,2011-03-25,762184.1,0,40.11,3.625,137.8478929,8.549,2011,3,12,773543.3102999999,-11359.210299999919,March,Regular Week,Actual
35,2011-04-01,762620.94,0,37.27,3.638,137.9558929,8.512,2011,4,13,778552.3289999992,-15931.388999999268,April,Regular Week,Actual
35,2011-04-08,813352.41,0,46.87,3.72,138.0638929,8.512,2011,4,14,810641.8898999986,2710.5201000014786,April,Regular Week,Actual
35,2011-04-15,795157.2,0,52.24,3.821,138.1646952,8.512,2011,4,15,802729.5953000011,-7572.395300001139,April,Regular Week,Actual
35,2011-04-22,841778.34,0,50.02,3.892,138.2475036,8.512,2011,4,16,829149.2999000016,12629.040099998354,April,Regular Week,Actual
35,2011-04-29,811824.06,0,61.71,3.962,138.3303119,8.512,2011,4,17,813325.8126000012,-1501.7526000011712,April,Regular Week,Actual
35,2011-05-06,835181.18,0,56.48,4.046,138.4131202,8.512,2011,5,18,803145.3920000013,32035.787999998778,May,Regular Week,Actual
35,2011-05-13,826155.95,0,60.07,4.066,138.4959286,8.512,2011,5,19,813238.0841000013,12917.865899998695,May,Regular Week,Actual
35,2011-05-20,776838.56,0,60.22,4.062,138.587106,8.512,2011,5,20,791327.6546000012,-14489.094600001117,May,Regular Week,Actual
35,2011-05-27,850708.6,0,66.43,3.985,138.6782834,8.512,2011,5,21,836311.6561,14396.943899999955,May,Regular Week,Actual
35,2011-06-03,955466.84,0,74.17,3.922,138.7694608,8.512,2011,6,22,918070.3427000013,37396.49729999865,June,Regular Week,Actual
35,2011-06-10,855130.21,0,73.26,3.881,138.8606382,8.512,2011,6,23,870419.9662999995,-15289.756299999543,June,Regular Week,Actual
35,2011-06-17,828594.86,0,67.03,3.842,139.0028333,8.512,2011,6,24,827441.2240999996,1153.635900000343,June,Regular Week,Actual
35,2011-06-24,849397.57,0,72.02,3.804,139.1832917,8.512,2011,6,25,847813.5390999991,1584.0309000008274,June,Regular Week,Actual
35,2011-07-01,874453.88,0,73.76,3.748,139.36375,8.684,2011,7,26,876827.0414999998,-2373.161499999813,July,Regular Week,Actual
35,2011-07-08,827717.85,0,76.87,3.711,139.5442083,8.684,2011,7,27,850587.4909000003,-22869.640900000348,July,Regular Week,Actual
35,2011-07-15,813845.5,0,77.83,3.76,139.7006325,8.684,2011,7,28,833019.2057,-19173.70570000005,July,Regular Week,Actual
35,2011-07-22,820188.42,0,82.28,3.811,139.7969712,8.684,2011,7,29,824404.5343,-4216.114300000016,July,Regular Week,Actual
35,2011-07-29,770820.27,0,79.41,3.829,139.8933099,8.684,2011,7,30,795754.4667000003,-24934.19670000032,July,Regular Week,Actual
35,2011-08-05,826820.71,0,78.14,3.842,139.9896486,8.684,2011,8,31,826036.4334999997,784.2765000002692,August,Regular Week,Actual
35,2011-08-12,819911.89,0,76.67,3.812,140.0859873,8.684,2011,8,32,835922.8722,-16010.98219999997,August,Regular Week,Actual
35,2011-08-19,820288.35,0,72.97,3.747,140.1289205,8.684,2011,8,33,876977.8378999996,-56689.4878999996,August,Regular Week,Actual
35,2011-08-26,897037.25,0,72.88,3.704,140.1629528,8.684,2011,8,34,880433.1970999996,16604.05290000036,August,Regular Week,Actual
35,2011-09-02,813486.55,0,71.44,3.703,140.196985,8.684,2011,9,35,808775.4428999987,4711.1071000013035,September,Regular Week,Actual
35,2011-09-09,922440.64,1,70.93,3.738,140.2310173,8.684,2011,9,36,859858.8647999993,62581.77520000073,September,Holiday Week,Actual
35,2011-09-16,738792.11,0,69.65,3.742,140.2735,8.684,2011,9,37,744412.0445000001,-5619.93450000009,September,Regular Week,Actual
35,2011-09-23,705802.45,0,63.61,3.711,140.32725,8.684,2011,9,38,735506.9415000008,-29704.49150000082,September,Regular Week,Actual
35,2011-09-30,749676.95,0,70.92,3.645,140.381,8.684,2011,9,39,768956.288800001,-19279.338800001075,September,Regular Week,Actual
35,2011-10-07,791637.53,0,56.91,3.583,140.43475,8.745,2011,10,40,803722.0397000008,-12084.509700000752,October,Regular Week,Actual
35,2011-10-14,772859.25,0,64.78,3.541,140.4784194,8.745,2011,10,41,792052.246,-19192.996000000043,October,Regular Week,Actual
35,2011-10-21,811328.4,0,59.62,3.57,140.4616048,8.745,2011,10,42,812074.9763000002,-746.5763000001898,October,Regular Week,Actual
35,2011-10-28,808821.5,0,51.81,3.569,140.4447903,8.745,2011,10,43,835154.9316,-26333.43160000001,October,Regular Week,Actual
35,2011-11-04,653468.75,0,44.46,3.551,140.4279758,8.745,2011,11,44,851510.5989999996,-198041.84899999958,November,Regular Week,Actual
35,2011-11-11,880576.33,0,49.69,3.53,140.4111613,8.745,2011,11,45,865576.7313999991,14999.598600000842,November,Regular Week,Actual
35,2011-11-18,820964.1,0,51.42,3.53,140.4127857,8.745,2011,11,46,868808.9046999993,-47844.80469999928,November,Regular Week,Actual
35,2011-11-25,1733822.4,1,47.88,3.492,140.4217857,8.745,2011,11,47,1101034.0962999999,632788.3037,November,Holiday Week,Actual
35,2011-12-02,903606.03,0,50.55,3.452,140.4307857,8.745,2011,12,48,977206.5568000005,-73600.52680000046,December,Regular Week,Actual
35,2011-12-09,948964.99,0,46.28,3.415,140.4397857,8.745,2011,12,49,991770.0757000004,-42805.0857000004,December,Regular Week,Actual
35,2011-12-16,1115255.65,0,40.68,3.413,140.4700795,8.745,2011,12,50,973698.0836000005,141557.56639999943,December,Regular Week,Actual
35,2011-12-23,1550214.02,0,41.59,3.389,140.528765,8.745,2011,12,51,954103.1292000002,596110.8907999998,December,Regular Week,Actual
35,2011-12-30,904650.55,1,37.85,3.389,140.5874505,8.745,2011,12,52,982237.7066999997,-77587.1566999997,December,Holiday Week,Actual
35,2012-01-06,671708.09,0,35.8,3.422,140.6461359,8.744,2012,1,1,658198.1298000009,13509.960199999041,January,Regular Week,Actual
35,2012-01-13,625135.11,0,41.3,3.513,140.7048214,8.744,2012,1,2,662058.8867999999,-36923.776799999876,January,Regular Week,Actual
35,2012-01-20,669850.04,0,30.35,3.533,140.8086118,8.744,2012,1,3,657838.8522999998,12011.187700000242,January,Regular Week,Actual
35,2012-01-27,588722.99,0,36.96,3.567,140.9124021,8.744,2012,1,4,622252.1574000004,-33529.167400000384,January,Regular Week,Actual
35,2012-02-03,746901.03,0,42.52,3.617,141.0161924,8.744,2012,2,5,768493.1963000005,-21592.166300000506,February,Regular Week,Actual
35,2012-02-10,849779.14,1,37.86,3.64,141.1199827,8.744,2012,2,6,877163.3593000004,-27384.219300000346,February,Holiday Week,Actual
35,2012-02-17,824568.39,0,37.24,3.695,141.2140357,8.744,2012,2,7,818265.4521000002,6302.937899999786,February,Regular Week,Actual
35,2012-02-24,805028.74,0,41.74,3.739,141.3007857,8.744,2012,2,8,791459.3868000002,13569.35319999978,February,Regular Week,Actual
35,2012-03-02,766571.1,0,40.07,3.816,141.3875357,8.744,2012,3,9,779948.9079999999,-13377.80799999996,March,Regular Week,Actual
35,2012-03-09,796351.35,0,44.32,3.848,141.4742857,8.744,2012,3,10,789579.4688000001,6771.881199999829,March,Regular Week,Actual
35,2012-03-16,793045.82,0,49.6,3.862,141.55478,8.744,2012,3,11,789749.5682999996,3296.251700000372,March,Regular Week,Actual
35,2012-03-23,760671.1,0,57.3,3.9,141.6269332,8.744,2012,3,12,770624.4853000001,-9953.385300000082,March,Regular Week,Actual
35,2012-03-30,744525.69,0,49.4,3.953,141.6990864,8.744,2012,3,13,760114.2932999994,-15588.603299999493,March,Regular Week,Actual
35,2012-04-06,860293.46,0,48.73,3.996,141.7712396,8.876,2012,4,14,828028.4247,32265.03529999999,April,Regular Week,Actual
35,2012-04-13,788633.42,0,52.22,4.044,141.8433929,8.876,2012,4,15,779482.2027000013,9151.217299998738,April,Regular Week,Actual
35,2012-04-20,794660.24,0,62.62,4.027,141.9015262,8.876,2012,4,16,781635.273800001,13024.966199998977,April,Regular Week,Actual
35,2012-04-27,721212.45,0,52.33,4.004,141.9596595,8.876,2012,4,17,748518.7230000013,-27306.273000001325,April,Regular Week,Actual
35,2012-05-04,772036.6,0,53.68,3.951,142.0177929,8.876,2012,5,18,776288.0324000004,-4251.432400000398,May,Regular Week,Actual
35,2012-05-11,802383.63,0,58.97,3.889,142.0759262,8.876,2012,5,19,806502.4574000002,-4118.827400000184,May,Regular Week,Actual
35,2012-05-18,819196.68,0,65.15,3.848,142.0970115,8.876,2012,5,20,819160.6338000004,36.046199999633245,May,Regular Week,Actual
35,2012-05-25,822167.17,0,64.77,3.798,142.1032776,8.876,2012,5,21,822017.1225000006,150.04749999940395,May,Regular Week,Actual
35,2012-06-01,932195.52,0,73.4,3.742,142.1095438,8.876,2012,6,22,918414.4796,13781.040400000056,June,Regular Week,Actual
35,2012-06-08,873415.01,0,64.05,3.689,142.1158099,8.876,2012,6,23,852144.6938000008,21270.316199999186,June,Regular Week,Actual
35,2012-06-15,848289.41,0,69.52,3.62,142.1292548,8.876,2012,6,24,838723.1248000003,9566.285199999693,June,Regular Week,Actual
35,2012-06-22,911696.0,0,73.23,3.564,142.1606464,8.876,2012,6,25,899213.5391999998,12482.460800000234,June,Regular Week,Actual
35,2012-06-29,892133.41,0,73.94,3.506,142.1920381,8.876,2012,6,26,911287.3094999999,-19153.899499999825,June,Regular Week,Actual
35,2012-07-06,985479.64,0,82.08,3.475,142.2234298,8.839,2012,7,27,937856.0708000001,47623.56919999991,July,Regular Week,Actual
35,2012-07-13,825763.48,0,78.95,3.523,142.2548214,8.839,2012,7,28,852264.3988,-26500.918799999985,July,Regular Week,Actual
35,2012-07-20,841224.74,0,78.64,3.567,142.2337569,8.839,2012,7,29,854822.9389,-13598.19889999996,July,Regular Week,Actual
35,2012-07-27,808030.15,0,76.01,3.647,142.2126924,8.839,2012,7,30,866816.7508999996,-58786.60089999961,July,Regular Week,Actual
35,2012-08-03,866216.36,0,75.22,3.654,142.1916279,8.839,2012,8,31,877030.8595999994,-10814.499599999399,August,Regular Week,Actual
35,2012-08-10,888368.8,0,78.44,3.722,142.1705634,8.839,2012,8,32,872880.896199999,15487.903800001019,August,Regular Week,Actual
35,2012-08-17,887979.47,0,76.51,3.807,142.2157385,8.839,2012,8,33,870460.7829999994,17518.687000000617,August,Regular Week,Actual
35,2012-08-24,895274.72,0,72.93,3.834,142.3105933,8.839,2012,8,34,893617.0445999993,1657.6754000006476,August,Regular Week,Actual
35,2012-08-31,931278.97,0,75.0,3.867,142.4054482,8.839,2012,8,35,908201.9367999993,23077.033200000646,August,Regular Week,Actual
35,2012-09-07,984833.35,1,76.0,3.911,142.500303,8.839,2012,9,36,929615.2355999995,55218.11440000043,September,Holiday Week,Actual
35,2012-09-14,821568.64,0,68.72,3.948,142.5938833,8.839,2012,9,37,808549.3504999997,13019.289500000305,September,Regular Week,Actual
35,2012-09-21,772302.94,0,66.1,4.038,142.6798167,8.839,2012,9,38,789652.8615999992,-17349.921599999303,September,Regular Week,Actual
35,2012-09-28,814099.86,0,64.92,3.997,142.76575,8.839,2012,9,39,812614.2156999996,1485.6443000003928,September,Regular Week,Actual
35,2012-10-05,866064.4,0,64.5,3.985,142.8516833,8.665,2012,10,40,837364.3566,28700.043399999966,October,Regular Week,Actual
35,2012-10-12,873643.14,0,55.4,4.0,142.9376167,8.665,2012,10,41,824345.1569000002,49297.98309999984,October,Regular Week,Actual
35,2012-10-19,829284.67,0,56.53,3.969,142.8633629,8.665,2012,10,42,834229.7325000003,-4945.062500000233,October,Regular Week,Actual
35,2012-10-26,865137.6,0,58.99,3.882,142.7624113,8.665,2012,10,43,854686.3867999997,10451.213200000231,October,Regular Week,Actual
36,2010-02-05,467546.74,0,45.97,2.545,209.8529663,8.554,2010,2,5,464007.0235,3539.7164999999804,February,Regular Week,Actual
36,2010-02-12,469563.7,1,46.11,2.539,209.9970208,8.554,2010,2,6,462274.705,7288.994999999995,February,Holiday Week,Actual
36,2010-02-19,470281.03,0,45.66,2.472,210.0451024,8.554,2010,2,7,461673.07590000017,8607.954099999857,February,Regular Week,Actual
36,2010-02-26,447519.44,0,50.87,2.52,210.0771885,8.554,2010,2,8,453473.03739999986,-5953.597399999853,February,Regular Week,Actual
36,2010-03-05,480203.43,0,51.33,2.574,210.1092746,8.554,2010,3,9,467989.5018999998,12213.928100000194,March,Regular Week,Actual
36,2010-03-12,441434.2,0,61.96,2.619,210.1413607,8.554,2010,3,10,445329.9151000003,-3895.715100000263,March,Regular Week,Actual
36,2010-03-19,428851.99,0,59.56,2.701,209.9803208,8.554,2010,3,11,430352.5214000002,-1500.5314000002109,March,Regular Week,Actual
36,2010-03-26,404438.51,0,55.76,2.711,209.7870932,8.554,2010,3,12,419457.3787000001,-15018.868700000108,March,Regular Week,Actual
36,2010-04-02,435972.82,0,63.43,2.708,209.5938656,8.464,2010,4,13,440970.3358000003,-4997.515800000285,April,Regular Week,Actual
36,2010-04-09,453016.91,0,68.54,2.743,209.400638,8.464,2010,4,14,447964.9024,5052.0075999999535,April,Regular Week,Actual
36,2010-04-16,483699.56,0,66.74,2.769,209.2691428,8.464,2010,4,15,475114.9799000003,8584.580099999672,April,Regular Week,Actual
36,2010-04-23,434116.8,0,68.03,2.762,209.2199574,8.464,2010,4,16,450107.15699999983,-15990.356999999844,April,Regular Week,Actual
36,2010-04-30,457899.64,0,70.9,2.725,209.170772,8.464,2010,4,17,454977.8937000004,2921.7462999995914,April,Regular Week,Actual
36,2010-05-07,489372.02,0,75.56,2.786,209.1215867,8.464,2010,5,18,483426.4047000006,5945.615299999423,May,Regular Week,Actual
36,2010-05-14,476733.74,0,77.53,2.805,209.118536,8.464,2010,5,19,471667.3709000001,5066.369099999894,May,Regular Week,Actual
36,2010-05-21,474917.98,0,77.34,2.767,209.3922937,8.464,2010,5,20,473332.02569999977,1585.9543000002159,May,Regular Week,Actual
36,2010-05-28,447050.42,0,80.87,2.716,209.6660514,8.464,2010,5,21,446531.8685000007,518.5514999993029,May,Regular Week,Actual
36,2010-06-04,471088.88,0,79.93,2.664,209.9398091,8.464,2010,6,22,459958.53030000033,11130.349699999671,June,Regular Week,Actual
36,2010-06-11,467711.18,0,82.3,2.615,210.2135668,8.464,2010,6,23,462028.45899999986,5682.721000000136,June,Regular Week,Actual
36,2010-06-18,485694.72,0,84.37,2.572,210.2108417,8.464,2010,6,24,476962.42229999945,8732.29770000052,June,Regular Week,Actual
36,2010-06-25,434879.87,0,84.14,2.601,210.0975233,8.464,2010,6,25,445182.6891999997,-10302.819199999678,June,Regular Week,Actual
36,2010-07-02,434252.15,0,81.85,2.606,209.984205,8.36,2010,7,26,440643.55139999953,-6391.401399999508,July,Regular Week,Actual
36,2010-07-09,471713.59,0,81.74,2.596,209.8708867,8.36,2010,7,27,460116.2724000003,11597.317599999718,July,Regular Week,Actual
36,2010-07-16,466962.04,0,84.43,2.561,209.8630532,8.36,2010,7,28,465754.0761999994,1207.9638000005507,July,Regular Week,Actual
36,2010-07-23,452021.2,0,82.6,2.542,209.9958663,8.36,2010,7,29,453983.48350000015,-1962.283500000136,July,Regular Week,Actual
36,2010-07-30,432451.91,0,81.88,2.602,210.1286794,8.36,2010,7,30,438235.08589999937,-5783.175899999391,July,Regular Week,Actual
36,2010-08-06,467442.94,0,85.49,2.573,210.2614925,8.36,2010,8,31,459756.72019999963,7686.21980000037,August,Regular Week,Actual
36,2010-08-13,470436.8,0,86.06,2.644,210.3943056,8.36,2010,8,32,457021.85459999955,13414.945400000433,August,Regular Week,Actual
36,2010-08-20,437949.9,0,85.54,2.604,210.3617581,8.36,2010,8,33,443058.0946999993,-5108.194699999294,August,Regular Week,Actual
36,2010-08-27,412050.73,0,84.62,2.562,210.3292106,8.36,2010,8,34,422269.9588999996,-10219.228899999638,August,Regular Week,Actual
36,2010-09-03,431294.45,0,82.29,2.533,210.2966631,8.36,2010,9,35,427260.9573999999,4033.492600000114,September,Regular Week,Actual
36,2010-09-10,434471.38,1,80.58,2.513,210.2641156,8.36,2010,9,36,429380.90429999994,5090.475700000068,September,Holiday Week,Actual
36,2010-09-17,454694.21,0,82.1,2.55,210.2924504,8.36,2010,9,37,427629.9987999997,27064.21120000031,September,Regular Week,Actual
36,2010-09-24,419348.59,0,79.17,2.578,210.3664469,8.36,2010,9,38,427610.3321999996,-8261.742199999571,September,Regular Week,Actual
36,2010-10-01,422169.47,0,74.66,2.567,210.4404433,8.476,2010,10,39,426340.4316999995,-4170.96169999952,October,Regular Week,Actual
36,2010-10-08,444351.61,0,66.34,2.595,210.5144398,8.476,2010,10,40,436429.6747999996,7921.935200000415,October,Regular Week,Actual
36,2010-10-15,453308.15,0,71.57,2.705,210.5805944,8.476,2010,10,41,422263.18439999974,31044.965600000287,October,Regular Week,Actual
36,2010-10-22,424956.3,0,72.24,2.698,210.6271444,8.476,2010,10,42,417531.5414999998,7424.758500000171,October,Regular Week,Actual
36,2010-10-29,392654.26,0,76.22,2.68,210.6736944,8.476,2010,10,43,401271.7626000001,-8617.502600000065,October,Regular Week,Actual
36,2010-11-05,405860.37,0,62.72,2.655,210.7202444,8.476,2010,11,44,418996.5307999999,-13136.160799999896,November,Regular Week,Actual
36,2010-11-12,425804.8,0,61.97,2.705,210.7667944,8.476,2010,11,45,418501.0308,7303.769199999981,November,Regular Week,Actual
36,2010-11-19,411615.71,0,56.73,2.741,210.65429,8.476,2010,11,46,406683.1815000004,4932.528499999607,November,Regular Week,Actual
36,2010-11-26,408891.49,1,67.73,2.725,210.5152765,8.476,2010,11,47,411471.3751999997,-2579.885199999728,November,Holiday Week,Actual
36,2010-12-03,360266.09,0,54.44,2.694,210.376263,8.476,2010,12,48,382415.0896000002,-22148.999600000156,December,Regular Week,Actual
36,2010-12-10,404545.03,0,51.83,2.813,210.2372494,8.476,2010,12,49,402271.6576000003,2273.372399999702,December,Regular Week,Actual
36,2010-12-17,410214.7,0,56.73,2.852,210.1787224,8.476,2010,12,50,411173.5684000003,-958.8684000002686,December,Regular Week,Actual
36,2010-12-24,422093.59,0,59.1,2.863,210.1805602,8.476,2010,12,51,417680.8072000004,4412.782799999637,December,Regular Week,Actual
36,2010-12-31,359310.65,1,52.88,2.949,210.182398,8.476,2010,12,52,381884.0129999998,-22573.36299999978,December,Holiday Week,Actual
36,2011-01-07,384659.85,0,54.11,2.942,210.1842358,8.395,2011,1,1,394875.1186000002,-10215.268600000243,January,Regular Week,Actual
36,2011-01-14,410497.73,0,42.87,2.971,210.2379731,8.395,2011,1,2,396851.65070000006,13646.079299999925,January,Regular Week,Actual
36,2011-01-21,399191.05,0,51.18,2.98,210.6031072,8.395,2011,1,3,391689.5236999999,7501.526300000085,January,Regular Week,Actual
36,2011-01-28,372174.12,0,48.74,2.995,210.9682412,8.395,2011,1,4,384423.0933,-12248.973300000012,January,Regular Week,Actual
36,2011-02-04,417521.7,0,46.68,2.98,211.3333753,8.395,2011,2,5,406718.27370000014,10803.426299999875,February,Regular Week,Actual
36,2011-02-11,401501.2,1,41.16,3.009,211.6985093,8.395,2011,2,6,401705.12890000007,-203.92890000005718,February,Holiday Week,Actual
36,2011-02-18,427175.03,0,57.48,3.017,212.0063522,8.395,2011,2,7,395996.4170000003,31178.61299999972,February,Regular Week,Actual
36,2011-02-25,380279.44,0,67.73,3.053,212.2912786,8.395,2011,2,8,393875.55130000017,-13596.111300000164,February,Regular Week,Actual
36,2011-03-04,402579.84,0,64.55,3.282,212.576205,8.395,2011,3,9,404043.87480000017,-1464.0348000001395,March,Regular Week,Actual
36,2011-03-11,407506.78,0,59.15,3.448,212.8611313,8.395,2011,3,10,410267.2431000005,-2760.4631000004592,March,Regular Week,Actual
36,2011-03-18,431412.22,0,64.9,3.487,213.1096787,8.395,2011,3,11,422579.8301999997,8832.389800000296,March,Regular Week,Actual
36,2011-03-25,390732.02,0,71.07,3.488,213.3436744,8.395,2011,3,12,419842.83229999954,-29110.812299999525,March,Regular Week,Actual
36,2011-04-01,385672.11,0,67.31,3.529,213.5776701,8.3,2011,4,13,412688.55139999953,-27016.441399999545,April,Regular Week,Actual
36,2011-04-08,428727.61,0,69.39,3.645,213.8116658,8.3,2011,4,14,414369.42509999947,14358.184900000517,April,Regular Week,Actual
36,2011-04-15,414986.54,0,73.25,3.763,214.026217,8.3,2011,4,15,401217.0673999994,13769.472600000561,April,Regular Week,Actual
36,2011-04-22,374574.72,0,74.57,3.805,214.1921572,8.3,2011,4,16,376514.90539999946,-1940.1853999994928,April,Regular Week,Actual
36,2011-04-29,340708.78,0,76.1,3.837,214.3580974,8.3,2011,4,17,353353.4378,-12644.657799999986,April,Regular Week,Actual
36,2011-05-06,393401.4,0,69.56,3.917,214.5240376,8.3,2011,5,18,386634.11729999946,6767.282700000564,May,Regular Week,Actual
36,2011-05-13,395316.65,0,76.73,3.92,214.6899778,8.3,2011,5,19,383235.5049999994,12081.1450000006,May,Regular Week,Actual
36,2011-05-20,376183.44,0,73.02,3.925,214.465412,8.3,2011,5,20,387579.1128999995,-11395.672899999481,May,Regular Week,Actual
36,2011-05-27,348655.2,0,81.28,3.786,214.2408462,8.3,2011,5,21,356580.1284999996,-7924.9284999995725,May,Regular Week,Actual
36,2011-06-03,373703.95,0,82.96,3.69,214.0162805,8.3,2011,6,22,373029.4775999997,674.4724000003189,June,Regular Week,Actual
36,2011-06-10,374182.04,0,82.41,3.633,213.7917147,8.3,2011,6,23,377404.12889999966,-3222.0888999996823,June,Regular Week,Actual
36,2011-06-17,394645.25,0,84.43,3.599,213.7481256,8.3,2011,6,24,375031.3472999997,19613.902700000326,June,Regular Week,Actual
36,2011-06-24,360009.94,0,83.95,3.569,213.8402689,8.3,2011,6,25,368286.0454999999,-8276.105499999889,June,Regular Week,Actual
36,2011-07-01,354270.77,0,85.33,3.502,213.9324122,8.177,2011,7,26,362416.86050000007,-8146.090500000049,July,Regular Week,Actual
36,2011-07-08,377464.62,0,84.71,3.44,214.0245556,8.177,2011,7,27,371633.1864,5831.433599999989,July,Regular Week,Actual
36,2011-07-15,385631.48,0,85.63,3.55,214.1083654,8.177,2011,7,28,367155.25819999987,18476.221800000116,July,Regular Week,Actual
36,2011-07-22,361311.41,0,83.31,3.637,214.1713416,8.177,2011,7,29,366088.9355999995,-4777.525599999528,July,Regular Week,Actual
36,2011-07-29,354361.08,0,84.99,3.66,214.2343177,8.177,2011,7,30,359501.3629999993,-5140.282999999297,July,Regular Week,Actual
36,2011-08-05,381017.75,0,86.71,3.652,214.2972939,8.177,2011,8,31,370964.48909999983,10053.260900000168,August,Regular Week,Actual
36,2011-08-12,380188.69,0,87.64,3.608,214.3602701,8.177,2011,8,32,365389.5245999999,14799.165400000114,August,Regular Week,Actual
36,2011-08-19,373267.58,0,87.24,3.534,214.4239935,8.177,2011,8,33,360005.7437999997,13261.83620000031,August,Regular Week,Actual
36,2011-08-26,344964.2,0,86.02,3.501,214.4878416,8.177,2011,8,34,351788.20049999974,-6824.000499999733,August,Regular Week,Actual
36,2011-09-02,350276.29,0,87.5,3.481,214.5516896,8.177,2011,9,35,359286.50999999995,-9010.219999999972,September,Regular Week,Actual
36,2011-09-09,352960.64,1,77.94,3.499,214.6155376,8.177,2011,9,36,352326.31530000025,634.3246999997646,September,Holiday Week,Actual
36,2011-09-16,343108.12,0,82.06,3.473,214.7934111,8.177,2011,9,37,346427.8314,-3319.7114000000292,September,Regular Week,Actual
36,2011-09-23,322405.13,0,78.35,3.441,215.1233185,8.177,2011,9,38,328381.67219999974,-5976.542199999734,September,Regular Week,Actual
36,2011-09-30,314910.37,0,81.52,3.328,215.4532259,8.177,2011,9,39,320928.50870000006,-6018.138700000069,September,Regular Week,Actual
36,2011-10-07,346137.87,0,71.2,3.262,215.7831333,7.716,2011,10,40,340897.94810000004,5239.9218999999575,October,Regular Week,Actual
36,2011-10-14,342076.99,0,74.16,3.234,216.0885258,7.716,2011,10,41,339165.25009999954,2911.7399000004516,October,Regular Week,Actual
36,2011-10-21,328633.34,0,67.89,3.308,216.2468287,7.716,2011,10,42,324685.5397999998,3947.8002000002307,October,Regular Week,Actual
36,2011-10-28,306193.81,0,71.31,3.306,216.4051315,7.716,2011,10,43,316311.01229999965,-10117.202299999655,October,Regular Week,Actual
36,2011-11-04,313387.11,0,58.97,3.287,216.5634344,7.716,2011,11,44,327069.6118000002,-13682.501800000202,November,Regular Week,Actual
36,2011-11-11,328498.92,0,63.5,3.254,216.7217373,7.716,2011,11,45,331227.9705000005,-2729.050500000536,November,Regular Week,Actual
36,2011-11-18,332901.94,0,66.28,3.26,216.9395861,7.716,2011,11,46,332156.4239000005,745.5160999994841,November,Regular Week,Actual
36,2011-11-25,332811.55,1,66.41,3.181,217.1812533,7.716,2011,11,47,328820.4773000003,3991.0726999996696,November,Holiday Week,Actual
36,2011-12-02,293350.51,0,53.57,3.164,217.4229206,7.716,2011,12,48,324494.5199000004,-31144.009900000412,December,Regular Week,Actual
36,2011-12-09,312298.37,0,50.64,3.147,217.6645878,7.716,2011,12,49,317285.05910000025,-4986.689100000251,December,Regular Week,Actual
36,2011-12-16,341503.92,0,58.31,3.133,217.8781339,7.716,2011,12,50,334486.8031000006,7017.116899999382,December,Regular Week,Actual
36,2011-12-23,325262.46,0,55.41,3.098,218.0541851,7.716,2011,12,51,324664.6147000005,597.8452999995206,December,Regular Week,Actual
36,2011-12-30,287425.22,1,48.26,3.132,218.2302364,7.716,2011,12,52,300568.2613999998,-13143.041399999813,December,Holiday Week,Actual
36,2012-01-06,329467.82,0,57.18,3.129,218.4062876,7.244,2012,1,1,327305.38500000007,2162.4349999999395,January,Regular Week,Actual
36,2012-01-13,325976.34,0,56.28,3.254,218.5823389,7.244,2012,1,2,326233.418,-257.0779999999795,January,Regular Week,Actual
36,2012-01-20,330927.21,0,58.9,3.275,218.6755292,7.244,2012,1,3,328830.81120000035,2096.3987999996752,January,Regular Week,Actual
36,2012-01-27,301444.94,0,62.73,3.313,218.7687195,7.244,2012,1,4,317524.8011000001,-16079.861100000096,January,Regular Week,Actual
36,2012-02-03,310982.87,0,61.33,3.421,218.8619099,7.244,2012,2,5,316123.64070000016,-5140.770700000168,February,Regular Week,Actual
36,2012-02-10,335741.9,1,54.49,3.462,218.9551002,7.244,2012,2,6,318027.9644000001,17713.93559999991,February,Holiday Week,Actual
36,2012-02-17,326316.73,0,54.38,3.503,219.1148297,7.244,2012,2,7,322304.82200000016,4011.907999999821,February,Regular Week,Actual
36,2012-02-24,313270.45,0,62.21,3.55,219.3244636,7.244,2012,2,8,315555.3524999997,-2284.9024999996764,February,Regular Week,Actual
36,2012-03-02,315396.72,0,64.54,3.619,219.5340975,7.244,2012,3,9,316940.54779999965,-1543.827799999679,March,Regular Week,Actual
36,2012-03-09,318674.93,0,63.19,3.647,219.7437314,7.244,2012,3,10,319638.5270999998,-963.5970999997808,March,Regular Week,Actual
36,2012-03-16,335345.82,0,67.48,3.779,219.8956335,7.244,2012,3,11,327918.5376000003,7427.2823999997345,March,Regular Week,Actual
36,2012-03-23,317872.51,0,69.18,3.845,219.9705599,7.244,2012,3,12,317608.9891000005,263.5208999995375,March,Regular Week,Actual
36,2012-03-30,304144.9,0,70.48,3.891,220.0454862,7.244,2012,3,13,310830.0628999999,-6685.162899999879,March,Regular Week,Actual
36,2012-04-06,331026.11,0,73.95,3.934,220.1204125,6.989,2012,4,14,328736.1064999999,2290.003500000108,April,Regular Week,Actual
36,2012-04-13,339407.94,0,72.54,3.919,220.1953389,6.989,2012,4,15,332432.62950000033,6975.310499999672,April,Regular Week,Actual
36,2012-04-20,323915.32,0,70.87,3.918,220.2483937,6.989,2012,4,16,328652.8089000003,-4737.488900000288,April,Regular Week,Actual
36,2012-04-27,308389.82,0,70.06,3.888,220.3014485,6.989,2012,4,17,313404.9978000002,-5015.17780000018,April,Regular Week,Actual
36,2012-05-04,312467.52,0,77.17,3.835,220.3545033,6.989,2012,5,18,316610.1838999999,-4142.663899999869,May,Regular Week,Actual
36,2012-05-11,330518.34,0,76.55,3.764,220.4075581,6.989,2012,5,19,326622.16499999986,3896.175000000163,May,Regular Week,Actual
36,2012-05-18,324801.13,0,73.7,3.713,220.4252149,6.989,2012,5,20,323702.6024999998,1098.5275000002002,May,Regular Week,Actual
36,2012-05-25,306098.17,0,78.94,3.636,220.4287124,6.989,2012,5,21,319540.5789,-13442.408900000039,May,Regular Week,Actual
36,2012-06-01,306005.53,0,80.74,3.567,220.4322099,6.989,2012,6,22,315096.03570000024,-9090.505700000213,June,Regular Week,Actual
36,2012-06-08,338273.38,0,81.5,3.513,220.4357073,6.989,2012,6,23,328940.46259999985,9332.917400000151,June,Regular Week,Actual
36,2012-06-15,333146.88,0,82.15,3.407,220.4494148,6.989,2012,6,24,330391.7046999998,2755.1753000001772,June,Regular Week,Actual
36,2012-06-22,306411.01,0,80.4,3.358,220.4886472,6.989,2012,6,25,311280.52060000045,-4869.510600000445,June,Regular Week,Actual
36,2012-06-29,291530.43,0,86.68,3.273,220.5278796,6.989,2012,6,26,297495.1312,-5964.70120000001,June,Regular Week,Actual
36,2012-07-06,306578.89,0,81.52,3.232,220.567112,6.623,2012,7,27,304136.54880000034,2442.341199999675,July,Regular Week,Actual
36,2012-07-13,298337.41,0,78.15,3.245,220.6063444,6.623,2012,7,28,300270.0344000003,-1932.6244000003207,July,Regular Week,Actual
36,2012-07-20,303289.55,0,81.76,3.301,220.6148749,6.623,2012,7,29,300310.57500000036,2978.9749999996275,July,Regular Week,Actual
36,2012-07-27,279643.43,0,84.0,3.392,220.6234054,6.623,2012,7,30,287156.9821,-7513.55210000003,July,Regular Week,Actual
36,2012-08-03,304989.97,0,85.56,3.404,220.6319358,6.623,2012,8,31,289627.25430000026,15362.71569999971,August,Regular Week,Actual
36,2012-08-10,298947.51,0,84.41,3.49,220.6404663,6.623,2012,8,32,294586.47060000047,4361.039399999543,August,Regular Week,Actual
36,2012-08-17,314607.22,0,85.89,3.571,220.7199609,6.623,2012,8,33,290475.9485000003,24131.271499999682,August,Regular Week,Actual
36,2012-08-24,282545.55,0,81.26,3.574,220.8526787,6.623,2012,8,34,296701.4776000004,-14155.927600000403,August,Regular Week,Actual
36,2012-08-31,282647.48,0,84.79,3.608,220.9853964,6.623,2012,8,35,288236.15790000034,-5588.677900000359,August,Regular Week,Actual
36,2012-09-07,293728.57,1,84.19,3.697,221.1181142,6.623,2012,9,36,292590.0502000002,1138.5197999998345,September,Holiday Week,Actual
36,2012-09-14,301893.63,0,78.16,3.692,221.2601207,6.623,2012,9,37,297591.8477999999,4301.782200000132,September,Regular Week,Actual
36,2012-09-21,293804.45,0,75.98,3.709,221.4578604,6.623,2012,9,38,294233.35039999976,-428.90039999975124,September,Regular Week,Actual
36,2012-09-28,270677.98,0,79.49,3.66,221.6556,6.623,2012,9,39,297469.5486999999,-26791.568699999945,September,Regular Week,Actual
36,2012-10-05,277137.86,0,73.57,3.611,221.8533396,6.228,2012,10,40,294261.2883000005,-17123.428300000494,October,Regular Week,Actual
36,2012-10-12,300236.85,0,71.28,3.576,222.0510793,6.228,2012,10,41,295080.90200000047,5155.947999999509,October,Regular Week,Actual
36,2012-10-19,287360.05,0,74.06,3.57,222.0951719,6.228,2012,10,42,287259.75880000036,100.29119999962859,October,Regular Week,Actual
36,2012-10-26,272489.41,0,74.39,3.494,222.1136566,6.228,2012,10,43,279116.15480000025,-6626.744800000277,October,Regular Week,Actual
37,2010-02-05,536006.73,0,45.97,2.572,209.8529663,8.554,2010,2,5,529236.3911999993,6770.338800000725,February,Regular Week,Actual
37,2010-02-12,529852.7,1,46.11,2.548,209.9970208,8.554,2010,2,6,515525.86969999963,14326.830300000322,February,Holiday Week,Actual
37,2010-02-19,510382.5,0,45.66,2.514,210.0451024,8.554,2010,2,7,514310.64789999987,-3928.1478999998653,February,Regular Week,Actual
37,2010-02-26,513615.82,0,50.87,2.561,210.0771885,8.554,2010,2,8,516351.1383999998,-2735.3183999998146,February,Regular Week,Actual
37,2010-03-05,519255.68,0,51.33,2.625,210.1092746,8.554,2010,3,9,515043.8793999999,4211.800600000075,March,Regular Week,Actual
37,2010-03-12,513015.35,0,61.96,2.667,210.1413607,8.554,2010,3,10,507005.9743000005,6009.375699999451,March,Regular Week,Actual
37,2010-03-19,460020.74,0,59.56,2.72,209.9803208,8.554,2010,3,11,478015.46070000017,-17994.72070000018,March,Regular Week,Actual
37,2010-03-26,515777.97,0,55.76,2.732,209.7870932,8.554,2010,3,12,504581.65380000003,11196.316199999943,March,Regular Week,Actual
37,2010-04-02,540189.7,0,63.43,2.719,209.5938656,8.464,2010,4,13,528735.0832000003,11454.61679999961,April,Regular Week,Actual
37,2010-04-09,513327.55,0,68.54,2.77,209.400638,8.464,2010,4,14,519093.8819999995,-5766.331999999529,April,Regular Week,Actual
37,2010-04-16,524544.83,0,66.74,2.808,209.2691428,8.464,2010,4,15,524362.5609999993,182.26900000066962,April,Regular Week,Actual
37,2010-04-23,527019.78,0,68.03,2.795,209.2199574,8.464,2010,4,16,524872.2989,2147.4810999999754,April,Regular Week,Actual
37,2010-04-30,517850.83,0,70.9,2.78,209.170772,8.464,2010,4,17,521565.96419999993,-3715.134199999913,April,Regular Week,Actual
37,2010-05-07,543234.77,0,75.56,2.835,209.1215867,8.464,2010,5,18,530763.6871000004,12471.082899999572,May,Regular Week,Actual
37,2010-05-14,505196.08,0,77.53,2.854,209.118536,8.464,2010,5,19,509380.7844999995,-4184.704499999469,May,Regular Week,Actual
37,2010-05-21,510494.7,0,77.34,2.826,209.3922937,8.464,2010,5,20,510618.2851000003,-123.58510000031674,May,Regular Week,Actual
37,2010-05-28,532241.22,0,80.87,2.759,209.6660514,8.464,2010,5,21,498427.7060000002,33813.51399999979,May,Regular Week,Actual
37,2010-06-04,479195.02,0,79.93,2.705,209.9398091,8.464,2010,6,22,486399.0345000005,-7204.014500000456,June,Regular Week,Actual
37,2010-06-11,481915.11,0,82.3,2.668,210.2135668,8.464,2010,6,23,488638.63329999975,-6723.523299999768,June,Regular Week,Actual
37,2010-06-18,505761.62,0,84.37,2.637,210.2108417,8.464,2010,6,24,500550.4221999996,5211.197800000373,June,Regular Week,Actual
37,2010-06-25,485419.39,0,84.14,2.653,210.0975233,8.464,2010,6,25,489396.49870000005,-3977.1087000000407,June,Regular Week,Actual
37,2010-07-02,498292.53,0,81.85,2.669,209.984205,8.36,2010,7,26,492962.0153000003,5330.514699999709,July,Regular Week,Actual
37,2010-07-09,502456.04,0,81.74,2.642,209.8708867,8.36,2010,7,27,499528.0911999996,2927.948800000362,July,Regular Week,Actual
37,2010-07-16,485150.01,0,84.43,2.623,209.8630532,8.36,2010,7,28,499886.4816999996,-14736.471699999587,July,Regular Week,Actual
37,2010-07-23,491998.12,0,82.6,2.608,209.9958663,8.36,2010,7,29,496107.1954999995,-4109.0754999995115,July,Regular Week,Actual
37,2010-07-30,487912.95,0,81.88,2.64,210.1286794,8.36,2010,7,30,492569.8771,-4656.927099999972,July,Regular Week,Actual
37,2010-08-06,508576.62,0,85.49,2.627,210.2614925,8.36,2010,8,31,499206.2867999997,9370.333200000285,August,Regular Week,Actual
37,2010-08-13,491815.83,0,86.06,2.692,210.3943056,8.36,2010,8,32,492449.62279999926,-633.7927999992389,August,Regular Week,Actual
37,2010-08-20,486930.72,0,85.54,2.664,210.3617581,8.36,2010,8,33,490920.6935999994,-3989.9735999994446,August,Regular Week,Actual
37,2010-08-27,512157.25,0,84.62,2.619,210.3292106,8.36,2010,8,34,507217.58679999993,4939.663200000068,August,Regular Week,Actual
37,2010-09-03,510427.53,0,82.29,2.577,210.2966631,8.36,2010,9,35,508958.7127000004,1468.817299999646,September,Regular Week,Actual
37,2010-09-10,510296.07,1,80.58,2.565,210.2641156,8.36,2010,9,36,508767.15610000014,1528.9138999998686,September,Holiday Week,Actual
37,2010-09-17,501251.4,0,82.1,2.582,210.2924504,8.36,2010,9,37,508079.2591000002,-6827.859100000176,September,Regular Week,Actual
37,2010-09-24,494265.48,0,79.17,2.624,210.3664469,8.36,2010,9,38,501021.0913999995,-6755.611399999529,September,Regular Week,Actual
37,2010-10-01,529877.93,0,74.66,2.603,210.4404433,8.476,2010,10,39,526047.5891999997,3830.3408000003546,October,Regular Week,Actual
37,2010-10-08,524483.65,0,66.34,2.633,210.5144398,8.476,2010,10,40,524771.2617999994,-287.61179999937303,October,Regular Week,Actual
37,2010-10-15,498925.86,0,71.57,2.72,210.5805944,8.476,2010,10,41,507102.48149999947,-8176.6214999994845,October,Regular Week,Actual
37,2010-10-22,510425.4,0,72.24,2.725,210.6271444,8.476,2010,10,42,511996.7367999994,-1571.3367999993498,October,Regular Week,Actual
37,2010-10-29,514485.9,0,76.22,2.716,210.6736944,8.476,2010,10,43,512169.3734999994,2316.5265000006184,October,Regular Week,Actual
37,2010-11-05,539683.42,0,62.72,2.689,210.7202444,8.476,2010,11,44,529357.4175000006,10326.002499999478,November,Regular Week,Actual
37,2010-11-12,517546.69,0,61.97,2.728,210.7667944,8.476,2010,11,45,517188.0752999996,358.6147000003839,November,Regular Week,Actual
37,2010-11-19,518124.16,0,56.73,2.771,210.65429,8.476,2010,11,46,518858.8708999993,-734.710899999307,November,Regular Week,Actual
37,2010-11-26,518220.72,1,67.73,2.735,210.5152765,8.476,2010,11,47,514665.1770999994,3555.5429000005824,November,Holiday Week,Actual
37,2010-12-03,508213.14,0,54.44,2.708,210.376263,8.476,2010,12,48,512475.1837000004,-4262.043700000388,December,Regular Week,Actual
37,2010-12-10,511207.52,0,51.83,2.843,210.2372494,8.476,2010,12,49,513272.53780000063,-2065.0178000006126,December,Regular Week,Actual
37,2010-12-17,534285.21,0,56.73,2.869,210.1787224,8.476,2010,12,50,528134.0479000007,6151.162099999259,December,Regular Week,Actual
37,2010-12-24,576809.92,0,59.1,2.886,210.1805602,8.476,2010,12,51,565788.9062000009,11021.013799999142,December,Regular Week,Actual
37,2010-12-31,460331.7,1,52.88,2.943,210.182398,8.476,2010,12,52,499735.46479999996,-39403.764799999946,December,Holiday Week,Actual
37,2011-01-07,542464.02,0,54.11,2.976,210.1842358,8.395,2011,1,1,539699.3439000003,2764.6760999996914,January,Regular Week,Actual
37,2011-01-14,525616.9,0,42.87,2.983,210.2379731,8.395,2011,1,2,530760.3053999994,-5143.405399999348,January,Regular Week,Actual
37,2011-01-21,526486.82,0,51.18,3.016,210.6031072,8.395,2011,1,3,528525.3455000002,-2038.5255000002217,January,Regular Week,Actual
37,2011-01-28,513672.36,0,48.74,3.01,210.9682412,8.395,2011,1,4,529697.7733999997,-16025.413399999728,January,Regular Week,Actual
37,2011-02-04,583835.18,0,46.68,2.989,211.3333753,8.395,2011,2,5,560066.1026999998,23769.077300000237,February,Regular Week,Actual
37,2011-02-11,522514.32,1,41.16,3.022,211.6985093,8.395,2011,2,6,529643.227,-7128.906999999948,February,Holiday Week,Actual
37,2011-02-18,536840.69,0,57.48,3.045,212.0063522,8.395,2011,2,7,533867.2201999996,2973.469800000312,February,Regular Week,Actual
37,2011-02-25,514758.19,0,67.73,3.065,212.2912786,8.395,2011,2,8,515442.6868999997,-684.4968999996781,February,Regular Week,Actual
37,2011-03-04,527572.25,0,64.55,3.288,212.576205,8.395,2011,3,9,511535.97049999976,16036.279500000237,March,Regular Week,Actual
37,2011-03-11,505610.4,0,59.15,3.459,212.8611313,8.395,2011,3,10,510265.2358999995,-4654.835899999482,March,Regular Week,Actual
37,2011-03-18,478503.06,0,64.9,3.488,213.1096787,8.395,2011,3,11,492465.8708,-13962.810799999977,March,Regular Week,Actual
37,2011-03-25,522105.93,0,71.07,3.473,213.3436744,8.395,2011,3,12,511803.47099999984,10302.459000000148,March,Regular Week,Actual
37,2011-04-01,534578.78,0,67.31,3.524,213.5776701,8.3,2011,4,13,531333.4693000001,3245.3106999999145,April,Regular Week,Actual
37,2011-04-08,543703.16,0,69.39,3.622,213.8116658,8.3,2011,4,14,538852.6445999991,4850.515400000964,April,Regular Week,Actual
37,2011-04-15,543775.87,0,73.25,3.743,214.026217,8.3,2011,4,15,539026.6645999994,4749.205400000559,April,Regular Week,Actual
37,2011-04-22,526434.37,0,74.57,3.807,214.1921572,8.3,2011,4,16,529599.9090999993,-3165.539099999354,April,Regular Week,Actual
37,2011-04-29,502918.18,0,76.1,3.81,214.3580974,8.3,2011,4,17,509828.90249999985,-6910.722499999858,April,Regular Week,Actual
37,2011-05-06,547513.3,0,69.56,3.906,214.5240376,8.3,2011,5,18,540425.9041999995,7087.395800000522,May,Regular Week,Actual
37,2011-05-13,511871.63,0,76.73,3.899,214.6899778,8.3,2011,5,19,518327.1175000003,-6455.487500000279,May,Regular Week,Actual
37,2011-05-20,533564.42,0,73.02,3.907,214.465412,8.3,2011,5,20,536895.6469000007,-3331.2269000007072,May,Regular Week,Actual
37,2011-05-27,507086.75,0,81.28,3.786,214.2408462,8.3,2011,5,21,507300.7118999998,-213.96189999982016,May,Regular Week,Actual
37,2011-06-03,500381.23,0,82.96,3.699,214.0162805,8.3,2011,6,22,502818.7079999993,-2437.4779999993043,June,Regular Week,Actual
37,2011-06-10,509647.25,0,82.41,3.648,213.7917147,8.3,2011,6,23,511272.9750999997,-1625.7250999996904,June,Regular Week,Actual
37,2011-06-17,525132.36,0,84.43,3.637,213.7481256,8.3,2011,6,24,519637.2730999996,5495.086900000402,June,Regular Week,Actual
37,2011-06-24,509276.22,0,83.95,3.594,213.8402689,8.3,2011,6,25,511310.25959999947,-2034.0395999994944,June,Regular Week,Actual
37,2011-07-01,517021.3,0,85.33,3.524,213.9324122,8.177,2011,7,26,503790.1918999998,13231.108100000187,July,Regular Week,Actual
37,2011-07-08,489059.93,0,84.71,3.48,214.0245556,8.177,2011,7,27,498886.11349999986,-9826.183499999868,July,Regular Week,Actual
37,2011-07-15,498749.62,0,85.63,3.575,214.1083654,8.177,2011,7,28,506620.45730000036,-7870.837300000363,July,Regular Week,Actual
37,2011-07-22,505543.53,0,83.31,3.651,214.1713416,8.177,2011,7,29,506082.0537000004,-538.523700000369,July,Regular Week,Actual
37,2011-07-29,504974.95,0,84.99,3.682,214.2343177,8.177,2011,7,30,505617.4921000006,-642.5421000006027,July,Regular Week,Actual
37,2011-08-05,510787.46,0,86.71,3.684,214.2972939,8.177,2011,8,31,508960.3450000006,1827.1149999994086,August,Regular Week,Actual
37,2011-08-12,502504.39,0,87.64,3.638,214.3602701,8.177,2011,8,32,504862.94390000025,-2358.553900000232,August,Regular Week,Actual
37,2011-08-19,506897.98,0,87.24,3.554,214.4239935,8.177,2011,8,33,507568.9075999995,-670.9275999995298,August,Regular Week,Actual
37,2011-08-26,527947.21,0,86.02,3.523,214.4878416,8.177,2011,8,34,521157.8847000003,6789.325299999677,August,Regular Week,Actual
37,2011-09-02,530367.83,0,87.5,3.533,214.5516896,8.177,2011,9,35,519192.4880000002,11175.341999999771,September,Regular Week,Actual
37,2011-09-09,506273.74,1,77.94,3.546,214.6155376,8.177,2011,9,36,517245.7675,-10972.027500000026,September,Holiday Week,Actual
37,2011-09-16,513341.94,0,82.06,3.526,214.7934111,8.177,2011,9,37,514372.44349999994,-1030.5034999999334,September,Regular Week,Actual
37,2011-09-23,516556.94,0,78.35,3.467,215.1233185,8.177,2011,9,38,516324.7582000002,232.18179999978747,September,Regular Week,Actual
37,2011-09-30,516402.1,0,81.52,3.355,215.4532259,8.177,2011,9,39,515709.01470000064,693.0852999993367,September,Regular Week,Actual
37,2011-10-07,522816.85,0,71.2,3.285,215.7831333,7.716,2011,10,40,518855.5855999994,3961.2644000005675,October,Regular Week,Actual
37,2011-10-14,513636.01,0,74.16,3.274,216.0885258,7.716,2011,10,41,518510.87539999967,-4874.86539999966,October,Regular Week,Actual
37,2011-10-21,522784.33,0,67.89,3.353,216.2468287,7.716,2011,10,42,522392.6711999992,391.6588000007905,October,Regular Week,Actual
37,2011-10-28,517355.44,0,71.31,3.372,216.4051315,7.716,2011,10,43,519059.9294999994,-1704.4894999993849,October,Regular Week,Actual
37,2011-11-04,555925.6,0,58.97,3.332,216.5634344,7.716,2011,11,44,543106.1798000007,12819.420199999237,November,Regular Week,Actual
37,2011-11-11,501268.78,0,63.5,3.297,216.7217373,7.716,2011,11,45,513436.47200000077,-12167.692000000738,November,Regular Week,Actual
37,2011-11-18,527495.09,0,66.28,3.308,216.9395861,7.716,2011,11,46,522489.66750000103,5005.422499998938,November,Regular Week,Actual
37,2011-11-25,522554.04,1,66.41,3.236,217.1812533,7.716,2011,11,47,515682.1631000007,6871.876899999275,November,Holiday Week,Actual
37,2011-12-02,527117.81,0,53.57,3.172,217.4229206,7.716,2011,12,48,530022.5926000008,-2904.7826000007335,December,Regular Week,Actual
37,2011-12-09,537224.52,0,50.64,3.158,217.6645878,7.716,2011,12,49,530314.4086000008,6910.111399999238,December,Regular Week,Actual
37,2011-12-16,533905.67,0,58.31,3.159,217.8781339,7.716,2011,12,50,534869.476100001,-963.8061000009766,December,Regular Week,Actual
37,2011-12-23,605791.46,0,55.41,3.112,218.0541851,7.716,2011,12,51,578423.0628000009,27368.397199999075,December,Regular Week,Actual
37,2011-12-30,451327.61,1,48.26,3.129,218.2302364,7.716,2011,12,52,497495.2337,-46167.6237,December,Holiday Week,Actual
37,2012-01-06,558343.57,0,57.18,3.157,218.4062876,7.244,2012,1,1,552735.0083000001,5608.561699999846,January,Regular Week,Actual
37,2012-01-13,546221.4,0,56.28,3.261,218.5823389,7.244,2012,1,2,546166.3589999995,55.04100000055041,January,Regular Week,Actual
37,2012-01-20,543894.07,0,58.9,3.268,218.6755292,7.244,2012,1,3,543070.4262999999,823.6437000000151,January,Regular Week,Actual
37,2012-01-27,514116.58,0,62.73,3.29,218.7687195,7.244,2012,1,4,522244.2772999994,-8127.6972999993595,January,Regular Week,Actual
37,2012-02-03,555424.24,0,61.33,3.36,218.8619099,7.244,2012,2,5,531192.1414999996,24232.09850000043,February,Regular Week,Actual
37,2012-02-10,527041.46,1,54.49,3.409,218.9551002,7.244,2012,2,6,535885.4568999996,-8843.996899999678,February,Holiday Week,Actual
37,2012-02-17,541071.29,0,54.38,3.51,219.1148297,7.244,2012,2,7,538083.9753999996,2987.314600000391,February,Regular Week,Actual
37,2012-02-24,518696.89,0,62.21,3.555,219.3244636,7.244,2012,2,8,519862.30520000047,-1165.4152000004542,February,Regular Week,Actual
37,2012-03-02,525559.17,0,64.54,3.63,219.5340975,7.244,2012,3,9,520485.71310000087,5073.456899999175,March,Regular Week,Actual
37,2012-03-09,535937.25,0,63.19,3.669,219.7437314,7.244,2012,3,10,511233.3818000009,24703.868199999095,March,Regular Week,Actual
37,2012-03-16,484588.34,0,67.48,3.734,219.8956335,7.244,2012,3,11,496340.38750000065,-11752.047500000626,March,Regular Week,Actual
37,2012-03-23,520887.23,0,69.18,3.787,219.9705599,7.244,2012,3,12,513994.8322999996,6892.39770000038,March,Regular Week,Actual
37,2012-03-30,533734.94,0,70.48,3.845,220.0454862,7.244,2012,3,13,528926.2498999995,4808.690100000473,March,Regular Week,Actual
37,2012-04-06,564848.78,0,73.95,3.891,220.1204125,6.989,2012,4,14,553808.0494000005,11040.730599999544,April,Regular Week,Actual
37,2012-04-13,506973.17,0,72.54,3.891,220.1953389,6.989,2012,4,15,522715.7616000007,-15742.591600000742,April,Regular Week,Actual
37,2012-04-20,523483.19,0,70.87,3.877,220.2483937,6.989,2012,4,16,524527.989,-1044.7989999999409,April,Regular Week,Actual
37,2012-04-27,528807.45,0,70.06,3.814,220.3014485,6.989,2012,4,17,527743.5143000004,1063.9356999995653,April,Regular Week,Actual
37,2012-05-04,535311.64,0,77.17,3.749,220.3545033,6.989,2012,5,18,528945.6147000002,6366.025299999863,May,Regular Week,Actual
37,2012-05-11,527983.04,0,76.55,3.688,220.4075581,6.989,2012,5,19,526528.5069999999,1454.5330000001704,May,Regular Week,Actual
37,2012-05-18,534847.96,0,73.7,3.63,220.4252149,6.989,2012,5,20,534982.1647000003,-134.2047000003513,May,Regular Week,Actual
37,2012-05-25,540625.79,0,78.94,3.561,220.4287124,6.989,2012,5,21,531120.2193999997,9505.570600000327,May,Regular Week,Actual
37,2012-06-01,531811.85,0,80.74,3.501,220.4322099,6.989,2012,6,22,524829.9400000001,6981.909999999916,June,Regular Week,Actual
37,2012-06-08,528940.78,0,81.5,3.452,220.4357073,6.989,2012,6,23,523798.0936000004,5142.686399999657,June,Regular Week,Actual
37,2012-06-15,508573.16,0,82.15,3.393,220.4494148,6.989,2012,6,24,511234.9189999993,-2661.7589999993215,June,Regular Week,Actual
37,2012-06-22,484032.75,0,80.4,3.346,220.4886472,6.989,2012,6,25,515988.2577999998,-31955.50779999979,June,Regular Week,Actual
37,2012-06-29,508309.81,0,86.68,3.286,220.5278796,6.989,2012,6,26,511094.2712999997,-2784.4612999996752,June,Regular Week,Actual
37,2012-07-06,519498.32,0,81.52,3.227,220.567112,6.623,2012,7,27,514399.46070000005,5098.859299999953,July,Regular Week,Actual
37,2012-07-13,506005.47,0,78.15,3.256,220.6063444,6.623,2012,7,28,511861.6549999996,-5856.184999999648,July,Regular Week,Actual
37,2012-07-20,503744.56,0,81.76,3.311,220.6148749,6.623,2012,7,29,507137.51720000035,-3392.9572000003536,July,Regular Week,Actual
37,2012-07-27,514489.17,0,84.0,3.407,220.6234054,6.623,2012,7,30,512448.0411000008,2041.1288999991957,July,Regular Week,Actual
37,2012-08-03,521959.28,0,85.56,3.417,220.6319358,6.623,2012,8,31,517198.49530000077,4760.784699999262,August,Regular Week,Actual
37,2012-08-10,500964.59,0,84.41,3.494,220.6404663,6.623,2012,8,32,508401.75130000093,-7437.161300000909,August,Regular Week,Actual
37,2012-08-17,509633.71,0,85.89,3.571,220.7199609,6.623,2012,8,33,512657.04150000075,-3023.331500000728,August,Regular Week,Actual
37,2012-08-24,522665.04,0,81.26,3.62,220.8526787,6.623,2012,8,34,520716.0489999998,1948.9910000001546,August,Regular Week,Actual
37,2012-08-31,538344.1,0,84.79,3.638,220.9853964,6.623,2012,8,35,518585.87250000023,19758.227499999746,August,Regular Week,Actual
37,2012-09-07,526838.14,1,84.19,3.73,221.1181142,6.623,2012,9,36,521422.1014000004,5416.0385999996215,September,Holiday Week,Actual
37,2012-09-14,514651.74,0,78.16,3.717,221.2601207,6.623,2012,9,37,517914.97010000015,-3263.2301000001607,September,Regular Week,Actual
37,2012-09-21,521320.98,0,75.98,3.721,221.4578604,6.623,2012,9,38,522911.80249999935,-1590.822499999369,September,Regular Week,Actual
37,2012-09-28,527953.14,0,79.49,3.666,221.6556,6.623,2012,9,39,518195.0674000003,9758.072599999723,September,Regular Week,Actual
37,2012-10-05,546122.37,0,73.57,3.617,221.8533396,6.228,2012,10,40,540159.1817999994,5963.188200000557,October,Regular Week,Actual
37,2012-10-12,521810.75,0,71.28,3.601,222.0510793,6.228,2012,10,41,527278.7779000001,-5468.027900000103,October,Regular Week,Actual
37,2012-10-19,551969.1,0,74.06,3.594,222.0951719,6.228,2012,10,42,543317.6791000004,8651.42089999956,October,Regular Week,Actual
37,2012-10-26,534738.43,0,74.39,3.506,222.1136566,6.228,2012,10,43,535859.2727,-1120.842699999921,October,Regular Week,Actual
38,2010-02-05,358496.14,0,49.47,2.962,126.4420645,13.975,2010,2,5,353701.8036000004,4794.336399999622,February,Regular Week,Actual
38,2010-02-12,342214.9,1,47.87,2.946,126.4962581,13.975,2010,2,6,354051.8466000004,-11836.946600000374,February,Holiday Week,Actual
38,2010-02-19,327237.92,0,54.83,2.915,126.5262857,13.975,2010,2,7,334326.8241000007,-7088.904100000742,February,Regular Week,Actual
38,2010-02-26,334222.73,0,50.23,2.825,126.5522857,13.975,2010,2,8,337367.33140000043,-3144.6014000004507,February,Regular Week,Actual
38,2010-03-05,372239.89,0,53.77,2.987,126.5782857,13.975,2010,3,9,359449.68880000047,12790.201199999545,March,Regular Week,Actual
38,2010-03-12,342023.92,0,50.11,2.925,126.6042857,13.975,2010,3,10,345906.47310000064,-3882.5531000006595,March,Regular Week,Actual
38,2010-03-19,333025.47,0,59.57,3.054,126.6066452,13.975,2010,3,11,336279.7041999999,-3254.234199999948,March,Regular Week,Actual
38,2010-03-26,335858.11,0,60.06,3.083,126.6050645,13.975,2010,3,12,338199.0523000002,-2340.942300000228,March,Regular Week,Actual
38,2010-04-02,368929.55,0,59.84,3.086,126.6034839,14.099,2010,4,13,343022.6876000003,25906.862399999693,April,Regular Week,Actual
38,2010-04-09,341630.46,0,59.25,3.09,126.6019032,14.099,2010,4,14,342827.4472000003,-1196.9872000002651,April,Regular Week,Actual
38,2010-04-16,337723.49,0,64.95,3.109,126.5621,14.099,2010,4,15,343027.5708999996,-5304.080899999593,April,Regular Week,Actual
38,2010-04-23,335121.82,0,64.55,3.05,126.4713333,14.099,2010,4,16,336115.81470000005,-993.9947000000393,April,Regular Week,Actual
38,2010-04-30,337979.65,0,67.38,3.105,126.3805667,14.099,2010,4,17,347716.96140000003,-9737.311400000006,April,Regular Week,Actual
38,2010-05-07,383657.44,0,70.15,3.127,126.2898,14.099,2010,5,18,372543.26640000026,11114.173599999747,May,Regular Week,Actual
38,2010-05-14,346174.3,0,68.44,3.145,126.2085484,14.099,2010,5,19,352904.7443000002,-6730.444300000207,May,Regular Week,Actual
38,2010-05-21,340497.08,0,76.2,3.12,126.1843871,14.099,2010,5,20,368293.5700000001,-27796.490000000107,May,Regular Week,Actual
38,2010-05-28,326469.43,0,67.84,3.058,126.1602258,14.099,2010,5,21,331957.1114999999,-5487.68149999989,May,Regular Week,Actual
38,2010-06-04,376184.88,0,81.39,2.941,126.1360645,14.099,2010,6,22,362682.99159999995,13501.888400000054,June,Regular Week,Actual
38,2010-06-11,354828.65,0,90.84,2.949,126.1119032,14.099,2010,6,23,352777.4221999997,2051.2278000003425,June,Regular Week,Actual
38,2010-06-18,335691.85,0,81.06,3.043,126.114,14.099,2010,6,24,337947.4808000004,-2255.63080000045,June,Regular Week,Actual
38,2010-06-25,322046.76,0,87.27,3.084,126.1266,14.099,2010,6,25,332991.6885000004,-10944.928500000387,June,Regular Week,Actual
38,2010-07-02,361181.48,0,91.98,3.105,126.1392,14.18,2010,7,26,353550.1924000002,7631.287599999807,July,Regular Week,Actual
38,2010-07-09,343850.34,0,90.37,3.1,126.1518,14.18,2010,7,27,345805.2463000002,-1954.906300000148,July,Regular Week,Actual
38,2010-07-16,338277.71,0,97.18,3.094,126.1498065,14.18,2010,7,28,338017.78080000053,259.92919999948936,July,Regular Week,Actual
38,2010-07-23,328336.85,0,99.22,3.112,126.1283548,14.18,2010,7,29,333951.7057000004,-5614.855700000422,July,Regular Week,Actual
38,2010-07-30,336378.38,0,96.31,3.017,126.1069032,14.18,2010,7,30,339593.83450000023,-3215.4545000002254,July,Regular Week,Actual
38,2010-08-06,378574.44,0,92.95,3.123,126.0854516,14.18,2010,8,31,363703.7357000003,14870.704299999692,August,Regular Week,Actual
38,2010-08-13,341400.72,0,87.01,3.159,126.064,14.18,2010,8,32,348841.21059999993,-7440.490599999961,August,Regular Week,Actual
38,2010-08-20,329139.73,0,92.81,3.041,126.0766452,14.18,2010,8,33,338348.2358000004,-9208.505800000392,August,Regular Week,Actual
38,2010-08-27,322868.56,0,93.19,3.129,126.0892903,14.18,2010,8,34,336897.1203999998,-14028.560399999784,August,Regular Week,Actual
38,2010-09-03,377096.55,0,83.12,3.087,126.1019355,14.18,2010,9,35,362921.98490000016,14174.565099999832,September,Regular Week,Actual
38,2010-09-10,336227.69,1,83.63,3.044,126.1145806,14.18,2010,9,36,339007.8456000005,-2780.155600000522,September,Holiday Week,Actual
38,2010-09-17,336253.19,0,82.45,3.028,126.1454667,14.18,2010,9,37,339993.40890000045,-3740.2189000004437,September,Regular Week,Actual
38,2010-09-24,330604.9,0,81.77,2.939,126.1900333,14.18,2010,9,38,356359.2468,-25754.3468,September,Regular Week,Actual
38,2010-10-01,360256.58,0,85.2,3.001,126.2346,14.313,2010,10,39,346299.8985,13956.681500000006,October,Regular Week,Actual
38,2010-10-08,351271.36,0,71.82,3.013,126.2791667,14.313,2010,10,40,348086.6950999998,3184.664900000207,October,Regular Week,Actual
38,2010-10-15,337743.26,0,75.0,2.976,126.3266774,14.313,2010,10,41,343529.0590000003,-5785.79900000029,October,Regular Week,Actual
38,2010-10-22,339042.18,0,68.85,3.014,126.3815484,14.313,2010,10,42,341583.8491,-2541.669099999999,October,Regular Week,Actual
38,2010-10-29,341219.63,0,61.09,3.016,126.4364194,14.313,2010,10,43,341878.2992999999,-658.6692999998922,October,Regular Week,Actual
38,2010-11-05,380870.09,0,65.49,3.129,126.4912903,14.313,2010,11,44,366975.6638,13894.426200000045,November,Regular Week,Actual
38,2010-11-12,340147.2,0,57.79,3.13,126.5461613,14.313,2010,11,45,349886.42919999966,-9739.229199999652,November,Regular Week,Actual
38,2010-11-19,348593.99,0,58.18,3.161,126.6072,14.313,2010,11,46,347228.6398999996,1365.350100000389,November,Regular Week,Actual
38,2010-11-26,360857.98,1,47.66,3.162,126.6692667,14.313,2010,11,47,356815.6213000001,4042.358699999866,November,Holiday Week,Actual
38,2010-12-03,351925.36,0,43.33,3.041,126.7313333,14.313,2010,12,48,349551.63029999984,2373.7297000001417,December,Regular Week,Actual
38,2010-12-10,355965.23,0,50.01,3.203,126.7934,14.313,2010,12,49,351827.4276,4137.802399999986,December,Regular Week,Actual
38,2010-12-17,334441.15,0,52.77,3.236,126.8794839,14.313,2010,12,50,341193.2880999994,-6752.1380999994,December,Regular Week,Actual
38,2010-12-24,369106.72,0,52.02,3.236,126.9835806,14.313,2010,12,51,343493.1683999995,25613.55160000047,December,Regular Week,Actual
38,2010-12-31,303908.81,1,45.64,3.148,127.0876774,14.313,2010,12,52,351757.4186999999,-47848.608699999924,December,Holiday Week,Actual
38,2011-01-07,386344.54,0,37.64,3.287,127.1917742,14.021,2011,1,1,355925.5879999995,30418.952000000456,January,Regular Week,Actual
38,2011-01-14,356138.79,0,43.15,3.312,127.3009355,14.021,2011,1,2,357904.91959999956,-1766.1295999995782,January,Regular Week,Actual
38,2011-01-21,341098.08,0,53.53,3.223,127.4404839,14.021,2011,1,3,348331.9709999993,-7233.890999999305,January,Regular Week,Actual
38,2011-01-28,357557.16,0,50.74,3.342,127.5800323,14.021,2011,1,4,358460.2964999998,-903.1364999998477,January,Regular Week,Actual
38,2011-02-04,402341.76,0,45.14,3.348,127.7195806,14.021,2011,2,5,359626.65819999995,42715.10180000006,February,Regular Week,Actual
38,2011-02-11,377672.46,1,51.3,3.381,127.859129,14.021,2011,2,6,371687.0792000004,5985.380799999635,February,Holiday Week,Actual
38,2011-02-18,364606.7,0,53.35,3.43,127.99525,14.021,2011,2,7,363371.29149999976,1235.4085000002524,February,Regular Week,Actual
38,2011-02-25,354232.34,0,48.45,3.53,128.13,14.021,2011,2,8,366069.0566,-11836.716599999985,February,Regular Week,Actual
38,2011-03-04,405429.43,0,51.72,3.674,128.26475,14.021,2011,3,9,389802.5612999998,15626.868700000166,March,Regular Week,Actual
38,2011-03-11,357897.18,0,57.75,3.818,128.3995,14.021,2011,3,10,361354.85389999975,-3457.6738999997615,March,Regular Week,Actual
38,2011-03-18,349459.95,0,64.21,3.692,128.5121935,14.021,2011,3,11,360642.88669999986,-11182.936699999846,March,Regular Week,Actual
38,2011-03-25,351541.62,0,54.4,3.909,128.6160645,14.021,2011,3,12,356942.89420000004,-5401.2742000000435,March,Regular Week,Actual
38,2011-04-01,382098.13,0,63.63,3.772,128.7199355,13.736,2011,4,13,373551.3768000002,8546.753199999803,April,Regular Week,Actual
38,2011-04-08,392152.3,0,64.47,4.003,128.8238065,13.736,2011,4,14,364707.1064,27445.1936,April,Regular Week,Actual
38,2011-04-15,362758.94,0,57.63,3.868,128.9107333,13.736,2011,4,15,364243.09900000016,-1484.1590000001597,April,Regular Week,Actual
38,2011-04-22,362952.34,0,72.12,4.134,128.9553,13.736,2011,4,16,361664.5553999999,1287.78460000013,April,Regular Week,Actual
38,2011-04-29,344225.99,0,68.27,4.151,128.9998667,13.736,2011,4,17,355679.2165999995,-11453.226599999529,April,Regular Week,Actual
38,2011-05-06,422186.65,0,68.4,4.193,129.0444333,13.736,2011,5,18,399342.3979999995,22844.252000000502,May,Regular Week,Actual
38,2011-05-13,366977.79,0,70.93,4.202,129.089,13.736,2011,5,19,376210.80899999937,-9233.018999999389,May,Regular Week,Actual
38,2011-05-20,365730.76,0,66.59,4.169,129.0756774,13.736,2011,5,20,367301.7499000002,-1570.9899000002188,May,Regular Week,Actual
38,2011-05-27,356886.1,0,76.67,4.087,129.0623548,13.736,2011,5,21,364077.82750000036,-7191.7275000003865,May,Regular Week,Actual
38,2011-06-03,396826.06,0,71.81,4.031,129.0490323,13.736,2011,6,22,388170.94000000006,8655.119999999937,June,Regular Week,Actual
38,2011-06-10,381763.02,0,78.72,3.981,129.0357097,13.736,2011,6,23,384007.85829999996,-2244.838299999945,June,Regular Week,Actual
38,2011-06-17,356797.0,0,86.84,3.935,129.0432,13.736,2011,6,24,376666.6350999999,-19869.635099999898,June,Regular Week,Actual
38,2011-06-24,354078.95,0,88.95,3.898,129.0663,13.736,2011,6,25,363140.70979999984,-9061.759799999825,June,Regular Week,Actual
38,2011-07-01,387334.04,0,89.85,3.842,129.0894,13.503,2011,7,26,384353.96709999966,2980.0729000003194,July,Regular Week,Actual
38,2011-07-08,399699.17,0,89.9,3.705,129.1125,13.503,2011,7,27,392507.3432000007,7191.826799999282,July,Regular Week,Actual
38,2011-07-15,367181.71,0,88.1,3.692,129.1338387,13.503,2011,7,28,377161.2243000006,-9979.514300000563,July,Regular Week,Actual
38,2011-07-22,365562.67,0,91.17,3.794,129.1507742,13.503,2011,7,29,378393.8075000006,-12831.137500000594,July,Regular Week,Actual
38,2011-07-29,355131.33,0,93.29,3.805,129.1677097,13.503,2011,7,30,361487.9519999996,-6356.6219999995665,July,Regular Week,Actual
38,2011-08-05,437631.44,0,90.61,3.803,129.1846452,13.503,2011,8,31,410284.7597,27346.680300000007,August,Regular Week,Actual
38,2011-08-12,387844.05,0,91.04,3.701,129.2015806,13.503,2011,8,32,391491.1771000001,-3647.1271000000997,August,Regular Week,Actual
38,2011-08-19,362224.7,0,91.74,3.743,129.2405806,13.503,2011,8,33,371849.81719999993,-9625.11719999992,August,Regular Week,Actual
38,2011-08-26,365672.55,0,94.61,3.74,129.2832581,13.503,2011,8,34,368563.1201,-2890.5701000000117,August,Regular Week,Actual
38,2011-09-02,416953.51,0,93.66,3.798,129.3259355,13.503,2011,9,35,373258.74380000005,43694.766199999955,September,Regular Week,Actual
38,2011-09-09,397771.68,1,88.0,3.913,129.3686129,13.503,2011,9,36,392338.28309999994,5433.396900000051,September,Holiday Week,Actual
38,2011-09-16,408188.88,0,76.36,3.918,129.4306,13.503,2011,9,37,400476.5922000003,7712.2877999997,September,Regular Week,Actual
38,2011-09-23,394665.28,0,82.95,3.789,129.5183333,13.503,2011,9,38,393045.0858000004,1620.1941999996197,September,Regular Week,Actual
38,2011-09-30,366819.84,0,83.26,3.877,129.6060667,13.503,2011,9,39,376362.68480000016,-9542.844800000137,September,Regular Week,Actual
38,2011-10-07,449516.29,0,70.44,3.827,129.6938,12.89,2011,10,40,396606.1393000006,52910.15069999936,October,Regular Week,Actual
38,2011-10-14,400430.78,0,67.31,3.805,129.7706452,12.89,2011,10,41,397006.1886000005,3424.59139999951,October,Regular Week,Actual
38,2011-10-21,402709.17,0,73.05,3.842,129.7821613,12.89,2011,10,42,398032.6139000008,4676.556099999172,October,Regular Week,Actual
38,2011-10-28,378539.17,0,67.41,3.727,129.7936774,12.89,2011,10,43,386438.38660000084,-7899.216600000858,October,Regular Week,Actual
38,2011-11-04,436970.1,0,59.77,3.828,129.8051935,12.89,2011,11,44,393291.09220000054,43679.00779999944,November,Regular Week,Actual
38,2011-11-11,411116.95,0,48.76,3.824,129.8167097,12.89,2011,11,45,398482.67460000026,12634.275399999751,November,Regular Week,Actual
38,2011-11-18,392003.13,0,54.2,3.813,129.8268333,12.89,2011,11,46,393684.07510000025,-1680.9451000002446,November,Regular Week,Actual
38,2011-11-25,393715.71,1,53.25,3.622,129.8364,12.89,2011,11,47,395789.03930000047,-2073.3293000004487,November,Holiday Week,Actual
38,2011-12-02,411252.02,0,52.5,3.701,129.8459667,12.89,2011,12,48,406108.2038000005,5143.8161999995355,December,Regular Week,Actual
38,2011-12-09,435401.64,0,42.17,3.644,129.8555333,12.89,2011,12,49,422845.57860000053,12556.061399999482,December,Regular Week,Actual
38,2011-12-16,404283.84,0,43.29,3.6,129.8980645,12.89,2011,12,50,411676.22100000054,-7392.381000000518,December,Regular Week,Actual
38,2011-12-23,419717.41,0,45.4,3.541,129.9845484,12.89,2011,12,51,411730.3823999999,7987.027600000089,December,Regular Week,Actual
38,2011-12-30,342667.35,1,44.64,3.428,130.0710323,12.89,2011,12,52,370104.1662000005,-27436.816200000525,December,Holiday Week,Actual
38,2012-01-06,478483.2,0,50.43,3.599,130.1575161,12.187,2012,1,1,459668.5883000003,18814.611699999718,January,Regular Week,Actual
38,2012-01-13,423260.82,0,48.07,3.657,130.244,12.187,2012,1,2,428588.1675000001,-5327.347500000091,January,Regular Week,Actual
38,2012-01-20,405215.91,0,46.2,3.66,130.2792258,12.187,2012,1,3,419709.1882999998,-14493.27829999983,January,Regular Week,Actual
38,2012-01-27,412882.31,0,50.43,3.675,130.3144516,12.187,2012,1,4,428458.9053999998,-15576.595399999816,January,Regular Week,Actual
38,2012-02-03,457711.68,0,50.58,3.702,130.3496774,12.187,2012,2,5,429016.5755999998,28695.104400000186,February,Regular Week,Actual
38,2012-02-10,469787.38,1,52.27,3.722,130.3849032,12.187,2012,2,6,459496.5904000002,10290.789599999785,February,Holiday Week,Actual
38,2012-02-17,415513.97,0,51.8,3.781,130.4546207,12.187,2012,2,7,422658.0163999996,-7144.046399999643,February,Regular Week,Actual
38,2012-02-24,409411.61,0,53.13,3.95,130.5502069,12.187,2012,2,8,417307.36619999976,-7895.756199999771,February,Regular Week,Actual
38,2012-03-02,471115.38,0,52.27,4.178,130.6457931,12.187,2012,3,9,437033.0914999997,34082.288500000315,March,Regular Week,Actual
38,2012-03-09,452792.53,0,54.54,4.25,130.7413793,12.187,2012,3,10,433449.59899999964,19342.93100000039,March,Regular Week,Actual
38,2012-03-16,428465.11,0,64.44,4.273,130.8261935,12.187,2012,3,11,429483.3873999996,-1018.2773999996134,March,Regular Week,Actual
38,2012-03-23,412456.48,0,56.26,4.038,130.8966452,12.187,2012,3,12,429221.64839999983,-16765.16839999985,March,Regular Week,Actual
38,2012-03-30,408679.36,0,64.36,4.294,130.9670968,12.187,2012,3,13,431855.7179999999,-23176.35799999989,March,Regular Week,Actual
38,2012-04-06,499267.66,0,64.05,4.121,131.0375484,11.627,2012,4,14,475938.4907999994,23329.169200000586,April,Regular Week,Actual
38,2012-04-13,435790.74,0,64.28,4.254,131.108,11.627,2012,4,15,439916.57129999995,-4125.831299999962,April,Regular Week,Actual
38,2012-04-20,401615.8,0,66.73,4.222,131.1173333,11.627,2012,4,16,434486.08430000005,-32870.28430000006,April,Regular Week,Actual
38,2012-04-27,419964.77,0,77.99,4.193,131.1266667,11.627,2012,4,17,432781.7215000003,-12816.951500000258,April,Regular Week,Actual
38,2012-05-04,491755.69,0,76.03,4.171,131.136,11.627,2012,5,18,466492.44090000016,25263.24909999984,May,Regular Week,Actual
38,2012-05-11,429914.6,0,77.27,4.186,131.1453333,11.627,2012,5,19,443264.06980000046,-13349.469800000486,May,Regular Week,Actual
38,2012-05-18,412314.71,0,84.51,4.11,131.0983226,11.627,2012,5,20,452140.758,-39826.04799999995,May,Regular Week,Actual
38,2012-05-25,422810.12,0,83.84,4.293,131.0287742,11.627,2012,5,21,427109.11729999987,-4298.997299999872,May,Regular Week,Actual
38,2012-06-01,435579.7,0,78.11,4.277,130.9592258,11.627,2012,6,22,426769.9859,8809.714099999983,June,Regular Week,Actual
38,2012-06-08,448110.25,0,84.83,4.103,130.8896774,11.627,2012,6,23,441406.0947,6704.155299999984,June,Regular Week,Actual
38,2012-06-15,430222.07,0,85.94,4.144,130.8295333,11.627,2012,6,24,432113.0385000001,-1890.9685000000754,June,Regular Week,Actual
38,2012-06-22,405938.35,0,91.61,4.014,130.7929,11.627,2012,6,25,410578.7083000004,-4640.358300000429,June,Regular Week,Actual
38,2012-06-29,404634.36,0,90.47,3.875,130.7562667,11.627,2012,6,26,412848.10499999975,-8213.744999999763,June,Regular Week,Actual
38,2012-07-06,471086.22,0,89.13,3.765,130.7196333,10.926,2012,7,27,447548.34199999965,23537.878000000317,July,Regular Week,Actual
38,2012-07-13,416036.75,0,95.61,3.723,130.683,10.926,2012,7,28,443806.7763999998,-27770.0263999998,July,Regular Week,Actual
38,2012-07-20,441683.74,0,85.53,3.726,130.7012903,10.926,2012,7,29,440649.4331999997,1034.3068000003113,July,Regular Week,Actual
38,2012-07-27,407186.47,0,93.47,3.769,130.7195806,10.926,2012,7,30,423334.3988999996,-16147.92889999965,July,Regular Week,Actual
38,2012-08-03,469311.17,0,88.16,3.76,130.737871,10.926,2012,8,31,440610.3495999998,28700.8204000002,August,Regular Week,Actual
38,2012-08-10,436690.13,0,95.91,3.811,130.7561613,10.926,2012,8,32,427583.8427000004,9106.287299999618,August,Regular Week,Actual
38,2012-08-17,411866.46,0,94.87,4.002,130.7909677,10.926,2012,8,33,415795.9706000004,-3929.510600000387,August,Regular Week,Actual
38,2012-08-24,397428.22,0,85.32,4.055,130.8381613,10.926,2012,8,34,406536.42919999966,-9108.209199999692,August,Regular Week,Actual
38,2012-08-31,424904.95,0,89.78,4.093,130.8853548,10.926,2012,8,35,426253.62720000005,-1348.6772000000346,August,Regular Week,Actual
38,2012-09-07,490274.82,1,88.52,4.124,130.9325484,10.926,2012,9,36,469382.6407000001,20892.1792999999,September,Holiday Week,Actual
38,2012-09-14,430944.39,0,83.64,4.133,130.9776667,10.926,2012,9,37,427373.44030000013,3570.949699999881,September,Regular Week,Actual
38,2012-09-21,409600.98,0,82.97,4.125,131.0103333,10.926,2012,9,38,422063.8059999998,-12462.825999999826,September,Regular Week,Actual
38,2012-09-28,398468.08,0,81.22,3.966,131.043,10.926,2012,9,39,416563.62579999946,-18095.54579999944,September,Regular Week,Actual
38,2012-10-05,458479.01,0,81.61,3.966,131.0756667,10.199,2012,10,40,440979.06369999977,17499.946300000243,October,Regular Week,Actual
38,2012-10-12,437320.66,0,71.74,4.468,131.1083333,10.199,2012,10,41,437525.85949999955,-205.19949999958044,October,Regular Week,Actual
38,2012-10-19,428806.46,0,68.66,4.449,131.1499677,10.199,2012,10,42,438247.21459999995,-9440.754599999927,October,Regular Week,Actual
38,2012-10-26,417290.38,0,65.95,4.301,131.1930968,10.199,2012,10,43,431716.8505000002,-14426.47050000017,October,Regular Week,Actual
39,2010-02-05,1230596.8,0,44.3,2.572,209.8529663,8.554,2010,2,5,1235359.0052999982,-4762.205299998168,February,Regular Week,Actual
39,2010-02-12,1266229.07,1,44.58,2.548,209.9970208,8.554,2010,2,6,1248137.3658999975,18091.704100002535,February,Holiday Week,Actual
39,2010-02-19,1230591.97,0,43.96,2.514,210.0451024,8.554,2010,2,7,1227226.3993999986,3365.5706000013743,February,Regular Week,Actual
39,2010-02-26,1168582.02,0,49.79,2.561,210.0771885,8.554,2010,2,8,1203042.3648999983,-34460.34489999828,February,Regular Week,Actual
39,2010-03-05,1266254.21,0,50.93,2.625,210.1092746,8.554,2010,3,9,1249354.3251999975,16899.884800002445,March,Regular Week,Actual
39,2010-03-12,1244391.83,0,61.88,2.667,210.1413607,8.554,2010,3,10,1300898.3104999985,-56506.48049999843,March,Regular Week,Actual
39,2010-03-19,1301590.13,0,58.62,2.72,209.9803208,8.554,2010,3,11,1298204.2611999982,3385.8688000016846,March,Regular Week,Actual
39,2010-03-26,1235094.66,0,54.83,2.732,209.7870932,8.554,2010,3,12,1259980.7828999981,-24886.122899998212,March,Regular Week,Actual
39,2010-04-02,1463942.62,0,63.31,2.719,209.5938656,8.464,2010,4,13,1401255.688700001,62686.93129999912,April,Regular Week,Actual
39,2010-04-09,1327035.27,0,68.15,2.77,209.400638,8.464,2010,4,14,1320835.8153999997,6199.454600000288,April,Regular Week,Actual
39,2010-04-16,1242874.98,0,66.33,2.808,209.2691428,8.464,2010,4,15,1271827.446100001,-28952.46610000101,April,Regular Week,Actual
39,2010-04-23,1280231.85,0,67.64,2.795,209.2199574,8.464,2010,4,16,1273010.2367000012,7221.61329999892,April,Regular Week,Actual
39,2010-04-30,1263836.59,0,70.03,2.78,209.170772,8.464,2010,4,17,1280205.5355000019,-16368.945500001777,April,Regular Week,Actual
39,2010-05-07,1355704.21,0,74.86,2.835,209.1215867,8.464,2010,5,18,1340462.8089999992,15241.40100000077,May,Regular Week,Actual
39,2010-05-14,1226997.7,0,77.49,2.854,209.118536,8.464,2010,5,19,1342803.0382999994,-115805.33829999948,May,Regular Week,Actual
39,2010-05-21,1350673.98,0,76.67,2.826,209.3922937,8.464,2010,5,20,1345310.3881000006,5363.591899999417,May,Regular Week,Actual
39,2010-05-28,1365541.59,0,80.22,2.759,209.6660514,8.464,2010,5,21,1353747.850900002,11793.739099998027,May,Regular Week,Actual
39,2010-06-04,1512207.95,0,79.83,2.705,209.9398091,8.464,2010,6,22,1349917.370600002,162290.57939999807,June,Regular Week,Actual
39,2010-06-11,1371405.33,0,81.78,2.668,210.2135668,8.464,2010,6,23,1352211.1556000016,19194.174399998505,June,Regular Week,Actual
39,2010-06-18,1368312.45,0,83.96,2.637,210.2108417,8.464,2010,6,24,1368243.7860000017,68.66399999824353,June,Regular Week,Actual
39,2010-06-25,1280414.8,0,83.24,2.653,210.0975233,8.464,2010,6,25,1362456.1644000015,-82041.36440000148,June,Regular Week,Actual
39,2010-07-02,1352547.7,0,81.35,2.669,209.984205,8.36,2010,7,26,1344911.467700001,7636.232299998868,July,Regular Week,Actual
39,2010-07-09,1330473.47,0,81.1,2.642,209.8708867,8.36,2010,7,27,1332571.7920999997,-2098.3220999997575,July,Regular Week,Actual
39,2010-07-16,1339811.68,0,83.86,2.623,209.8630532,8.36,2010,7,28,1346588.1307000024,-6776.45070000249,July,Regular Week,Actual
39,2010-07-23,1314651.83,0,82.2,2.608,209.9958663,8.36,2010,7,29,1321179.4918999993,-6527.66189999925,July,Regular Week,Actual
39,2010-07-30,1308222.24,0,80.99,2.64,210.1286794,8.36,2010,7,30,1313881.0410999986,-5658.801099998644,July,Regular Week,Actual
39,2010-08-06,1409989.67,0,84.92,2.627,210.2614925,8.36,2010,8,31,1405449.6314000008,4540.038599999156,August,Regular Week,Actual
39,2010-08-13,1371465.66,0,85.66,2.692,210.3943056,8.36,2010,8,32,1433252.2062999997,-61786.54629999981,August,Regular Week,Actual
39,2010-08-20,1471816.52,0,85.73,2.664,210.3617581,8.36,2010,8,33,1438373.6179999998,33442.902000000235,August,Regular Week,Actual
39,2010-08-27,1417515.93,0,84.31,2.619,210.3292106,8.36,2010,8,34,1398355.456500002,19160.473499997985,August,Regular Week,Actual
39,2010-09-03,1345167.61,0,82.13,2.577,210.2966631,8.36,2010,9,35,1335012.9347,10154.675300000003,September,Regular Week,Actual
39,2010-09-10,1279666.47,1,79.94,2.565,210.2641156,8.36,2010,9,36,1290052.1338999998,-10385.66389999981,September,Holiday Week,Actual
39,2010-09-17,1252915.43,0,81.83,2.582,210.2924504,8.36,2010,9,37,1266100.1711000025,-13184.741100002546,September,Regular Week,Actual
39,2010-09-24,1199449.54,0,78.5,2.624,210.3664469,8.36,2010,9,38,1226047.5468000022,-26598.006800002186,September,Regular Week,Actual
39,2010-10-01,1219583.91,0,72.74,2.603,210.4404433,8.476,2010,10,39,1254372.3946000016,-34788.48460000171,October,Regular Week,Actual
39,2010-10-08,1286598.59,0,64.8,2.633,210.5144398,8.476,2010,10,40,1274342.8444000015,12255.745599998627,October,Regular Week,Actual
39,2010-10-15,1238742.0,0,69.96,2.72,210.5805944,8.476,2010,10,41,1252428.1397000002,-13686.139700000174,October,Regular Week,Actual
39,2010-10-22,1261109.01,0,71.73,2.725,210.6271444,8.476,2010,10,42,1264208.454100001,-3099.4441000008956,October,Regular Week,Actual
39,2010-10-29,1294769.08,0,75.14,2.716,210.6736944,8.476,2010,10,43,1278095.4810999997,16673.598900000332,October,Regular Week,Actual
39,2010-11-05,1293707.19,0,61.62,2.689,210.7202444,8.476,2010,11,44,1298141.2923999988,-4434.10239999881,November,Regular Week,Actual
39,2010-11-12,1291398.71,0,62.21,2.728,210.7667944,8.476,2010,11,45,1301007.8721999982,-9609.162199998274,November,Regular Week,Actual
39,2010-11-19,1370659.54,0,55.5,2.771,210.65429,8.476,2010,11,46,1319110.5332999988,51549.00670000119,November,Regular Week,Actual
39,2010-11-26,2149355.2,1,67.75,2.735,210.5152765,8.476,2010,11,47,1698080.0768999981,451275.12310000206,November,Holiday Week,Actual
39,2010-12-03,1431910.98,0,53.55,2.708,210.376263,8.476,2010,12,48,1499898.2171,-67987.23710000003,December,Regular Week,Actual
39,2010-12-10,1630564.48,0,50.81,2.843,210.2372494,8.476,2010,12,49,1626683.6418999995,3880.8381000005174,December,Regular Week,Actual
39,2010-12-17,1842172.46,0,55.31,2.869,210.1787224,8.476,2010,12,50,1817451.7524000003,24720.707599999616,December,Regular Week,Actual
39,2010-12-24,2495489.25,0,58.86,2.886,210.1805602,8.476,2010,12,51,2333177.0749999997,162312.17500000028,December,Regular Week,Actual
39,2010-12-31,1230012.16,1,52.45,2.943,210.182398,8.476,2010,12,52,1389479.883199998,-159467.72319999803,December,Holiday Week,Actual
39,2011-01-07,1224475.12,0,52.74,2.976,210.1842358,8.395,2011,1,1,1228287.9674000007,-3812.8474000005517,January,Regular Week,Actual
39,2011-01-14,1193199.39,0,41.74,2.983,210.2379731,8.395,2011,1,2,1200049.1316000007,-6849.741600000765,January,Regular Week,Actual
39,2011-01-21,1243370.74,0,50.25,3.016,210.6031072,8.395,2011,1,3,1240961.0711999985,2409.6688000014983,January,Regular Week,Actual
39,2011-01-28,1158698.44,0,47.94,3.01,210.9682412,8.395,2011,1,4,1270795.9937999987,-112097.55379999871,January,Regular Week,Actual
39,2011-02-04,1343773.94,0,45.96,2.989,211.3333753,8.395,2011,2,5,1304462.1578999988,39311.78210000112,February,Regular Week,Actual
39,2011-02-11,1227893.89,1,40.34,3.022,211.6985093,8.395,2011,2,6,1246699.5684,-18805.67840000009,February,Holiday Week,Actual
39,2011-02-18,1335233.74,0,58.2,3.045,212.0063522,8.395,2011,2,7,1314358.5787999984,20875.161200001603,February,Regular Week,Actual
39,2011-02-25,1240921.19,0,67.77,3.065,212.2912786,8.395,2011,2,8,1273519.4588999995,-32598.26889999956,February,Regular Week,Actual
39,2011-03-04,1316385.43,0,63.56,3.288,212.576205,8.395,2011,3,9,1311768.8940000022,4616.535999997752,March,Regular Week,Actual
39,2011-03-11,1283716.81,0,58.35,3.459,212.8611313,8.395,2011,3,10,1293820.9894000008,-10104.179400000721,March,Regular Week,Actual
39,2011-03-18,1348410.05,0,65.28,3.488,213.1096787,8.395,2011,3,11,1332591.9993999992,15818.05060000089,March,Regular Week,Actual
39,2011-03-25,1284334.79,0,71.17,3.473,213.3436744,8.395,2011,3,12,1292873.733400002,-8538.943400001852,March,Regular Week,Actual
39,2011-04-01,1316849.36,0,66.57,3.524,213.5776701,8.3,2011,4,13,1350925.0645999997,-34075.70459999959,April,Regular Week,Actual
39,2011-04-08,1350646.16,0,69.45,3.622,213.8116658,8.3,2011,4,14,1407539.3125999996,-56893.15259999968,April,Regular Week,Actual
39,2011-04-15,1348031.55,0,73.19,3.743,214.026217,8.3,2011,4,15,1391172.4727999992,-43140.92279999913,April,Regular Week,Actual
39,2011-04-22,1563140.85,0,74.98,3.807,214.1921572,8.3,2011,4,16,1373400.285399999,189740.5646000011,April,Regular Week,Actual
39,2011-04-29,1379651.87,0,76.47,3.81,214.3580974,8.3,2011,4,17,1385547.1997999994,-5895.32979999925,April,Regular Week,Actual
39,2011-05-06,1370920.87,0,68.75,3.906,214.5240376,8.3,2011,5,18,1371646.7448000007,-725.8748000005726,May,Regular Week,Actual
39,2011-05-13,1325022.77,0,77.39,3.899,214.6899778,8.3,2011,5,19,1358429.9105999994,-33407.140599999344,May,Regular Week,Actual
39,2011-05-20,1373907.21,0,73.31,3.907,214.465412,8.3,2011,5,20,1375676.9236000003,-1769.7136000003666,May,Regular Week,Actual
39,2011-05-27,1406124.14,0,82.1,3.786,214.2408462,8.3,2011,5,21,1411850.0287000001,-5725.888700000243,May,Regular Week,Actual
39,2011-06-03,1541745.59,0,83.59,3.699,214.0162805,8.3,2011,6,22,1488974.330800002,52771.25919999811,June,Regular Week,Actual
39,2011-06-10,1442092.08,0,82.75,3.648,213.7917147,8.3,2011,6,23,1437846.0847999996,4245.9952000004705,June,Regular Week,Actual
39,2011-06-17,1451392.67,0,85.21,3.637,213.7481256,8.3,2011,6,24,1443411.6679000002,7981.002099999692,June,Regular Week,Actual
39,2011-06-24,1363167.95,0,84.06,3.594,213.8402689,8.3,2011,6,25,1394919.9760000012,-31752.026000001235,June,Regular Week,Actual
39,2011-07-01,1429829.36,0,84.93,3.524,213.9324122,8.177,2011,7,26,1426445.5952000008,3383.764799999306,July,Regular Week,Actual
39,2011-07-08,1414564.53,0,84.33,3.48,214.0245556,8.177,2011,7,27,1406311.020700001,8253.509299999103,July,Regular Week,Actual
39,2011-07-15,1380257.12,0,85.96,3.575,214.1083654,8.177,2011,7,28,1409768.4227000014,-29511.30270000128,July,Regular Week,Actual
39,2011-07-22,1416005.59,0,84.6,3.651,214.1713416,8.177,2011,7,29,1415898.4650000022,107.12499999790452,July,Regular Week,Actual
39,2011-07-29,1426418.53,0,86.24,3.682,214.2343177,8.177,2011,7,30,1454923.4372000012,-28504.90720000118,July,Regular Week,Actual
39,2011-08-05,1518790.89,0,87.73,3.684,214.2972939,8.177,2011,8,31,1536354.5772999993,-17563.68729999941,August,Regular Week,Actual
39,2011-08-12,1514055.97,0,88.27,3.638,214.3602701,8.177,2011,8,32,1533051.2274999993,-18995.257499999367,August,Regular Week,Actual
39,2011-08-19,1629066.9,0,87.93,3.554,214.4239935,8.177,2011,8,33,1592657.4343000012,36409.46569999866,August,Regular Week,Actual
39,2011-08-26,1573898.63,0,86.49,3.523,214.4878416,8.177,2011,8,34,1532922.7607999987,40975.86920000124,August,Regular Week,Actual
39,2011-09-02,1465089.85,0,88.65,3.533,214.5516896,8.177,2011,9,35,1506965.9119999984,-41876.06199999829,September,Regular Week,Actual
39,2011-09-09,1429345.86,1,79.15,3.546,214.6155376,8.177,2011,9,36,1407578.0354999998,21767.824500000337,September,Holiday Week,Actual
39,2011-09-16,1372500.63,0,83.11,3.526,214.7934111,8.177,2011,9,37,1392748.2010999986,-20247.571099998662,September,Regular Week,Actual
39,2011-09-23,1338657.95,0,78.75,3.467,215.1233185,8.177,2011,9,38,1359044.8453000009,-20386.895300000906,September,Regular Week,Actual
39,2011-09-30,1311775.83,0,81.51,3.355,215.4532259,8.177,2011,9,39,1398759.2275999996,-86983.39759999956,September,Regular Week,Actual
39,2011-10-07,1443884.39,0,71.68,3.285,215.7831333,7.716,2011,10,40,1445259.4005999998,-1375.0105999999214,October,Regular Week,Actual
39,2011-10-14,1384721.84,0,73.79,3.274,216.0885258,7.716,2011,10,41,1450792.4114999997,-66070.57149999961,October,Regular Week,Actual
39,2011-10-21,1465283.29,0,67.65,3.353,216.2468287,7.716,2011,10,42,1464656.7718,626.5182000000495,October,Regular Week,Actual
39,2011-10-28,1472663.1,0,71.05,3.372,216.4051315,7.716,2011,10,43,1468934.4066999988,3728.693300001323,October,Regular Week,Actual
39,2011-11-04,1553629.59,0,58.04,3.332,216.5634344,7.716,2011,11,44,1515263.467500002,38366.12249999819,November,Regular Week,Actual
39,2011-11-11,1456957.38,0,63.11,3.297,216.7217373,7.716,2011,11,45,1473914.8079999993,-16957.427999999374,November,Regular Week,Actual
39,2011-11-18,1510397.27,0,66.09,3.308,216.9395861,7.716,2011,11,46,1488267.602699999,22129.66730000102,November,Regular Week,Actual
39,2011-11-25,2338832.4,1,66.36,3.236,217.1812533,7.716,2011,11,47,1691686.0105999995,647146.3894000005,November,Holiday Week,Actual
39,2011-12-02,1632894.58,0,53.14,3.172,217.4229206,7.716,2011,12,48,1640240.8400000008,-7346.260000000708,December,Regular Week,Actual
39,2011-12-09,1781528.77,0,49.36,3.158,217.6645878,7.716,2011,12,49,1738805.5259000012,42723.24409999885,December,Regular Week,Actual
39,2011-12-16,1991824.05,0,58.58,3.159,217.8781339,7.716,2011,12,50,1962447.002000002,29377.04799999809,December,Regular Week,Actual
39,2011-12-23,2554482.84,0,54.62,3.112,218.0541851,7.716,2011,12,51,2337383.1309000016,217099.70909999823,December,Regular Week,Actual
39,2011-12-30,1537139.56,1,47.6,3.129,218.2302364,7.716,2011,12,52,1705274.4760999996,-168134.91609999957,December,Holiday Week,Actual
39,2012-01-06,1478537.93,0,55.83,3.157,218.4062876,7.244,2012,1,1,1456080.591400003,22457.338599996874,January,Regular Week,Actual
39,2012-01-13,1369125.37,0,54.66,3.261,218.5823389,7.244,2012,1,2,1393726.816300002,-24601.446300001815,January,Regular Week,Actual
39,2012-01-20,1394841.03,0,58.04,3.268,218.6755292,7.244,2012,1,3,1391012.2337000011,3828.7962999988813,January,Regular Week,Actual
39,2012-01-27,1320301.61,0,60.65,3.29,218.7687195,7.244,2012,1,4,1347665.7437000005,-27364.133700000355,January,Regular Week,Actual
39,2012-02-03,1396150.15,0,60.69,3.36,218.8619099,7.244,2012,2,5,1390558.8582000018,5591.291799998144,February,Regular Week,Actual
39,2012-02-10,1442988.44,1,52.89,3.409,218.9551002,7.244,2012,2,6,1431370.0110999993,11618.42890000064,February,Holiday Week,Actual
39,2012-02-17,1511041.69,0,52.75,3.51,219.1148297,7.244,2012,2,7,1426820.2576,84221.43240000005,February,Regular Week,Actual
39,2012-02-24,1412065.04,0,61.1,3.555,219.3244636,7.244,2012,2,8,1418852.412200001,-6787.372200001031,February,Regular Week,Actual
39,2012-03-02,1453047.02,0,64.05,3.63,219.5340975,7.244,2012,3,9,1456970.0198999988,-3922.999899998773,March,Regular Week,Actual
39,2012-03-09,1470764.35,0,61.64,3.669,219.7437314,7.244,2012,3,10,1477526.3490999972,-6761.999099997105,March,Regular Week,Actual
39,2012-03-16,1522421.07,0,65.81,3.734,219.8956335,7.244,2012,3,11,1500554.7460999975,21866.32390000252,March,Regular Week,Actual
39,2012-03-23,1469593.37,0,67.91,3.787,219.9705599,7.244,2012,3,12,1477043.8051000012,-7450.43510000105,March,Regular Week,Actual
39,2012-03-30,1499727.02,0,69.11,3.845,220.0454862,7.244,2012,3,13,1487576.6259999992,12150.394000000786,March,Regular Week,Actual
39,2012-04-06,1764847.94,0,73.49,3.891,220.1204125,6.989,2012,4,14,1661256.841799999,103591.09820000106,April,Regular Week,Actual
39,2012-04-13,1580732.73,0,71.59,3.891,220.1953389,6.989,2012,4,15,1590049.9634999994,-9317.233499999391,April,Regular Week,Actual
39,2012-04-20,1433391.04,0,70.04,3.877,220.2483937,6.989,2012,4,16,1479468.6821000013,-46077.64210000122,April,Regular Week,Actual
39,2012-04-27,1456997.2,0,69.11,3.814,220.3014485,6.989,2012,4,17,1465878.521900001,-8881.321900001029,April,Regular Week,Actual
39,2012-05-04,1512227.34,0,77.15,3.749,220.3545033,6.989,2012,5,18,1513392.3275000013,-1164.9875000012107,May,Regular Week,Actual
39,2012-05-11,1470792.41,0,75.52,3.688,220.4075581,6.989,2012,5,19,1490438.286599998,-19645.87659999798,May,Regular Week,Actual
39,2012-05-18,1522978.54,0,72.36,3.63,220.4252149,6.989,2012,5,20,1549838.1465999982,-26859.606599998195,May,Regular Week,Actual
39,2012-05-25,1596036.66,0,78.31,3.561,220.4287124,6.989,2012,5,21,1569446.2416999983,26590.41830000165,May,Regular Week,Actual
39,2012-06-01,1640476.77,0,80.33,3.501,220.4322099,6.989,2012,6,22,1628425.7635,12051.006500000134,June,Regular Week,Actual
39,2012-06-08,1623442.24,0,81.12,3.452,220.4357073,6.989,2012,6,23,1616243.8019999992,7198.43800000078,June,Regular Week,Actual
39,2012-06-15,1587499.82,0,81.33,3.393,220.4494148,6.989,2012,6,24,1581287.2341999977,6212.585800002329,June,Regular Week,Actual
39,2012-06-22,1532316.79,0,79.84,3.346,220.4886472,6.989,2012,6,25,1553492.8897000006,-21176.099700000603,June,Regular Week,Actual
39,2012-06-29,1492388.98,0,85.72,3.286,220.5278796,6.989,2012,6,26,1535014.7633999991,-42625.78339999914,June,Regular Week,Actual
39,2012-07-06,1659221.99,0,81.05,3.227,220.567112,6.623,2012,7,27,1608755.7109999997,50466.27900000033,July,Regular Week,Actual
39,2012-07-13,1471261.76,0,78.16,3.256,220.6063444,6.623,2012,7,28,1518088.3945000004,-46826.63450000039,July,Regular Week,Actual
39,2012-07-20,1582168.27,0,80.32,3.311,220.6148749,6.623,2012,7,29,1581853.7720000006,314.49799999943934,July,Regular Week,Actual
39,2012-07-27,1487797.54,0,82.89,3.407,220.6234054,6.623,2012,7,30,1529495.8943000007,-41698.354300000705,July,Regular Week,Actual
39,2012-08-03,1608277.74,0,84.05,3.417,220.6319358,6.623,2012,8,31,1594062.9035,14214.836499999976,August,Regular Week,Actual
39,2012-08-10,1641867.92,0,83.47,3.494,220.6404663,6.623,2012,8,32,1635511.5649999995,6356.355000000447,August,Regular Week,Actual
39,2012-08-17,1720221.91,0,84.72,3.571,220.7199609,6.623,2012,8,33,1695843.5154999981,24378.3945000018,August,Regular Week,Actual
39,2012-08-24,1724669.75,0,80.49,3.62,220.8526787,6.623,2012,8,34,1699073.4324999994,25596.317500000587,August,Regular Week,Actual
39,2012-08-31,1710923.94,0,83.72,3.638,220.9853964,6.623,2012,8,35,1697995.1338999984,12928.806100001559,August,Regular Week,Actual
39,2012-09-07,1609811.75,1,83.71,3.73,221.1181142,6.623,2012,9,36,1642728.8026999992,-32917.052699999185,September,Holiday Week,Actual
39,2012-09-14,1447614.08,0,76.71,3.717,221.2601207,6.623,2012,9,37,1481996.7055,-34382.62549999985,September,Regular Week,Actual
39,2012-09-21,1555672.51,0,73.58,3.721,221.4578604,6.623,2012,9,38,1522349.0242000006,33323.48579999944,September,Regular Week,Actual
39,2012-09-28,1495607.07,0,78.04,3.666,221.6556,6.623,2012,9,39,1509409.6191999987,-13802.549199998612,September,Regular Week,Actual
39,2012-10-05,1574408.67,0,72.05,3.617,221.8533396,6.228,2012,10,40,1559514.500299999,14894.1697000009,October,Regular Week,Actual
39,2012-10-12,1494417.07,0,69.88,3.601,222.0510793,6.228,2012,10,41,1517793.8840999985,-23376.814099998446,October,Regular Week,Actual
39,2012-10-19,1577486.33,0,71.45,3.594,222.0951719,6.228,2012,10,42,1558965.7593999994,18520.570600000676,October,Regular Week,Actual
39,2012-10-26,1569502.0,0,72.9,3.506,222.1136566,6.228,2012,10,43,1558833.8080999998,10668.191900000209,October,Regular Week,Actual
40,2010-02-05,1001943.8,0,14.48,2.788,131.5279032,5.892,2010,2,5,926139.8506999995,75803.94930000056,February,Regular Week,Actual
40,2010-02-12,955338.29,1,20.84,2.771,131.5866129,5.892,2010,2,6,938253.293800001,17084.996199999005,February,Holiday Week,Actual
40,2010-02-19,916289.2,0,27.84,2.747,131.637,5.892,2010,2,7,911045.2792000012,5243.920799998799,February,Regular Week,Actual
40,2010-02-26,863917.41,0,33.32,2.753,131.686,5.892,2010,2,8,886816.7441999988,-22899.33419999876,February,Regular Week,Actual
40,2010-03-05,990152.28,0,34.78,2.766,131.735,5.892,2010,3,9,957826.2191000006,32326.06089999946,March,Regular Week,Actual
40,2010-03-12,899352.4,0,35.1,2.805,131.784,5.892,2010,3,10,919859.3593000005,-20506.959300000453,March,Regular Week,Actual
40,2010-03-19,894865.3,0,40.54,2.834,131.8242903,5.892,2010,3,11,911498.3838,-16633.083799999906,March,Regular Week,Actual
40,2010-03-26,873354.58,0,39.51,2.831,131.863129,5.892,2010,3,12,902403.9057999993,-29049.325799999293,March,Regular Week,Actual
40,2010-04-02,1041202.13,0,41.39,2.826,131.9019677,5.435,2010,4,13,994517.0731999989,46685.05680000107,April,Regular Week,Actual
40,2010-04-09,919839.19,0,54.31,2.849,131.9408065,5.435,2010,4,14,930722.5832999991,-10883.393299999181,April,Regular Week,Actual
40,2010-04-16,882636.96,0,43.3,2.885,131.9809,5.435,2010,4,15,886511.986799999,-3875.026799999061,April,Regular Week,Actual
40,2010-04-23,844958.49,0,45.85,2.895,132.0226667,5.435,2010,4,16,869232.9768999994,-24274.486899999436,April,Regular Week,Actual
40,2010-04-30,816838.31,0,46.5,2.935,132.0644333,5.435,2010,4,17,873790.7553999992,-56952.44539999915,April,Regular Week,Actual
40,2010-05-07,1009797.06,0,60.05,2.981,132.1062,5.435,2010,5,18,993443.9837000009,16353.076299999142,May,Regular Week,Actual
40,2010-05-14,907262.47,0,45.5,2.983,132.152129,5.435,2010,5,19,908235.6267999992,-973.1567999991821,May,Regular Week,Actual
40,2010-05-21,885613.91,0,56.75,2.961,132.2230323,5.435,2010,5,20,904573.4461999986,-18959.536199998576,May,Regular Week,Actual
40,2010-05-28,1008483.07,0,67.88,2.906,132.2939355,5.435,2010,5,21,1026540.4271000006,-18057.357100000605,May,Regular Week,Actual
40,2010-06-04,1052429.03,0,65.7,2.857,132.3648387,5.435,2010,6,22,1038299.7841000005,14129.245899999514,June,Regular Week,Actual
40,2010-06-11,1007574.67,0,59.42,2.83,132.4357419,5.435,2010,6,23,987504.2087000008,20070.461299999268,June,Regular Week,Actual
40,2010-06-18,973105.3,0,60.97,2.805,132.4733333,5.435,2010,6,24,976772.0906999991,-3666.790699999081,June,Regular Week,Actual
40,2010-06-25,940405.03,0,69.72,2.81,132.4976,5.435,2010,6,25,980479.7173000005,-40074.687300000456,June,Regular Week,Actual
40,2010-07-02,1087578.78,0,65.47,2.815,132.5218667,5.326,2010,7,26,1054091.6517000005,33487.12829999952,July,Regular Week,Actual
40,2010-07-09,1058250.91,0,76.67,2.806,132.5461333,5.326,2010,7,27,1038720.8295999989,19530.080400001025,July,Regular Week,Actual
40,2010-07-16,959229.09,0,74.25,2.796,132.5667742,5.326,2010,7,28,967329.9871000011,-8100.897100001108,July,Regular Week,Actual
40,2010-07-23,922341.82,0,71.79,2.784,132.5825806,5.326,2010,7,29,939212.1246999993,-16870.304699999397,July,Regular Week,Actual
40,2010-07-30,953393.02,0,71.35,2.792,132.5983871,5.326,2010,7,30,958475.5778000002,-5082.557800000184,July,Regular Week,Actual
40,2010-08-06,1057295.87,0,69.16,2.792,132.6141935,5.326,2010,8,31,1023210.632600001,34085.23739999917,August,Regular Week,Actual
40,2010-08-13,924011.76,0,67.47,2.81,132.63,5.326,2010,8,32,999836.2836000008,-75824.52360000077,August,Regular Week,Actual
40,2010-08-20,932397.0,0,67.05,2.796,132.6616129,5.326,2010,8,33,960353.4416000006,-27956.441600000602,August,Regular Week,Actual
40,2010-08-27,922328.02,0,62.57,2.77,132.6932258,5.326,2010,8,34,930171.3944999999,-7843.374499999918,August,Regular Week,Actual
40,2010-09-03,976453.34,0,70.66,2.735,132.7248387,5.326,2010,9,35,968018.5078000012,8434.832199998782,September,Regular Week,Actual
40,2010-09-10,967310.82,1,62.75,2.717,132.7564516,5.326,2010,9,36,918416.1604999998,48894.65950000018,September,Holiday Week,Actual
40,2010-09-17,855046.95,0,55.34,2.716,132.7670667,5.326,2010,9,37,879341.9211000009,-24294.971100000897,September,Regular Week,Actual
40,2010-09-24,844373.31,0,55.63,2.718,132.7619333,5.326,2010,9,38,896091.3584000004,-51718.04840000032,September,Regular Week,Actual
40,2010-10-01,891152.33,0,62.01,2.717,132.7568,5.287,2010,10,39,906735.5162999993,-15583.186299999361,October,Regular Week,Actual
40,2010-10-08,972405.38,0,52.02,2.776,132.7516667,5.287,2010,10,40,952735.6918000004,19669.688199999626,October,Regular Week,Actual
40,2010-10-15,917883.17,0,44.56,2.878,132.7633548,5.287,2010,10,41,907251.5605000006,10631.609499999438,October,Regular Week,Actual
40,2010-10-22,882180.91,0,41.25,2.919,132.8170968,5.287,2010,10,42,893169.3257999986,-10988.415799998562,October,Regular Week,Actual
40,2010-10-29,875038.84,0,47.1,2.938,132.8708387,5.287,2010,10,43,886199.5123000012,-11160.672300001257,October,Regular Week,Actual
40,2010-11-05,968270.66,0,36.45,2.938,132.9245806,5.287,2010,11,44,945771.3072999986,22499.352700001444,November,Regular Week,Actual
40,2010-11-12,935481.32,0,38.5,2.961,132.9783226,5.287,2010,11,45,934913.2925999988,568.027400001185,November,Regular Week,Actual
40,2010-11-19,852452.93,0,40.52,3.03,132.9172,5.287,2010,11,46,880521.9872000003,-28069.057200000272,November,Regular Week,Actual
40,2010-11-26,1166142.85,1,32.94,3.07,132.8369333,5.287,2010,11,47,1087871.2561999983,78271.59380000178,November,Holiday Week,Actual
40,2010-12-03,1000582.06,0,33.6,3.065,132.7566667,5.287,2010,12,48,1151394.4482999989,-150812.38829999883,December,Regular Week,Actual
40,2010-12-10,1111215.72,0,21.64,3.132,132.6764,5.287,2010,12,49,1127478.7895999989,-16263.069599998882,December,Regular Week,Actual
40,2010-12-17,1179036.3,0,23.01,3.139,132.6804516,5.287,2010,12,50,1188456.0824999986,-9419.782499998575,December,Regular Week,Actual
40,2010-12-24,1648829.18,0,24.18,3.15,132.7477419,5.287,2010,12,51,1482446.0599000026,166383.12009999738,December,Regular Week,Actual
40,2010-12-31,811318.3,1,19.29,3.177,132.8150323,5.287,2010,12,52,929911.3910999991,-118593.09109999903,December,Holiday Week,Actual
40,2011-01-07,894280.19,0,24.05,3.193,132.8823226,5.114,2011,1,1,886857.2873999991,7422.902600000845,January,Regular Week,Actual
40,2011-01-14,771315.62,0,18.55,3.215,132.9510645,5.114,2011,1,2,807841.6263000001,-36526.006300000125,January,Regular Week,Actual
40,2011-01-21,764014.75,0,14.64,3.232,133.0285161,5.114,2011,1,3,791565.7814,-27551.031399999978,January,Regular Week,Actual
40,2011-01-28,775910.43,0,9.51,3.243,133.1059677,5.114,2011,1,4,810231.6778000003,-34321.247800000245,January,Regular Week,Actual
40,2011-02-04,904261.65,0,13.29,3.24,133.1834194,5.114,2011,2,5,907647.0903000006,-3385.4403000005987,February,Regular Week,Actual
40,2011-02-11,931939.52,1,16.87,3.255,133.260871,5.114,2011,2,6,938339.0238000002,-6399.5038000001805,February,Holiday Week,Actual
40,2011-02-18,968694.45,0,21.82,3.263,133.3701429,5.114,2011,2,7,956402.8240000013,12291.62599999865,February,Regular Week,Actual
40,2011-02-25,888869.27,0,16.5,3.281,133.4921429,5.114,2011,2,8,915234.2573,-26364.987300000037,February,Regular Week,Actual
40,2011-03-04,977070.62,0,18.49,3.437,133.6141429,5.114,2011,3,9,953882.5249000004,23188.09509999957,March,Regular Week,Actual
40,2011-03-11,860255.58,0,30.53,3.6,133.7361429,5.114,2011,3,10,875184.0071999991,-14928.427199999103,March,Regular Week,Actual
40,2011-03-18,871024.26,0,35.76,3.634,133.8492258,5.114,2011,3,11,880141.9371000002,-9117.677100000205,March,Regular Week,Actual
40,2011-03-25,834621.39,0,28.89,3.624,133.9587419,5.114,2011,3,12,852498.3345000002,-17876.944500000216,March,Regular Week,Actual
40,2011-04-01,841889.08,0,28.6,3.638,134.0682581,4.781,2011,4,13,874203.079599999,-32313.99959999905,April,Regular Week,Actual
40,2011-04-08,947753.32,0,34.77,3.72,134.1777742,4.781,2011,4,14,937105.0934999981,10648.226500001852,April,Regular Week,Actual
40,2011-04-15,874446.32,0,43.69,3.823,134.2784667,4.781,2011,4,15,911786.1167999995,-37339.796799999545,April,Regular Week,Actual
40,2011-04-22,965056.4,0,39.32,3.919,134.3571,4.781,2011,4,16,937431.0607000004,27625.339299999643,April,Regular Week,Actual
40,2011-04-29,847246.5,0,52.68,3.988,134.4357333,4.781,2011,4,17,880372.2666000001,-33125.76660000009,April,Regular Week,Actual
40,2011-05-06,1016752.55,0,50.81,4.078,134.5143667,4.781,2011,5,18,984996.5299999989,31756.020000001183,May,Regular Week,Actual
40,2011-05-13,903864.02,0,54.09,4.095,134.593,4.781,2011,5,19,937933.9680999991,-34069.94809999911,May,Regular Week,Actual
40,2011-05-20,907110.83,0,56.38,4.101,134.6803871,4.781,2011,5,20,926561.476699999,-19450.646699998993,May,Regular Week,Actual
40,2011-05-27,972373.81,0,63.11,4.034,134.7677742,4.781,2011,5,21,969574.7389000009,2799.071099999128,May,Regular Week,Actual
40,2011-06-03,1075687.74,0,66.16,3.973,134.8551613,4.781,2011,6,22,1048362.7342999994,27325.00570000056,June,Regular Week,Actual
40,2011-06-10,984336.04,0,64.19,3.924,134.9425484,4.781,2011,6,23,988511.7310000013,-4175.691000001272,June,Regular Week,Actual
40,2011-06-17,971422.67,0,59.16,3.873,135.0837333,4.781,2011,6,24,944074.0419999999,27348.628000000142,June,Regular Week,Actual
40,2011-06-24,977103.64,0,62.59,3.851,135.2652667,4.781,2011,6,25,974829.6724000004,2273.9675999996252,June,Regular Week,Actual
40,2011-07-01,1048866.3,0,65.25,3.815,135.4468,4.584,2011,7,26,1046734.9360000003,2131.3639999997104,July,Regular Week,Actual
40,2011-07-08,1107366.06,0,67.86,3.784,135.6283333,4.584,2011,7,27,1071719.3450000007,35646.714999999385,July,Regular Week,Actual
40,2011-07-15,953252.14,0,68.9,3.827,135.7837419,4.584,2011,7,28,978981.8283000002,-25729.688300000154,July,Regular Week,Actual
40,2011-07-22,980642.1,0,73.34,3.882,135.8738387,4.584,2011,7,29,980910.0701999995,-267.9701999995159,July,Regular Week,Actual
40,2011-07-29,929096.9,0,67.45,3.898,135.9639355,4.584,2011,7,30,1020032.1356000003,-90935.23560000025,July,Regular Week,Actual
40,2011-08-05,1063818.2,0,68.1,3.903,136.0540323,4.584,2011,8,31,1043530.6600000013,20287.53999999864,August,Regular Week,Actual
40,2011-08-12,955506.95,0,68.3,3.88,136.144129,4.584,2011,8,32,1009691.689500001,-54184.73950000107,August,Regular Week,Actual
40,2011-08-19,943237.12,0,64.05,3.82,136.183129,4.584,2011,8,33,951938.2682,-8701.148200000054,August,Regular Week,Actual
40,2011-08-26,969611.3,0,65.01,3.796,136.2136129,4.584,2011,8,34,976471.066599999,-6859.766599998926,August,Regular Week,Actual
40,2011-09-02,957298.26,0,63.79,3.784,136.2440968,4.584,2011,9,35,957426.0093000008,-127.74930000083987,September,Regular Week,Actual
40,2011-09-09,1021391.99,1,64.83,3.809,136.2745806,4.584,2011,9,36,967489.1965000001,53902.79349999991,September,Holiday Week,Actual
40,2011-09-16,890661.79,0,58.28,3.809,136.3145,4.584,2011,9,37,899757.1505000002,-9095.360500000184,September,Regular Week,Actual
40,2011-09-23,876583.98,0,54.09,3.758,136.367,4.584,2011,9,38,898844.1151000002,-22260.13510000019,September,Regular Week,Actual
40,2011-09-30,912857.1,0,63.45,3.684,136.4195,4.584,2011,9,39,958945.6411000007,-46088.54110000073,September,Regular Week,Actual
40,2011-10-07,1070389.98,0,50.21,3.633,136.472,4.42,2011,10,40,1020504.6300000007,49885.34999999928,October,Regular Week,Actual
40,2011-10-14,936751.68,0,53.9,3.583,136.5150968,4.42,2011,10,41,948846.3347000016,-12094.654700001585,October,Regular Week,Actual
40,2011-10-21,942319.65,0,51.61,3.618,136.5017742,4.42,2011,10,42,952794.9288000012,-10475.278800001135,October,Regular Week,Actual
40,2011-10-28,941675.95,0,42.09,3.604,136.4884516,4.42,2011,10,43,955282.0604000012,-13606.110400001286,October,Regular Week,Actual
40,2011-11-04,1011321.18,0,35.4,3.586,136.475129,4.42,2011,11,44,1003262.2022000008,8058.977799999295,November,Regular Week,Actual
40,2011-11-11,1037687.07,0,40.75,3.57,136.4618065,4.42,2011,11,45,1008442.4309999984,29244.639000001596,November,Regular Week,Actual
40,2011-11-18,905399.99,0,41.85,3.571,136.4666667,4.42,2011,11,46,948399.8781999993,-42999.88819999935,November,Regular Week,Actual
40,2011-11-25,1230011.95,1,32.76,3.536,136.4788,4.42,2011,11,47,1101379.5544000005,128632.39559999947,November,Holiday Week,Actual
40,2011-12-02,1059676.62,0,38.51,3.501,136.4909333,4.42,2011,12,48,1100575.0118000011,-40898.39180000103,December,Regular Week,Actual
40,2011-12-09,1158708.98,0,34.48,3.47,136.5030667,4.42,2011,12,49,1164418.367600001,-5709.387600000948,December,Regular Week,Actual
40,2011-12-16,1198670.19,0,29.53,3.445,136.5335161,4.42,2011,12,50,1197417.1478999993,1253.0421000006609,December,Regular Week,Actual
40,2011-12-23,1601585.7,0,24.46,3.413,136.5883871,4.42,2011,12,51,1515528.7276000006,86056.97239999939,December,Regular Week,Actual
40,2011-12-30,908853.15,1,18.75,3.402,136.6432581,4.42,2011,12,52,1004120.2675000009,-95267.11750000087,December,Holiday Week,Actual
40,2012-01-06,954576.86,0,23.29,3.439,136.698129,4.261,2012,1,1,900770.9982999999,53805.861700000125,January,Regular Week,Actual
40,2012-01-13,780607.52,0,25.9,3.523,136.753,4.261,2012,1,2,825289.3969000005,-44681.8769000005,January,Regular Week,Actual
40,2012-01-20,811365.42,0,14.02,3.542,136.8564194,4.261,2012,1,3,808655.9122000008,2709.5077999992063,January,Regular Week,Actual
40,2012-01-27,770157.29,0,22.91,3.568,136.9598387,4.261,2012,1,4,806393.5676000003,-36236.27760000026,January,Regular Week,Actual
40,2012-02-03,979552.34,0,27.86,3.633,137.0632581,4.261,2012,2,5,940466.1230000007,39086.21699999925,February,Regular Week,Actual
40,2012-02-10,999785.48,1,23.92,3.655,137.1666774,4.261,2012,2,6,967580.3514000009,32205.128599999123,February,Holiday Week,Actual
40,2012-02-17,975500.87,0,25.56,3.703,137.2583103,4.261,2012,2,7,956302.4244000008,19198.445599999162,February,Regular Week,Actual
40,2012-02-24,919301.81,0,29.88,3.751,137.3411034,4.261,2012,2,8,931878.660400001,-12576.850400000927,February,Regular Week,Actual
40,2012-03-02,927732.02,0,23.79,3.827,137.4238966,4.261,2012,3,9,933320.8111000002,-5588.791100000148,March,Regular Week,Actual
40,2012-03-09,954233.87,0,30.58,3.876,137.5066897,4.261,2012,3,10,928163.0747000002,26070.795299999765,March,Regular Week,Actual
40,2012-03-16,891154.18,0,37.13,3.867,137.5843871,4.261,2012,3,11,900684.311500001,-9530.131500000949,March,Regular Week,Actual
40,2012-03-23,844490.86,0,52.27,3.889,137.6552903,4.261,2012,3,12,858389.7911999997,-13898.931199999759,March,Regular Week,Actual
40,2012-03-30,871945.64,0,36.25,3.921,137.7261935,4.261,2012,3,13,896859.2056000003,-24913.565600000322,March,Regular Week,Actual
40,2012-04-06,1132064.23,0,36.54,3.957,137.7970968,4.125,2012,4,14,1055844.4436000008,76219.78639999917,April,Regular Week,Actual
40,2012-04-13,857811.17,0,40.65,4.025,137.868,4.125,2012,4,15,931192.0383000011,-73380.86830000102,April,Regular Week,Actual
40,2012-04-20,896979.93,0,55.3,4.046,137.9230667,4.125,2012,4,16,920614.1074000016,-23634.177400001558,April,Regular Week,Actual
40,2012-04-27,875372.91,0,47.51,4.023,137.9781333,4.125,2012,4,17,941935.125900001,-66562.215900001,April,Regular Week,Actual
40,2012-05-04,993311.59,0,44.47,3.991,138.0332,4.125,2012,5,18,988881.8389000016,4429.751099998364,May,Regular Week,Actual
40,2012-05-11,967729.35,0,52.06,3.947,138.0882667,4.125,2012,5,19,969268.7744000002,-1539.424400000251,May,Regular Week,Actual
40,2012-05-18,896295.41,0,57.59,3.899,138.1065806,4.125,2012,5,20,933747.8608999988,-37452.450899998774,May,Regular Week,Actual
40,2012-05-25,991054.49,0,65.25,3.85,138.1101935,4.125,2012,5,21,1010556.3333999993,-19501.843399999314,May,Regular Week,Actual
40,2012-06-01,1037464.27,0,64.75,3.798,138.1138065,4.125,2012,6,22,1006958.4324999995,30505.83750000049,June,Regular Week,Actual
40,2012-06-08,1079386.88,0,55.78,3.746,138.1174194,4.125,2012,6,23,1030616.6417999992,48770.23820000072,June,Regular Week,Actual
40,2012-06-15,977950.28,0,63.39,3.683,138.1295333,4.125,2012,6,24,991393.9899000004,-13443.709900000365,June,Regular Week,Actual
40,2012-06-22,1033552.18,0,69.32,3.629,138.1629,4.125,2012,6,25,1026852.6157000005,6699.564299999503,June,Regular Week,Actual
40,2012-06-29,988764.84,0,64.42,3.577,138.1962667,4.125,2012,6,26,1023748.9081000003,-34984.06810000038,June,Regular Week,Actual
40,2012-07-06,1182901.56,0,69.08,3.538,138.2296333,4.156,2012,7,27,1124184.5473000011,58717.012699998915,July,Regular Week,Actual
40,2012-07-13,979848.71,0,67.48,3.561,138.263,4.156,2012,7,28,1028801.1442999999,-48952.434299999964,July,Regular Week,Actual
40,2012-07-20,968502.38,0,70.45,3.61,138.2331935,4.156,2012,7,29,1004289.7508,-35787.37080000003,July,Regular Week,Actual
40,2012-07-27,954396.85,0,67.88,3.701,138.2033871,4.156,2012,7,30,986064.2756999993,-31667.425699999323,July,Regular Week,Actual
40,2012-08-03,1068346.76,0,70.15,3.698,138.1735806,4.156,2012,8,31,1042967.1633000011,25379.596699998947,August,Regular Week,Actual
40,2012-08-10,1007906.43,0,70.09,3.772,138.1437742,4.156,2012,8,32,1015354.9743000014,-7448.544300001347,August,Regular Week,Actual
40,2012-08-17,969387.48,0,69.41,3.84,138.1857097,4.156,2012,8,33,977418.3141000004,-8030.834100000444,August,Regular Week,Actual
40,2012-08-24,945318.47,0,63.91,3.874,138.2814516,4.156,2012,8,34,956278.9940999993,-10960.52409999934,August,Regular Week,Actual
40,2012-08-31,987264.67,0,66.11,3.884,138.3771935,4.156,2012,8,35,993608.6606000006,-6343.990600000601,August,Regular Week,Actual
40,2012-09-07,1088248.4,1,65.06,3.921,138.4729355,4.156,2012,9,36,991760.7968000004,96487.60319999955,September,Holiday Week,Actual
40,2012-09-14,901709.82,0,59.38,3.988,138.5673,4.156,2012,9,37,920186.3349999991,-18476.5149999992,September,Regular Week,Actual
40,2012-09-21,899768.4,0,54.12,4.056,138.6534,4.156,2012,9,38,903888.5271,-4120.127099999925,September,Regular Week,Actual
40,2012-09-28,919595.44,0,50.98,4.018,138.7395,4.156,2012,9,39,919555.2684999991,40.171500000869855,September,Regular Week,Actual
40,2012-10-05,1069112.0,0,57.21,4.027,138.8256,4.145,2012,10,40,918122.4515999993,150989.54840000067,October,Regular Week,Actual
40,2012-10-12,982523.26,0,47.35,4.029,138.9117,4.145,2012,10,41,916635.1125999994,65888.1474000006,October,Regular Week,Actual
40,2012-10-19,918170.5,0,46.33,4.0,138.8336129,4.145,2012,10,42,921988.9562999998,-3818.456299999845,October,Regular Week,Actual
40,2012-10-26,921264.52,0,49.65,3.917,138.7281613,4.145,2012,10,43,922446.6840999997,-1182.1640999997035,October,Regular Week,Actual
41,2010-02-05,1086533.18,0,30.27,2.58,189.3816974,7.541,2010,2,5,1079089.3963000018,7443.783699998166,February,Regular Week,Actual
41,2010-02-12,1075656.34,1,23.04,2.572,189.4642725,7.541,2010,2,6,1068209.4376000017,7446.902399998391,February,Holiday Week,Actual
41,2010-02-19,1052034.74,0,24.13,2.55,189.5340998,7.541,2010,2,7,1057255.7037999998,-5220.963799999794,February,Regular Week,Actual
41,2010-02-26,991941.73,0,21.84,2.586,189.6018023,7.541,2010,2,8,1020276.7371000004,-28335.007100000395,February,Regular Week,Actual
41,2010-03-05,1063557.49,0,32.49,2.62,189.6695049,7.541,2010,3,9,1040448.0206999993,23109.469300000696,March,Regular Week,Actual
41,2010-03-12,1023997.71,0,33.4,2.684,189.7372075,7.541,2010,3,10,1026203.7510999984,-2206.0410999984015,March,Regular Week,Actual
41,2010-03-19,1006597.69,0,36.7,2.692,189.734262,7.541,2010,3,11,1020583.9455999983,-13986.255599998403,March,Regular Week,Actual
41,2010-03-26,1015196.46,0,32.3,2.717,189.7195417,7.541,2010,3,12,1036042.3904999982,-20845.93049999827,March,Regular Week,Actual
41,2010-04-02,1168826.39,0,41.31,2.725,189.7048215,7.363,2010,4,13,1125818.2167999991,43008.173200000776,April,Regular Week,Actual
41,2010-04-09,1082158.21,0,37.3,2.75,189.6901012,7.363,2010,4,14,1084457.3581999985,-2299.148199998541,April,Regular Week,Actual
41,2010-04-16,1043388.79,0,46.79,2.765,189.6628845,7.363,2010,4,15,1067841.8549000006,-24453.06490000058,April,Regular Week,Actual
41,2010-04-23,1067340.74,0,45.29,2.776,189.6190057,7.363,2010,4,16,1077288.4099999992,-9947.669999999227,April,Regular Week,Actual
41,2010-04-30,1063960.11,0,40.2,2.766,189.575127,7.363,2010,4,17,1068353.6966999997,-4393.586699999636,April,Regular Week,Actual
41,2010-05-07,1175738.22,0,41.5,2.771,189.5312483,7.363,2010,5,18,1150401.6731999994,25336.546800000593,May,Regular Week,Actual
41,2010-05-14,1116439.02,0,40.23,2.788,189.4904116,7.363,2010,5,19,1126208.7090999992,-9769.689099999145,May,Regular Week,Actual
41,2010-05-21,1163234.33,0,50.59,2.776,189.467827,7.363,2010,5,20,1162291.8879999989,942.4420000012033,May,Regular Week,Actual
41,2010-05-28,1246654.24,0,56.97,2.737,189.4452425,7.363,2010,5,21,1223247.4126999984,23406.827300001634,May,Regular Week,Actual
41,2010-06-04,1305068.1,0,60.13,2.7,189.422658,7.363,2010,6,22,1270105.3653999986,34962.73460000148,June,Regular Week,Actual
41,2010-06-11,1217199.39,0,63.36,2.684,189.4000734,7.363,2010,6,23,1232054.0931000004,-14854.703100000508,June,Regular Week,Actual
41,2010-06-18,1202963.06,0,54.9,2.674,189.4185259,7.363,2010,6,24,1219161.4892000007,-16198.429200000595,June,Regular Week,Actual
41,2010-06-25,1174209.52,0,66.0,2.715,189.4533931,7.363,2010,6,25,1196764.6117999991,-22555.09179999912,June,Regular Week,Actual
41,2010-07-02,1273279.79,0,69.39,2.728,189.4882603,7.335,2010,7,26,1198157.1746999996,75122.61530000041,July,Regular Week,Actual
41,2010-07-09,1176079.59,0,60.93,2.711,189.5231276,7.335,2010,7,27,1186542.7725000011,-10463.182500001043,July,Regular Week,Actual
41,2010-07-16,1179788.38,0,69.06,2.699,189.6125456,7.335,2010,7,28,1193328.6076999994,-13540.227699999465,July,Regular Week,Actual
41,2010-07-23,1192213.87,0,70.77,2.691,189.774698,7.335,2010,7,29,1201970.6305000002,-9756.760500000091,July,Regular Week,Actual
41,2010-07-30,1211136.63,0,70.07,2.69,189.9368504,7.335,2010,7,30,1222041.9590999994,-10905.329099999508,July,Regular Week,Actual
41,2010-08-06,1338132.72,0,69.21,2.69,190.0990028,7.335,2010,8,31,1303770.7792999994,34361.94070000062,August,Regular Week,Actual
41,2010-08-13,1285976.53,0,70.24,2.723,190.2611552,7.335,2010,8,32,1289046.0207,-3069.4906999999657,August,Regular Week,Actual
41,2010-08-20,1353838.39,0,66.19,2.732,190.2948237,7.335,2010,8,33,1302025.3739000002,51813.01609999966,August,Regular Week,Actual
41,2010-08-27,1173131.63,0,70.59,2.731,190.3284922,7.335,2010,8,34,1294767.2595,-121635.62950000004,August,Regular Week,Actual
41,2010-09-03,1223355.5,0,64.13,2.773,190.3621607,7.335,2010,9,35,1208866.7697999994,14488.730200000573,September,Regular Week,Actual
41,2010-09-10,1172672.27,1,63.3,2.78,190.3958293,7.335,2010,9,36,1184493.902299999,-11821.632299999008,September,Holiday Week,Actual
41,2010-09-17,1111170.91,0,62.4,2.8,190.4688287,7.335,2010,9,37,1123993.8249999983,-12822.914999998407,September,Regular Week,Actual
41,2010-09-24,1110941.78,0,60.11,2.793,190.5713264,7.335,2010,9,38,1120802.7042999999,-9860.924299999839,September,Regular Week,Actual
41,2010-10-01,1109216.35,0,62.67,2.759,190.6738241,7.508,2010,10,39,1150704.744799999,-41488.39479999896,October,Regular Week,Actual
41,2010-10-08,1162042.24,0,57.1,2.745,190.7763218,7.508,2010,10,40,1163097.1817999985,-1054.9417999985162,October,Regular Week,Actual
41,2010-10-15,1133913.33,0,49.91,2.762,190.8623087,7.508,2010,10,41,1141723.5621999993,-7810.232199999271,October,Regular Week,Actual
41,2010-10-22,1156003.7,0,48.09,2.762,190.9070184,7.508,2010,10,42,1151054.7293000012,4948.970699998783,October,Regular Week,Actual
41,2010-10-29,1144854.56,0,42.16,2.748,190.951728,7.508,2010,10,43,1160764.6059000008,-15910.045900000725,October,Regular Week,Actual
41,2010-11-05,1163878.49,0,46.74,2.729,190.9964377,7.508,2010,11,44,1169989.8730999995,-6111.383099999512,November,Regular Week,Actual
41,2010-11-12,1175326.23,0,38.99,2.737,191.0411474,7.508,2010,11,45,1177889.6000000006,-2563.3700000005774,November,Regular Week,Actual
41,2010-11-19,1172155.28,0,31.34,2.758,191.0312172,7.508,2010,11,46,1176451.5290000008,-4296.249000000767,November,Regular Week,Actual
41,2010-11-26,1866681.57,1,25.3,2.742,191.0121805,7.508,2010,11,47,1609802.6934999975,256878.87650000257,November,Holiday Week,Actual
41,2010-12-03,1220115.75,0,33.0,2.712,190.9931437,7.508,2010,12,48,1282046.3017,-61930.55169999995,December,Regular Week,Actual
41,2010-12-10,1434908.13,0,33.9,2.728,190.9741069,7.508,2010,12,49,1430248.0535999993,4660.076400000602,December,Regular Week,Actual
41,2010-12-17,1627904.68,0,31.51,2.778,191.0303376,7.508,2010,12,50,1588699.610100002,39205.06989999791,December,Regular Week,Actual
41,2010-12-24,2225016.73,0,29.81,2.781,191.1430189,7.508,2010,12,51,2008674.4636999986,216342.2663000014,December,Regular Week,Actual
41,2010-12-31,1001790.16,1,25.19,2.829,191.2557002,7.508,2010,12,52,1244230.3762999985,-242440.21629999846,December,Holiday Week,Actual
41,2011-01-07,1153596.53,0,23.76,2.882,191.3683815,7.241,2011,1,1,1118017.7542,35578.775799999945,January,Regular Week,Actual
41,2011-01-14,1052609.16,0,22.44,2.911,191.4784939,7.241,2011,1,2,1079541.8394999988,-26932.67949999892,January,Regular Week,Actual
41,2011-01-21,1088025.8,0,32.7,2.973,191.5731924,7.241,2011,1,3,1081715.0541999992,6310.745800000848,January,Regular Week,Actual
41,2011-01-28,1026439.93,0,32.23,3.008,191.667891,7.241,2011,1,4,1054327.1593000013,-27887.229300001287,January,Regular Week,Actual
41,2011-02-04,1179420.5,0,14.56,3.011,191.7625895,7.241,2011,2,5,1155628.3745,23792.125500000082,February,Regular Week,Actual
41,2011-02-11,1150003.36,1,16.81,3.037,191.8572881,7.241,2011,2,6,1166840.1623000002,-16836.802300000098,February,Holiday Week,Actual
41,2011-02-18,1203399.64,0,39.39,3.051,191.9178331,7.241,2011,2,7,1174174.4260000007,29225.21399999922,February,Regular Week,Actual
41,2011-02-25,1099714.93,0,26.1,3.101,191.9647167,7.241,2011,2,8,1126523.0754000018,-26808.1454000019,February,Regular Week,Actual
41,2011-03-04,1229257.7,0,34.99,3.232,192.0116004,7.241,2011,3,9,1139131.8313000002,90125.86869999976,March,Regular Week,Actual
41,2011-03-11,1159089.6,0,31.6,3.372,192.058484,7.241,2011,3,10,1147609.5957999995,11480.004200000549,March,Regular Week,Actual
41,2011-03-18,1115504.26,0,40.19,3.406,192.1237981,7.241,2011,3,11,1130096.2141000007,-14591.954100000672,March,Regular Week,Actual
41,2011-03-25,1140578.16,0,41.11,3.414,192.1964844,7.241,2011,3,12,1143972.015299999,-3393.855299999006,March,Regular Week,Actual
41,2011-04-01,1179125.48,0,38.16,3.461,192.2691707,6.934,2011,4,13,1180690.4776999997,-1564.9976999997161,April,Regular Week,Actual
41,2011-04-08,1206252.12,0,42.87,3.532,192.3418571,6.934,2011,4,14,1207352.7933000003,-1100.6733000001404,April,Regular Week,Actual
41,2011-04-15,1192982.07,0,39.94,3.611,192.4225954,6.934,2011,4,15,1198445.8540999978,-5463.78409999772,April,Regular Week,Actual
41,2011-04-22,1304481.75,0,42.86,3.636,192.5234638,6.934,2011,4,16,1264582.3325999992,39899.41740000085,April,Regular Week,Actual
41,2011-04-29,1178841.05,0,39.81,3.663,192.6243322,6.934,2011,4,17,1204525.470299998,-25684.42029999802,April,Regular Week,Actual
41,2011-05-06,1244956.91,0,41.2,3.735,192.7252006,6.934,2011,5,18,1248294.699899998,-3337.7898999981117,May,Regular Week,Actual
41,2011-05-13,1270025.74,0,50.29,3.767,192.826069,6.934,2011,5,19,1276376.4471999987,-6350.707199998666,May,Regular Week,Actual
41,2011-05-20,1244542.33,0,41.11,3.828,192.831317,6.934,2011,5,20,1260882.6492999978,-16340.319299997762,May,Regular Week,Actual
41,2011-05-27,1278304.33,0,50.56,3.795,192.8365651,6.934,2011,5,21,1282789.2729999989,-4484.942999998806,May,Regular Week,Actual
41,2011-06-03,1297584.95,0,54.81,3.763,192.8418131,6.934,2011,6,22,1291741.921500001,5843.028499998851,June,Regular Week,Actual
41,2011-06-10,1311690.11,0,61.1,3.735,192.8470612,6.934,2011,6,23,1301576.6676000003,10113.442399999825,June,Regular Week,Actual
41,2011-06-17,1289151.84,0,62.3,3.697,192.9034759,6.934,2011,6,24,1295641.6474000018,-6489.807400001679,June,Regular Week,Actual
41,2011-06-24,1244381.98,0,59.54,3.661,192.9982655,6.934,2011,6,25,1288551.034800001,-44169.05480000097,June,Regular Week,Actual
41,2011-07-01,1333347.78,0,67.01,3.597,193.0930552,6.901,2011,7,26,1326749.2796000005,6598.500399999553,July,Regular Week,Actual
41,2011-07-08,1338862.58,0,68.49,3.54,193.1878448,6.901,2011,7,27,1321366.4474999993,17496.132500000764,July,Regular Week,Actual
41,2011-07-15,1245772.7,0,68.18,3.532,193.3125484,6.901,2011,7,28,1268171.0162000014,-22398.316200001398,July,Regular Week,Actual
41,2011-07-22,1292830.93,0,74.11,3.545,193.5120367,6.901,2011,7,29,1294965.0018000016,-2134.071800001664,July,Regular Week,Actual
41,2011-07-29,1248330.1,0,71.3,3.547,193.711525,6.901,2011,7,30,1272495.6056999988,-24165.5056999987,July,Regular Week,Actual
41,2011-08-05,1402233.69,0,72.19,3.554,193.9110133,6.901,2011,8,31,1375616.8094999986,26616.880500001367,August,Regular Week,Actual
41,2011-08-12,1356689.88,0,67.65,3.542,194.1105017,6.901,2011,8,32,1354980.3345999985,1709.5454000013415,August,Regular Week,Actual
41,2011-08-19,1412959.97,0,70.55,3.499,194.2500634,6.901,2011,8,33,1374534.4137999988,38425.556200001156,August,Regular Week,Actual
41,2011-08-26,1328740.71,0,71.61,3.485,194.3796374,6.901,2011,8,34,1346431.4279999977,-17690.71799999778,August,Regular Week,Actual
41,2011-09-02,1283849.38,0,70.37,3.511,194.5092113,6.901,2011,9,35,1335139.6504999986,-51290.2704999987,September,Regular Week,Actual
41,2011-09-09,1280958.97,1,58.31,3.566,194.6387853,6.901,2011,9,36,1266383.3789999997,14575.591000000248,September,Holiday Week,Actual
41,2011-09-16,1197019.39,0,54.82,3.596,194.7419707,6.901,2011,9,37,1209251.1129000008,-12231.722900000867,September,Regular Week,Actual
41,2011-09-23,1173059.79,0,55.06,3.581,194.8099713,6.901,2011,9,38,1189468.8042000013,-16409.014200001257,September,Regular Week,Actual
41,2011-09-30,1160619.61,0,61.77,3.538,194.8779718,6.901,2011,9,39,1183354.9041999998,-22735.294199999655,September,Regular Week,Actual
41,2011-10-07,1277882.77,0,58.74,3.498,194.9459724,6.759,2011,10,40,1215049.4725999997,62833.29740000027,October,Regular Week,Actual
41,2011-10-14,1247130.22,0,47.43,3.491,195.0261012,6.759,2011,10,41,1235895.7533999993,11234.466600000625,October,Regular Week,Actual
41,2011-10-21,1214944.29,0,45.62,3.548,195.1789994,6.759,2011,10,42,1247826.436699999,-32882.14669999899,October,Regular Week,Actual
41,2011-10-28,1274463.02,0,37.02,3.55,195.3318977,6.759,2011,10,43,1273531.9667999991,931.053200000897,October,Regular Week,Actual
41,2011-11-04,1315684.86,0,35.04,3.527,195.4847959,6.759,2011,11,44,1310599.778899999,5085.081100001,November,Regular Week,Actual
41,2011-11-11,1302499.23,0,32.87,3.505,195.6376941,6.759,2011,11,45,1331071.989699999,-28572.759699999122,November,Regular Week,Actual
41,2011-11-18,1230118.02,0,36.64,3.479,195.7184713,6.759,2011,11,46,1365098.768099999,-134980.74809999904,November,Regular Week,Actual
41,2011-11-25,1906713.35,1,36.37,3.424,195.7704,6.759,2011,11,47,1756009.3417999975,150704.0082000026,November,Holiday Week,Actual
41,2011-12-02,1292436.23,0,34.53,3.378,195.8223287,6.759,2011,12,48,1432497.0092,-140060.7792,December,Regular Week,Actual
41,2011-12-09,1548661.45,0,17.05,3.331,195.8742575,6.759,2011,12,49,1555962.8935999991,-7301.443599999184,December,Regular Week,Actual
41,2011-12-16,1682368.32,0,25.01,3.266,195.9841685,6.759,2011,12,50,1692767.3466999978,-10399.026699997718,December,Regular Week,Actual
41,2011-12-23,2263722.68,0,25.59,3.173,196.1713893,6.759,2011,12,51,2095173.2728000018,168549.4071999984,December,Regular Week,Actual
41,2011-12-30,1264014.16,1,34.12,3.119,196.3586101,6.759,2011,12,52,1358454.147399998,-94439.98739999812,December,Holiday Week,Actual
41,2012-01-06,1208191.61,0,37.21,3.095,196.5458309,6.589,2012,1,1,1188857.8199000002,19333.790099999867,January,Regular Week,Actual
41,2012-01-13,1134767.28,0,27.49,3.077,196.7330517,6.589,2012,1,2,1141597.259000001,-6829.979000000982,January,Regular Week,Actual
41,2012-01-20,1116295.24,0,31.56,3.055,196.7796652,6.589,2012,1,3,1127949.613700001,-11654.373700001044,January,Regular Week,Actual
41,2012-01-27,1079398.81,0,33.15,3.038,196.8262786,6.589,2012,1,4,1125942.991100001,-46544.18110000086,January,Regular Week,Actual
41,2012-02-03,1208825.6,0,31.65,3.031,196.8728921,6.589,2012,2,5,1203243.0089999991,5582.591000000946,February,Regular Week,Actual
41,2012-02-10,1238844.56,1,22.0,3.103,196.9195056,6.589,2012,2,6,1254287.8794000004,-15443.319400000386,February,Holiday Week,Actual
41,2012-02-17,1330451.46,0,22.52,3.113,196.9432711,6.589,2012,2,7,1284071.5102999983,46379.94970000163,February,Regular Week,Actual
41,2012-02-24,1224915.66,0,27.89,3.129,196.9499007,6.589,2012,2,8,1240709.2489000002,-15793.588900000323,February,Regular Week,Actual
41,2012-03-02,1239813.26,0,27.39,3.191,196.9565303,6.589,2012,3,9,1238086.734300001,1726.5256999989506,March,Regular Week,Actual
41,2012-03-09,1243814.77,0,35.3,3.286,196.9631599,6.589,2012,3,10,1243244.1578,570.6122000000905,March,Regular Week,Actual
41,2012-03-16,1201511.62,0,47.76,3.486,197.0457208,6.589,2012,3,11,1238792.4524000005,-37280.83240000042,March,Regular Week,Actual
41,2012-03-23,1215354.38,0,44.04,3.664,197.2295234,6.589,2012,3,12,1262284.2602,-46929.880200000014,March,Regular Week,Actual
41,2012-03-30,1239423.19,0,51.56,3.75,197.4133259,6.589,2012,3,13,1309554.6517000005,-70131.46170000057,March,Regular Week,Actual
41,2012-04-06,1460234.31,0,48.48,3.854,197.5971285,6.547,2012,4,14,1405966.7090000017,54267.600999998394,April,Regular Week,Actual
41,2012-04-13,1323004.73,0,46.84,3.901,197.780931,6.547,2012,4,15,1336974.991600002,-13970.261600001948,April,Regular Week,Actual
41,2012-04-20,1220815.33,0,43.57,3.936,197.7227385,6.547,2012,4,16,1305293.5260000015,-84478.1960000014,April,Regular Week,Actual
41,2012-04-27,1248950.65,0,57.66,3.927,197.664546,6.547,2012,4,17,1287013.6387000016,-38062.98870000173,April,Regular Week,Actual
41,2012-05-04,1359770.73,0,52.86,3.903,197.6063534,6.547,2012,5,18,1354393.3195000007,5377.4104999993,May,Regular Week,Actual
41,2012-05-11,1353285.1,0,50.22,3.87,197.5481609,6.547,2012,5,19,1367848.7059999984,-14563.605999998283,May,Regular Week,Actual
41,2012-05-18,1331514.44,0,55.24,3.837,197.5553137,6.547,2012,5,20,1354304.477299999,-22790.037299999036,May,Regular Week,Actual
41,2012-05-25,1424500.47,0,54.89,3.804,197.5886046,6.547,2012,5,21,1396838.0919999992,27662.378000000725,May,Regular Week,Actual
41,2012-06-01,1374891.36,0,57.29,3.764,197.6218954,6.547,2012,6,22,1369159.8538,5731.506200000178,June,Regular Week,Actual
41,2012-06-08,1436383.84,0,65.11,3.741,197.6551863,6.547,2012,6,23,1375119.0669000014,61264.77309999871,June,Regular Week,Actual
41,2012-06-15,1384584.59,0,64.92,3.723,197.692292,6.547,2012,6,24,1375647.6266000017,8936.963399998378,June,Regular Week,Actual
41,2012-06-22,1386407.17,0,66.88,3.735,197.7389345,6.547,2012,6,25,1371982.6070000008,14424.56299999915,June,Regular Week,Actual
41,2012-06-29,1355600.01,0,76.54,3.693,197.785577,6.547,2012,6,26,1358467.5325000016,-2867.5225000015926,June,Regular Week,Actual
41,2012-07-06,1456300.89,0,74.47,3.646,197.8322195,6.432,2012,7,27,1345557.1306000003,110743.75939999963,July,Regular Week,Actual
41,2012-07-13,1332594.07,0,67.24,3.613,197.8788621,6.432,2012,7,28,1344818.4579999978,-12224.387999997707,July,Regular Week,Actual
41,2012-07-20,1347175.93,0,74.06,3.585,197.9290378,6.432,2012,7,29,1346453.4271000018,722.5028999981005,July,Regular Week,Actual
41,2012-07-27,1344723.97,0,73.31,3.57,197.9792136,6.432,2012,7,30,1350228.9345999998,-5504.964599999832,July,Regular Week,Actual
41,2012-08-03,1439607.35,0,73.16,3.528,198.0293893,6.432,2012,8,31,1449349.911399998,-9742.56139999791,August,Regular Week,Actual
41,2012-08-10,1504545.94,0,71.73,3.509,198.0795651,6.432,2012,8,32,1481442.1164999986,23103.823500001337,August,Regular Week,Actual
41,2012-08-17,1560590.05,0,65.77,3.545,198.1001057,6.432,2012,8,33,1512576.3128999986,48013.737100001425,August,Regular Week,Actual
41,2012-08-24,1464462.85,0,69.07,3.558,198.0984199,6.432,2012,8,34,1437281.7984999972,27181.051500002854,August,Regular Week,Actual
41,2012-08-31,1360517.52,0,71.56,3.556,198.0967341,6.432,2012,8,35,1397866.2573999986,-37348.73739999859,August,Regular Week,Actual
41,2012-09-07,1392143.82,1,67.41,3.596,198.0950484,6.432,2012,9,36,1375267.9120999975,16875.907900002552,September,Holiday Week,Actual
41,2012-09-14,1306644.25,0,59.39,3.659,198.1267184,6.432,2012,9,37,1318149.8248999994,-11505.574899999425,September,Regular Week,Actual
41,2012-09-21,1276609.36,0,59.81,3.765,198.358523,6.432,2012,9,38,1299425.2369999993,-22815.876999999164,September,Regular Week,Actual
41,2012-09-28,1307928.01,0,56.08,3.789,198.5903276,6.432,2012,9,39,1332730.559,-24802.548999999883,September,Regular Week,Actual
41,2012-10-05,1400160.95,0,50.14,3.779,198.8221322,6.195,2012,10,40,1371290.5163000005,28870.43369999947,October,Regular Week,Actual
41,2012-10-12,1409544.97,0,39.38,3.76,199.0539368,6.195,2012,10,41,1369321.4378999993,40223.53210000065,October,Regular Week,Actual
41,2012-10-19,1326197.24,0,49.56,3.75,199.1481963,6.195,2012,10,42,1337775.9498999983,-11578.70989999827,October,Regular Week,Actual
41,2012-10-26,1316542.59,0,41.8,3.686,199.2195317,6.195,2012,10,43,1325259.2330000012,-8716.643000001088,October,Regular Week,Actual
42,2010-02-05,543384.01,0,54.34,2.962,126.4420645,9.765,2010,2,5,533468.7924999995,9915.217500000494,February,Regular Week,Actual
42,2010-02-12,575709.96,1,49.96,2.828,126.4962581,9.765,2010,2,6,553669.7461000001,22040.213899999857,February,Holiday Week,Actual
42,2010-02-19,508794.87,0,58.22,2.915,126.5262857,9.765,2010,2,7,514216.36059999926,-5421.4905999992625,February,Regular Week,Actual
42,2010-02-26,491510.58,0,52.77,2.825,126.5522857,9.765,2010,2,8,505717.08579999907,-14206.505799999053,February,Regular Week,Actual
42,2010-03-05,554972.42,0,55.92,2.877,126.5782857,9.765,2010,3,9,516458.2100999994,38514.20990000066,March,Regular Week,Actual
42,2010-03-12,588363.62,0,52.33,3.034,126.6042857,9.765,2010,3,10,505116.0379999999,83247.58200000011,March,Regular Week,Actual
42,2010-03-19,519914.1,0,61.46,3.054,126.6066452,9.765,2010,3,11,513535.8903000003,6378.2096999996575,March,Regular Week,Actual
42,2010-03-26,478021.68,0,60.05,2.98,126.6050645,9.765,2010,3,12,494697.78009999974,-16676.10009999975,March,Regular Week,Actual
42,2010-04-02,505907.41,0,63.66,3.086,126.6034839,9.524,2010,4,13,510493.88009999925,-4586.470099999278,April,Regular Week,Actual
42,2010-04-09,582552.26,0,65.29,3.004,126.6019032,9.524,2010,4,14,542251.7197999996,40300.540200000396,April,Regular Week,Actual
42,2010-04-16,549528.16,0,69.74,3.109,126.5621,9.524,2010,4,15,531753.3243999991,17774.835600000923,April,Regular Week,Actual
42,2010-04-23,492364.77,0,66.42,3.05,126.4713333,9.524,2010,4,16,506980.1054000005,-14615.335400000506,April,Regular Week,Actual
42,2010-04-30,477615.87,0,69.76,3.105,126.3805667,9.524,2010,4,17,495593.53129999974,-17977.661299999745,April,Regular Week,Actual
42,2010-05-07,582846.22,0,71.06,3.127,126.2898,9.524,2010,5,18,557471.0357999991,25375.184200000833,May,Regular Week,Actual
42,2010-05-14,564345.55,0,73.88,3.145,126.2085484,9.524,2010,5,19,552666.1560999992,11679.39390000084,May,Regular Week,Actual
42,2010-05-21,504403.16,0,78.32,3.12,126.1843871,9.524,2010,5,20,520996.88069999905,-16593.720699999074,May,Regular Week,Actual
42,2010-05-28,484097.03,0,76.67,3.058,126.1602258,9.524,2010,5,21,495483.99810000026,-11386.968100000231,May,Regular Week,Actual
42,2010-06-04,556046.12,0,82.82,2.941,126.1360645,9.524,2010,6,22,521320.0261000006,34726.093899999396,June,Regular Week,Actual
42,2010-06-11,607218.6,0,89.67,3.057,126.1119032,9.524,2010,6,23,572319.8140000008,34898.78599999915,June,Regular Week,Actual
42,2010-06-18,529418.64,0,83.49,2.935,126.114,9.524,2010,6,24,566393.8084000009,-36975.1684000009,June,Regular Week,Actual
42,2010-06-25,484327.56,0,90.32,3.084,126.1266,9.524,2010,6,25,513156.9773000005,-28829.417300000496,June,Regular Week,Actual
42,2010-07-02,507168.8,0,92.89,2.978,126.1392,9.199,2010,7,26,518050.4172999994,-10881.617299999401,July,Regular Week,Actual
42,2010-07-09,570069.48,0,91.03,3.1,126.1518,9.199,2010,7,27,556035.1238999992,14034.35610000079,July,Regular Week,Actual
42,2010-07-16,558837.27,0,91.8,2.971,126.1498065,9.199,2010,7,28,522751.80379999935,36085.466200000665,July,Regular Week,Actual
42,2010-07-23,491115.86,0,88.44,3.112,126.1283548,9.199,2010,7,29,559461.8005999994,-68345.94059999939,July,Regular Week,Actual
42,2010-07-30,469598.57,0,85.03,3.017,126.1069032,9.199,2010,7,30,507145.84439999977,-37547.27439999976,July,Regular Week,Actual
42,2010-08-06,579544.21,0,86.13,3.123,126.0854516,9.199,2010,8,31,565934.6274000001,13609.582599999849,August,Regular Week,Actual
42,2010-08-13,583079.97,0,88.37,3.049,126.064,9.199,2010,8,32,566979.5596999994,16100.41030000057,August,Regular Week,Actual
42,2010-08-20,500945.63,0,89.88,3.041,126.0766452,9.199,2010,8,33,540174.1266999996,-39228.49669999955,August,Regular Week,Actual
42,2010-08-27,465993.51,0,84.99,3.022,126.0892903,9.199,2010,8,34,498560.87439999974,-32567.36439999973,August,Regular Week,Actual
42,2010-09-03,524658.06,0,83.8,3.087,126.1019355,9.199,2010,9,35,533436.6247000002,-8778.564700000104,September,Regular Week,Actual
42,2010-09-10,589091.04,1,84.04,2.961,126.1145806,9.199,2010,9,36,514812.51390000014,74278.5260999999,September,Holiday Week,Actual
42,2010-09-17,536871.58,0,85.52,3.028,126.1454667,9.199,2010,9,37,523718.4258999992,13153.154100000742,September,Regular Week,Actual
42,2010-09-24,492262.96,0,85.75,2.939,126.1900333,9.199,2010,9,38,507379.4253000003,-15116.465300000273,September,Regular Week,Actual
42,2010-10-01,481523.93,0,86.01,3.001,126.2346,9.003,2010,10,39,492681.6097999998,-11157.679799999809,October,Regular Week,Actual
42,2010-10-08,599759.45,0,77.04,2.924,126.2791667,9.003,2010,10,40,560813.9417000004,38945.50829999952,October,Regular Week,Actual
42,2010-10-15,559285.35,0,75.48,3.08,126.3266774,9.003,2010,10,41,534412.4654999995,24872.88450000051,October,Regular Week,Actual
42,2010-10-22,522467.51,0,68.12,3.014,126.3815484,9.003,2010,10,42,512385.19739999966,10082.312600000354,October,Regular Week,Actual
42,2010-10-29,476967.65,0,68.76,3.13,126.4364194,9.003,2010,10,43,513138.2199999993,-36170.56999999925,October,Regular Week,Actual
42,2010-11-05,565390.4,0,71.04,3.009,126.4912903,9.003,2010,11,44,509298.8607999997,56091.53920000035,November,Regular Week,Actual
42,2010-11-12,588592.61,0,61.24,3.13,126.5461613,9.003,2010,11,45,563297.5117999997,25295.09820000024,November,Regular Week,Actual
42,2010-11-19,524316.21,0,58.83,3.047,126.6072,9.003,2010,11,46,528137.7152000003,-3821.5052000003634,November,Regular Week,Actual
42,2010-11-26,522296.71,1,55.33,3.162,126.6692667,9.003,2010,11,47,530959.4560000004,-8662.746000000334,November,Holiday Week,Actual
42,2010-12-03,500250.8,0,51.17,3.041,126.7313333,9.003,2010,12,48,513144.6738999996,-12893.873899999599,December,Regular Week,Actual
42,2010-12-10,585175.24,0,60.51,3.091,126.7934,9.003,2010,12,49,566425.2617000003,18749.978299999726,December,Regular Week,Actual
42,2010-12-17,537455.65,0,59.15,3.125,126.8794839,9.003,2010,12,50,561580.9632000003,-24125.313200000324,December,Regular Week,Actual
42,2010-12-24,555075.27,0,57.06,3.236,126.9835806,9.003,2010,12,51,538033.1482000009,17042.12179999915,December,Regular Week,Actual
42,2010-12-31,428953.6,1,49.67,3.148,127.0876774,9.003,2010,12,52,483591.5452000006,-54637.9452000006,December,Holiday Week,Actual
42,2011-01-07,592947.75,0,43.43,3.287,127.1917742,8.744,2011,1,1,585301.1089999991,7646.641000000876,January,Regular Week,Actual
42,2011-01-14,613899.15,0,49.98,3.312,127.3009355,8.744,2011,1,2,592835.7464999991,21063.403500000946,January,Regular Week,Actual
42,2011-01-21,533414.62,0,56.75,3.336,127.4404839,8.744,2011,1,3,572440.3008999996,-39025.68089999957,January,Regular Week,Actual
42,2011-01-28,499081.79,0,53.03,3.231,127.5800323,8.744,2011,1,4,526766.3437999993,-27684.553799999354,January,Regular Week,Actual
42,2011-02-04,586886.16,0,44.88,3.348,127.7195806,8.744,2011,2,5,583893.696799999,2992.463200001046,February,Regular Week,Actual
42,2011-02-11,628063.88,1,51.51,3.381,127.859129,8.744,2011,2,6,609727.4792000005,18336.40079999948,February,Holiday Week,Actual
42,2011-02-18,556485.1,0,61.77,3.43,127.99525,8.744,2011,2,7,564175.6399000006,-7690.539900000673,February,Regular Week,Actual
42,2011-02-25,526904.08,0,53.59,3.398,128.13,8.744,2011,2,8,544908.9164999991,-18004.83649999916,February,Regular Week,Actual
42,2011-03-04,570879.04,0,56.96,3.674,128.26475,8.744,2011,3,9,565532.5912999996,5346.448700000416,March,Regular Week,Actual
42,2011-03-11,607294.56,0,64.22,3.63,128.3995,8.744,2011,3,10,583321.4695000004,23973.0904999997,March,Regular Week,Actual
42,2011-03-18,558239.32,0,70.12,3.892,128.5121935,8.744,2011,3,11,551326.9629000002,6912.35709999979,March,Regular Week,Actual
42,2011-03-25,522673.62,0,62.53,3.716,128.6160645,8.744,2011,3,12,536748.1220999997,-14074.502099999692,March,Regular Week,Actual
42,2011-04-01,508432.17,0,67.64,3.772,128.7199355,8.494,2011,4,13,523548.4387000009,-15116.268700000888,April,Regular Week,Actual
42,2011-04-08,620087.35,0,73.03,3.818,128.8238065,8.494,2011,4,14,529495.8223000006,90591.5276999994,April,Regular Week,Actual
42,2011-04-15,597644.02,0,61.05,4.089,128.9107333,8.494,2011,4,15,576743.392300001,20900.627699999022,April,Regular Week,Actual
42,2011-04-22,534597.69,0,75.93,3.917,128.9553,8.494,2011,4,16,554489.9346000007,-19892.24460000079,April,Regular Week,Actual
42,2011-04-29,496010.17,0,73.38,4.151,128.9998667,8.494,2011,4,17,535316.4131000009,-39306.24310000095,April,Regular Week,Actual
42,2011-05-06,612337.35,0,73.56,4.193,129.0444333,8.494,2011,5,18,600178.9740000007,12158.375999999233,May,Regular Week,Actual
42,2011-05-13,603024.75,0,74.04,4.202,129.089,8.494,2011,5,19,600945.9027000002,2078.8472999997903,May,Regular Week,Actual
42,2011-05-20,524559.95,0,72.62,3.99,129.0756774,8.494,2011,5,20,542194.3721000007,-17634.422100000782,May,Regular Week,Actual
42,2011-05-27,503295.29,0,78.62,3.933,129.0623548,8.494,2011,5,21,545261.4438999998,-41966.15389999986,May,Regular Week,Actual
42,2011-06-03,545109.3,0,81.87,3.893,129.0490323,8.494,2011,6,22,549465.2839999996,-4355.983999999589,June,Regular Week,Actual
42,2011-06-10,616701.99,0,84.57,3.981,129.0357097,8.494,2011,6,23,587283.4317000002,29418.5582999998,June,Regular Week,Actual
42,2011-06-17,546675.65,0,87.96,3.935,129.0432,8.494,2011,6,24,562963.2822999995,-16287.632299999474,June,Regular Week,Actual
42,2011-06-24,501780.66,0,90.69,3.807,129.0663,8.494,2011,6,25,523613.91719999915,-21833.257199999178,June,Regular Week,Actual
42,2011-07-01,506343.83,0,95.36,3.842,129.0894,8.257,2011,7,26,516786.64189999923,-10442.811899999215,July,Regular Week,Actual
42,2011-07-08,593234.27,0,88.57,3.793,129.1125,8.257,2011,7,27,579394.8740000005,13839.395999999484,July,Regular Week,Actual
42,2011-07-15,591703.82,0,86.01,3.779,129.1338387,8.257,2011,7,28,576529.7959000001,15174.024099999806,July,Regular Week,Actual
42,2011-07-22,511316.29,0,88.59,3.697,129.1507742,8.257,2011,7,29,549605.5082999999,-38289.21829999989,July,Regular Week,Actual
42,2011-07-29,479256.8,0,86.75,3.694,129.1677097,8.257,2011,7,30,519464.60239999974,-40207.80239999975,July,Regular Week,Actual
42,2011-08-05,572603.33,0,89.8,3.803,129.1846452,8.257,2011,8,31,559145.0382999992,13458.291700000758,August,Regular Week,Actual
42,2011-08-12,603147.26,0,85.61,3.794,129.2015806,8.257,2011,8,32,557323.3949999997,45823.86500000034,August,Regular Week,Actual
42,2011-08-19,526641.23,0,87.4,3.743,129.2405806,8.257,2011,8,33,538687.4809999992,-12046.250999999233,August,Regular Week,Actual
42,2011-08-26,503720.98,0,91.59,3.663,129.2832581,8.257,2011,8,34,542141.4770999997,-38420.49709999969,August,Regular Week,Actual
42,2011-09-02,537124.76,0,91.61,3.798,129.3259355,8.257,2011,9,35,538969.5163999997,-1844.756399999722,September,Regular Week,Actual
42,2011-09-09,608390.94,1,89.06,3.771,129.3686129,8.257,2011,9,36,551539.8110999996,56851.12890000036,September,Holiday Week,Actual
42,2011-09-16,576837.09,0,77.49,3.784,129.4306,8.257,2011,9,37,567449.1784000009,9387.91159999906,September,Regular Week,Actual
42,2011-09-23,528486.45,0,82.51,3.789,129.5183333,8.257,2011,9,38,535786.4953000006,-7300.045300000696,September,Regular Week,Actual
42,2011-09-30,510243.79,0,82.27,3.877,129.6060667,8.257,2011,9,39,517205.6739999994,-6961.883999999438,September,Regular Week,Actual
42,2011-10-07,649111.23,0,75.01,3.827,129.6938,7.874,2011,10,40,613536.6949999991,35574.53500000085,October,Regular Week,Actual
42,2011-10-14,613531.11,0,70.27,3.698,129.7706452,7.874,2011,10,41,575687.2585999998,37843.85140000016,October,Regular Week,Actual
42,2011-10-21,537276.41,0,77.91,3.842,129.7821613,7.874,2011,10,42,546765.5749999994,-9489.164999999339,October,Regular Week,Actual
42,2011-10-28,515599.7,0,72.79,3.843,129.7936774,7.874,2011,10,43,538904.3286000002,-23304.62860000023,October,Regular Week,Actual
42,2011-11-04,597667.21,0,68.57,3.828,129.8051935,7.874,2011,11,44,582007.6134000004,15659.596599999582,November,Regular Week,Actual
42,2011-11-11,643125.29,0,55.28,3.677,129.8167097,7.874,2011,11,45,612462.7556999995,30662.534300000523,November,Regular Week,Actual
42,2011-11-18,567673.87,0,58.97,3.669,129.8268333,7.874,2011,11,46,578693.4810999993,-11019.611099999282,November,Regular Week,Actual
42,2011-11-25,577698.37,1,60.68,3.76,129.8364,7.874,2011,11,47,580109.0022999994,-2410.632299999357,November,Holiday Week,Actual
42,2011-12-02,511883.36,0,57.29,3.701,129.8459667,7.874,2011,12,48,545959.5856999996,-34076.2256999996,December,Regular Week,Actual
42,2011-12-09,619133.48,0,42.58,3.644,129.8555333,7.874,2011,12,49,605376.0889999989,13757.39100000111,December,Regular Week,Actual
42,2011-12-16,598437.98,0,50.53,3.489,129.8980645,7.874,2011,12,50,596921.5441999988,1516.4358000011416,December,Regular Week,Actual
42,2011-12-23,575676.13,0,48.36,3.541,129.9845484,7.874,2011,12,51,594692.3839999989,-19016.25399999891,December,Regular Week,Actual
42,2011-12-30,454412.28,1,48.92,3.428,130.0710323,7.874,2011,12,52,572036.7175999995,-117624.43759999948,December,Holiday Week,Actual
42,2012-01-06,636372.37,0,59.85,3.443,130.1575161,7.545,2012,1,1,627358.5365999996,9013.833400000352,January,Regular Week,Actual
42,2012-01-13,664348.2,0,51.0,3.477,130.244,7.545,2012,1,2,640240.1614000006,24108.03859999939,January,Regular Week,Actual
42,2012-01-20,579499.93,0,54.51,3.66,130.2792258,7.545,2012,1,3,596938.5246000004,-17438.594600000302,January,Regular Week,Actual
42,2012-01-27,538978.67,0,53.59,3.675,130.3144516,7.545,2012,1,4,568500.2935000007,-29521.623500000685,January,Regular Week,Actual
42,2012-02-03,588448.21,0,56.85,3.543,130.3496774,7.545,2012,2,5,591782.0035000006,-3333.793500000611,February,Regular Week,Actual
42,2012-02-10,674919.45,1,55.73,3.722,130.3849032,7.545,2012,2,6,640894.2937000006,34025.15629999933,February,Holiday Week,Actual
42,2012-02-17,606671.5,0,54.12,3.781,130.4546207,7.545,2012,2,7,601703.0546,4968.445399999968,February,Regular Week,Actual
42,2012-02-24,564304.15,0,56.02,3.95,130.5502069,7.545,2012,2,8,579018.3870999995,-14714.237099999445,February,Regular Week,Actual
42,2012-03-02,585895.34,0,57.62,3.882,130.6457931,7.545,2012,3,9,572880.2341999998,13015.105800000136,March,Regular Week,Actual
42,2012-03-09,659816.15,0,57.65,3.963,130.7413793,7.545,2012,3,10,577316.3370999999,82499.81290000014,March,Regular Week,Actual
42,2012-03-16,618767.26,0,62.11,4.273,130.8261935,7.545,2012,3,11,602196.6598,16570.600199999986,March,Regular Week,Actual
42,2012-03-23,561226.38,0,56.54,4.288,130.8966452,7.545,2012,3,12,580857.5272000005,-19631.147200000472,March,Regular Week,Actual
42,2012-03-30,544408.14,0,67.92,4.294,130.9670968,7.545,2012,3,13,562236.5840000004,-17828.444000000367,March,Regular Week,Actual
42,2012-04-06,652312.11,0,65.99,4.282,131.0375484,7.382,2012,4,14,624128.6364999999,28183.47350000008,April,Regular Week,Actual
42,2012-04-13,639123.45,0,70.28,4.254,131.108,7.382,2012,4,15,621394.3651000006,17729.084899999318,April,Regular Week,Actual
42,2012-04-20,552529.23,0,67.75,4.111,131.1173333,7.382,2012,4,16,567081.0370999996,-14551.807099999627,April,Regular Week,Actual
42,2012-04-27,526625.49,0,80.11,4.088,131.1266667,7.382,2012,4,17,547758.2688999999,-21132.778899999917,April,Regular Week,Actual
42,2012-05-04,609274.89,0,77.02,4.058,131.136,7.382,2012,5,18,588730.5983000003,20544.29169999971,May,Regular Week,Actual
42,2012-05-11,643603.69,0,76.03,4.186,131.1453333,7.382,2012,5,19,598196.7063000001,45406.983699999866,May,Regular Week,Actual
42,2012-05-18,590636.38,0,85.19,4.308,131.0983226,7.382,2012,5,20,586702.4499000006,3933.9300999994157,May,Regular Week,Actual
42,2012-05-25,535764.58,0,86.03,4.127,131.0287742,7.382,2012,5,21,556427.9111999993,-20663.331199999317,May,Regular Week,Actual
42,2012-06-01,521953.78,0,80.06,4.277,130.9592258,7.382,2012,6,22,557084.4139000003,-35130.63390000025,June,Regular Week,Actual
42,2012-06-08,642671.48,0,86.87,4.103,130.8896774,7.382,2012,6,23,611137.4148999993,31534.065100000706,June,Regular Week,Actual
42,2012-06-15,606309.13,0,88.58,4.144,130.8295333,7.382,2012,6,24,595082.3805000006,11226.749499999452,June,Regular Week,Actual
42,2012-06-22,540031.29,0,89.92,4.014,130.7929,7.382,2012,6,25,558663.1882999998,-18631.898299999768,June,Regular Week,Actual
42,2012-06-29,507403.77,0,91.36,3.875,130.7562667,7.382,2012,6,26,522382.5256000005,-14978.755600000499,June,Regular Week,Actual
42,2012-07-06,618702.09,0,86.87,3.666,130.7196333,7.17,2012,7,27,604701.9280000009,14000.16199999908,July,Regular Week,Actual
42,2012-07-13,628099.08,0,89.8,3.723,130.683,7.17,2012,7,28,607565.9236999991,20533.156300000846,July,Regular Week,Actual
42,2012-07-20,530318.39,0,84.45,3.589,130.7012903,7.17,2012,7,29,562696.2199000004,-32377.82990000036,July,Regular Week,Actual
42,2012-07-27,516352.21,0,83.98,3.769,130.7195806,7.17,2012,7,30,538654.5878000004,-22302.377800000424,July,Regular Week,Actual
42,2012-08-03,573084.71,0,84.76,3.595,130.737871,7.17,2012,8,31,569210.7701000005,3873.9398999994155,August,Regular Week,Actual
42,2012-08-10,576620.31,0,90.78,3.811,130.7561613,7.17,2012,8,32,561705.8126000005,14914.497399999527,August,Regular Week,Actual
42,2012-08-17,575997.78,0,88.83,4.002,130.7909677,7.17,2012,8,33,556266.4726000003,19731.3073999997,August,Regular Week,Actual
42,2012-08-24,535537.03,0,82.5,4.055,130.8381613,7.17,2012,8,34,536365.3747000006,-828.3447000005981,August,Regular Week,Actual
42,2012-08-31,504760.57,0,86.97,3.886,130.8853548,7.17,2012,8,35,525539.1678000003,-20778.59780000028,August,Regular Week,Actual
42,2012-09-07,617405.35,1,83.07,4.124,130.9325484,7.17,2012,9,36,541705.3925000004,75699.95749999955,September,Holiday Week,Actual
42,2012-09-14,586737.66,0,78.47,3.966,130.9776667,7.17,2012,9,37,573003.2520999992,13734.407900000806,September,Regular Week,Actual
42,2012-09-21,527165.7,0,81.93,4.125,131.0103333,7.17,2012,9,38,537610.7457000003,-10445.045700000366,September,Regular Week,Actual
42,2012-09-28,505978.46,0,82.52,3.966,131.043,7.17,2012,9,39,541470.9863999999,-35492.526399999915,September,Regular Week,Actual
42,2012-10-05,593162.53,0,80.88,4.132,131.0756667,6.943,2012,10,40,576262.2701000003,16900.259899999714,October,Regular Week,Actual
42,2012-10-12,612379.9,0,76.03,4.468,131.1083333,6.943,2012,10,41,595462.3368999994,16917.56310000061,October,Regular Week,Actual
42,2012-10-19,541406.98,0,72.71,4.449,131.1499677,6.943,2012,10,42,579754.0784999994,-38347.09849999938,October,Regular Week,Actual
42,2012-10-26,514756.08,0,70.5,4.301,131.1930968,6.943,2012,10,43,562874.6920999993,-48118.61209999927,October,Regular Week,Actual
43,2010-02-05,647029.28,0,47.31,2.572,203.0642742,9.521,2010,2,5,649189.3865000006,-2160.1065000005765,February,Regular Week,Actual
43,2010-02-12,682918.99,1,47.99,2.548,203.2010968,9.521,2010,2,6,666933.4306000004,15985.559399999562,February,Holiday Week,Actual
43,2010-02-19,658997.55,0,48.77,2.514,203.2479796,9.521,2010,2,7,641694.6164999999,17302.93350000016,February,Regular Week,Actual
43,2010-02-26,618702.79,0,48.77,2.561,203.2798724,9.521,2010,2,8,632249.4356999997,-13546.645699999644,February,Regular Week,Actual
43,2010-03-05,658600.05,0,52.89,2.625,203.3117653,9.521,2010,3,9,650436.5999999992,8163.450000000885,March,Regular Week,Actual
43,2010-03-12,645386.94,0,53.67,2.667,203.3436582,9.521,2010,3,10,646982.5235999994,-1595.5835999994306,March,Regular Week,Actual
43,2010-03-19,668098.49,0,56.0,2.72,203.195159,9.521,2010,3,11,657076.5700000001,11021.919999999925,March,Regular Week,Actual
43,2010-03-26,623097.93,0,54.53,2.732,203.0165945,9.521,2010,3,12,633679.7671999999,-10581.837199999834,March,Regular Week,Actual
43,2010-04-02,650102.8,0,62.19,2.719,202.83803,9.593,2010,4,13,652962.9841999996,-2860.184199999552,April,Regular Week,Actual
43,2010-04-09,693058.34,0,64.37,2.77,202.6594654,9.593,2010,4,14,678323.7745000013,14734.56549999863,April,Regular Week,Actual
43,2010-04-16,675282.2,0,69.46,2.808,202.5351571,9.593,2010,4,15,677611.5685000013,-2329.3685000013793,April,Regular Week,Actual
43,2010-04-23,638957.35,0,62.71,2.795,202.4831905,9.593,2010,4,16,651007.147800001,-12049.79780000099,April,Regular Week,Actual
43,2010-04-30,630740.11,0,66.91,2.78,202.4312238,9.593,2010,4,17,676370.7090000012,-45630.59900000121,April,Regular Week,Actual
43,2010-05-07,691498.6,0,67.16,2.835,202.3792571,9.593,2010,5,18,688270.5377000012,3228.0622999988263,May,Regular Week,Actual
43,2010-05-14,690851.59,0,72.14,2.854,202.3705092,9.593,2010,5,19,684165.7247000015,6685.865299998433,May,Regular Week,Actual
43,2010-05-21,672062.08,0,74.74,2.826,202.6210737,9.593,2010,5,20,680917.8436000013,-8855.763600001344,May,Regular Week,Actual
43,2010-05-28,630315.76,0,78.59,2.759,202.8716382,9.593,2010,5,21,645577.8743999997,-15262.11439999973,May,Regular Week,Actual
43,2010-06-04,682012.53,0,82.76,2.705,203.1222028,9.593,2010,6,22,678949.2683000001,3063.2616999999154,June,Regular Week,Actual
43,2010-06-11,684023.95,0,88.12,2.668,203.3727673,9.593,2010,6,23,669494.668100001,14529.281899998896,June,Regular Week,Actual
43,2010-06-18,700009.77,0,84.9,2.637,203.370619,9.593,2010,6,24,692578.4029000009,7431.367099999101,June,Regular Week,Actual
43,2010-06-25,625196.14,0,88.48,2.653,203.2673857,9.593,2010,6,25,649315.2015000005,-24119.061500000535,June,Regular Week,Actual
43,2010-07-02,667353.79,0,80.17,2.669,203.1641524,9.816,2010,7,26,667893.8879999995,-540.0979999994161,July,Regular Week,Actual
43,2010-07-09,718748.33,0,81.52,2.642,203.060919,9.816,2010,7,27,705609.8112999989,13138.518700001063,July,Regular Week,Actual
43,2010-07-16,696844.36,0,84.17,2.623,203.0538548,9.816,2010,7,28,688281.0412999995,8563.318700000527,July,Regular Week,Actual
43,2010-07-23,649035.55,0,86.6,2.608,203.1750161,9.816,2010,7,29,661771.3190999995,-12735.769099999452,July,Regular Week,Actual
43,2010-07-30,622112.23,0,79.79,2.64,203.2961774,9.816,2010,7,30,643420.819999999,-21308.589999999036,July,Regular Week,Actual
43,2010-08-06,698536.06,0,84.66,2.627,203.4173387,9.816,2010,8,31,695250.8713000007,3285.1886999993585,August,Regular Week,Actual
43,2010-08-13,713479.91,0,86.31,2.692,203.5385,9.816,2010,8,32,670655.8562000004,42824.053799999645,August,Regular Week,Actual
43,2010-08-20,712869.09,0,85.26,2.664,203.5092419,9.816,2010,8,33,696273.8945000008,16595.195499999216,August,Regular Week,Actual
43,2010-08-27,655284.69,0,80.32,2.619,203.4799839,9.816,2010,8,34,661990.1819999993,-6705.491999999387,August,Regular Week,Actual
43,2010-09-03,689326.91,0,80.43,2.577,203.4507258,9.816,2010,9,35,679694.3506999989,9632.559300001129,September,Regular Week,Actual
43,2010-09-10,722120.04,1,81.32,2.565,203.4214677,9.816,2010,9,36,709091.3774999994,13028.662500000675,September,Holiday Week,Actual
43,2010-09-17,725043.04,0,78.86,2.582,203.4499286,9.816,2010,9,37,664249.6258999999,60793.41410000017,September,Regular Week,Actual
43,2010-09-24,650263.95,0,77.42,2.624,203.5216786,9.816,2010,9,38,658203.8264000007,-7939.876400000765,September,Regular Week,Actual
43,2010-10-01,657108.77,0,77.93,2.603,203.5934286,10.21,2010,10,39,659767.118000001,-2658.3480000009295,October,Regular Week,Actual
43,2010-10-08,713332.54,0,72.81,2.633,203.6651786,10.21,2010,10,40,695925.4499999998,17407.0900000002,October,Regular Week,Actual
43,2010-10-15,699852.68,0,68.78,2.72,203.7299032,10.21,2010,10,41,681820.7415,18031.938500000047,October,Regular Week,Actual
43,2010-10-22,680943.03,0,69.46,2.725,203.7770645,10.21,2010,10,42,641696.8502000002,39246.17979999981,October,Regular Week,Actual
43,2010-10-29,610076.32,0,65.88,2.716,203.8242258,10.21,2010,10,43,616536.2522000005,-6459.932200000505,October,Regular Week,Actual
43,2010-11-05,605960.2,0,62.52,2.689,203.8713871,10.21,2010,11,44,612050.6966000008,-6090.496600000886,November,Regular Week,Actual
43,2010-11-12,595421.23,0,59.98,2.728,203.9185484,10.21,2010,11,45,614135.2320000009,-18714.00200000091,November,Regular Week,Actual
43,2010-11-19,589467.35,0,54.96,2.771,203.8191286,10.21,2010,11,46,600447.435900001,-10980.085900000995,November,Regular Week,Actual
43,2010-11-26,633520.34,1,54.76,2.735,203.6952786,10.21,2010,11,47,635209.8270000013,-1689.4870000013616,November,Holiday Week,Actual
43,2010-12-03,557543.62,0,44.56,2.708,203.5714286,10.21,2010,12,48,587984.1461999997,-30440.52619999973,December,Regular Week,Actual
43,2010-12-10,598679.02,0,52.52,2.843,203.4475786,10.21,2010,12,49,606439.2026000009,-7760.182600000873,December,Regular Week,Actual
43,2010-12-17,615761.77,0,56.51,2.869,203.3996521,10.21,2010,12,50,641611.584500001,-25849.814500001026,December,Regular Week,Actual
43,2010-12-24,656637.63,0,57.15,2.886,203.4086682,10.21,2010,12,51,737965.4816000005,-81327.85160000052,December,Regular Week,Actual
43,2010-12-31,534740.3,1,48.61,2.943,203.4176843,10.21,2010,12,52,681057.3002000009,-146317.00020000082,December,Holiday Week,Actual
43,2011-01-07,611796.61,0,40.47,2.976,203.4267005,10.398,2011,1,1,617623.8119999999,-5827.201999999932,January,Regular Week,Actual
43,2011-01-14,614940.07,0,43.45,2.983,203.4840645,10.398,2011,1,2,615345.8153000002,-405.74530000030063,January,Regular Week,Actual
43,2011-01-21,601004.79,0,53.05,3.016,203.8315161,10.398,2011,1,3,600539.6255999997,465.164400000358,January,Regular Week,Actual
43,2011-01-28,562558.27,0,44.98,3.01,204.1789677,10.398,2011,1,4,580231.6837000005,-17673.4137000005,January,Regular Week,Actual
43,2011-02-04,651521.77,0,33.21,2.989,204.5264194,10.398,2011,2,5,599831.0173000003,51690.75269999972,February,Regular Week,Actual
43,2011-02-11,635650.98,1,40.65,3.022,204.873871,10.398,2011,2,6,627049.8321999996,8601.147800000384,February,Holiday Week,Actual
43,2011-02-18,626627.77,0,59.15,3.045,205.1683214,10.398,2011,2,7,620800.9649000007,5826.805099999299,February,Regular Week,Actual
43,2011-02-25,592340.01,0,58.37,3.065,205.4415714,10.398,2011,2,8,604889.4503000001,-12549.440300000133,February,Regular Week,Actual
43,2011-03-04,616345.25,0,60.26,3.288,205.7148214,10.398,2011,3,9,622717.4717000001,-6372.221700000111,March,Regular Week,Actual
43,2011-03-11,629026.75,0,60.24,3.459,205.9880714,10.398,2011,3,10,624670.5856,4356.164400000009,March,Regular Week,Actual
43,2011-03-18,635171.05,0,68.98,3.488,206.225924,10.398,2011,3,11,622667.7259999996,12503.324000000488,March,Regular Week,Actual
43,2011-03-25,585989.1,0,65.53,3.473,206.4496175,10.398,2011,3,12,603157.2175000005,-17168.117500000517,March,Regular Week,Actual
43,2011-04-01,611585.54,0,67.79,3.524,206.6733111,10.581,2011,4,13,614114.7110000002,-2529.171000000206,April,Regular Week,Actual
43,2011-04-08,650418.75,0,70.35,3.622,206.8970046,10.581,2011,4,14,644452.2497000002,5966.50029999984,April,Regular Week,Actual
43,2011-04-15,635758.03,0,65.01,3.743,207.1015429,10.581,2011,4,15,634322.7843000006,1435.2456999993883,April,Regular Week,Actual
43,2011-04-22,638280.67,0,74.49,3.807,207.2581929,10.581,2011,4,16,628092.6172000009,10188.052799999132,April,Regular Week,Actual
43,2011-04-29,611464.21,0,71.34,3.81,207.4148429,10.581,2011,4,17,616398.7809000006,-4934.570900000632,April,Regular Week,Actual
43,2011-05-06,649148.74,0,66.77,3.906,207.5714929,10.581,2011,5,18,651240.2304000002,-2091.4904000002425,May,Regular Week,Actual
43,2011-05-13,684655.91,0,76.03,3.899,207.7281429,10.581,2011,5,19,668309.835499999,16346.074500001036,May,Regular Week,Actual
43,2011-05-20,648330.18,0,74.21,3.907,207.5200622,10.581,2011,5,20,653537.9879999997,-5207.807999999612,May,Regular Week,Actual
43,2011-05-27,578209.63,0,80.89,3.786,207.3119816,10.581,2011,5,21,595358.0350000006,-17148.40500000061,May,Regular Week,Actual
43,2011-06-03,630972.15,0,83.49,3.699,207.1039009,10.581,2011,6,22,626968.6498999996,4003.500100000412,June,Regular Week,Actual
43,2011-06-10,643041.71,0,85.81,3.648,206.8958203,10.581,2011,6,23,642867.6282000005,174.0817999994615,June,Regular Week,Actual
43,2011-06-17,665781.74,0,88.49,3.637,206.8560238,10.581,2011,6,24,652277.5387000004,13504.201299999608,June,Regular Week,Actual
43,2011-06-24,604925.08,0,88.3,3.594,206.9424405,10.581,2011,6,25,615869.2510999993,-10944.171099999337,June,Regular Week,Actual
43,2011-07-01,586781.78,0,91.36,3.524,207.0288571,10.641,2011,7,26,598737.6123000004,-11955.832300000358,July,Regular Week,Actual
43,2011-07-08,651147.83,0,87.02,3.48,207.1152738,10.641,2011,7,27,628909.4135999995,22238.416400000453,July,Regular Week,Actual
43,2011-07-15,631827.38,0,84.67,3.575,207.1940691,10.641,2011,7,28,621225.9538000007,10601.426199999289,July,Regular Week,Actual
43,2011-07-22,597354.39,0,88.58,3.651,207.2538111,10.641,2011,7,29,595606.7004000006,1747.6895999994595,July,Regular Week,Actual
43,2011-07-29,533917.52,0,83.43,3.682,207.313553,10.641,2011,7,30,563052.3286000008,-29134.808600000804,July,Regular Week,Actual
43,2011-08-05,605956.59,0,87.47,3.684,207.3732949,10.641,2011,8,31,591436.3544000011,14520.23559999885,August,Regular Week,Actual
43,2011-08-12,595626.56,0,86.64,3.638,207.4330369,10.641,2011,8,32,599177.0749000008,-3550.514900000766,August,Regular Week,Actual
43,2011-08-19,663396.32,0,82.08,3.554,207.4953088,10.641,2011,8,33,590957.3724000003,72438.9475999996,August,Regular Week,Actual
43,2011-08-26,561573.08,0,87.43,3.523,207.5580023,10.641,2011,8,34,573451.9534999992,-11878.873499999288,August,Regular Week,Actual
43,2011-09-02,594224.9,0,87.84,3.533,207.6206959,10.641,2011,9,35,591493.7269999993,2731.1730000007665,September,Regular Week,Actual
43,2011-09-09,649128.23,1,79.29,3.546,207.6833894,10.641,2011,9,36,610687.4838,38440.746199999936,September,Holiday Week,Actual
43,2011-09-16,618877.13,0,77.17,3.526,207.8527143,10.641,2011,9,37,609763.5622000007,9113.567799999262,September,Regular Week,Actual
43,2011-09-23,586108.13,0,78.98,3.467,208.1642143,10.641,2011,9,38,578684.4463000003,7423.683699999703,September,Regular Week,Actual
43,2011-09-30,555183.72,0,78.97,3.355,208.4757143,10.641,2011,9,39,566846.2231999997,-11662.503199999686,September,Regular Week,Actual
43,2011-10-07,642828.62,0,74.17,3.285,208.7872143,10.148,2011,10,40,628680.4403999994,14148.179600000614,October,Regular Week,Actual
43,2011-10-14,590984.56,0,68.09,3.274,209.0752166,10.148,2011,10,41,603937.3535000002,-12952.793500000145,October,Regular Week,Actual
43,2011-10-21,594625.96,0,70.3,3.353,209.2222327,10.148,2011,10,42,598819.7036000004,-4193.7436000003945,October,Regular Week,Actual
43,2011-10-28,572516.57,0,66.82,3.372,209.3692488,10.148,2011,10,43,584933.6204000002,-12417.050400000298,October,Regular Week,Actual
43,2011-11-04,641905.37,0,59.08,3.332,209.516265,10.148,2011,11,44,629931.2752999994,11974.094700000598,November,Regular Week,Actual
43,2011-11-11,615975.5,0,51.26,3.297,209.6632811,10.148,2011,11,45,618408.6697000001,-2433.169700000086,November,Regular Week,Actual
43,2011-11-18,628115.61,0,57.75,3.308,209.8651071,10.148,2011,11,46,623995.8486999996,4119.761300000362,November,Regular Week,Actual
43,2011-11-25,669965.22,1,55.7,3.236,210.0888571,10.148,2011,11,47,652923.1107999996,17042.109200000414,November,Holiday Week,Actual
43,2011-12-02,585028.26,0,47.49,3.172,210.3126071,10.148,2011,12,48,606162.1952999997,-21133.935299999663,December,Regular Week,Actual
43,2011-12-09,617898.07,0,34.23,3.158,210.5363571,10.148,2011,12,49,621974.3649,-4076.2949000000954,December,Regular Week,Actual
43,2011-12-16,665007.08,0,43.78,3.159,210.7365392,10.148,2011,12,50,664774.8690999993,232.21090000064578,December,Regular Week,Actual
43,2011-12-23,676290.46,0,42.63,3.112,210.9052972,10.148,2011,12,51,767823.2257999998,-91532.76579999982,December,Regular Week,Actual
43,2011-12-30,505405.85,1,41.83,3.129,211.0740553,10.148,2011,12,52,711417.6707000001,-206011.82070000016,December,Holiday Week,Actual
43,2012-01-06,670993.01,0,47.59,3.157,211.2428134,9.653,2012,1,1,651686.0681999997,19306.941800000262,January,Regular Week,Actual
43,2012-01-13,663529.64,0,43.68,3.261,211.4115714,9.653,2012,1,2,650798.5140000002,12731.125999999815,January,Regular Week,Actual
43,2012-01-20,619225.65,0,52.72,3.268,211.4997811,9.653,2012,1,3,621779.8865999995,-2554.23659999948,January,Regular Week,Actual
43,2012-01-27,587685.38,0,52.1,3.29,211.5879908,9.653,2012,1,4,601770.4886000006,-14085.108600000618,January,Regular Week,Actual
43,2012-02-03,629176.71,0,51.92,3.36,211.6762005,9.653,2012,2,5,622716.1502000005,6460.559799999464,February,Regular Week,Actual
43,2012-02-10,662198.65,1,46.54,3.409,211.7644101,9.653,2012,2,6,634115.4502000003,28083.19979999971,February,Holiday Week,Actual
43,2012-02-17,660632.05,0,49.38,3.51,211.916835,9.653,2012,2,7,623592.4667,37039.58330000006,February,Regular Week,Actual
43,2012-02-24,613042.97,0,53.53,3.555,212.1174212,9.653,2012,2,8,616098.7278999995,-3055.757899999502,February,Regular Week,Actual
43,2012-03-02,693249.98,0,56.43,3.63,212.3180074,9.653,2012,3,9,669279.6781999994,23970.301800000598,March,Regular Week,Actual
43,2012-03-09,636677.67,0,54.52,3.669,212.5185936,9.653,2012,3,10,642361.9934000005,-5684.3234000004595,March,Regular Week,Actual
43,2012-03-16,661707.02,0,57.88,3.734,212.6651567,9.653,2012,3,11,653878.0294000009,7828.990599999088,March,Regular Week,Actual
43,2012-03-23,610940.94,0,56.28,3.787,212.7396889,9.653,2012,3,12,623906.9716999998,-12966.031699999818,March,Regular Week,Actual
43,2012-03-30,623258.4,0,69.88,3.845,212.8142212,9.653,2012,3,13,624070.2830999998,-811.8830999997444,March,Regular Week,Actual
43,2012-04-06,658468.27,0,64.7,3.891,212.8887535,9.575,2012,4,14,656500.8018000011,1967.4681999989552,April,Regular Week,Actual
43,2012-04-13,665687.92,0,70.18,3.891,212.9632857,9.575,2012,4,15,658502.4220000008,7185.4979999992065,April,Regular Week,Actual
43,2012-04-20,638144.98,0,67.28,3.877,213.0130524,9.575,2012,4,16,657189.1766000008,-19044.19660000084,April,Regular Week,Actual
43,2012-04-27,593138.59,0,78.27,3.814,213.062819,9.575,2012,4,17,601722.370500001,-8583.780500001041,April,Regular Week,Actual
43,2012-05-04,637964.2,0,77.47,3.749,213.1125857,9.575,2012,5,18,630698.938100001,7265.261899998994,May,Regular Week,Actual
43,2012-05-11,640159.04,0,67.59,3.688,213.1623524,9.575,2012,5,19,638237.1073999996,1921.9326000004075,May,Regular Week,Actual
43,2012-05-18,648541.81,0,72.06,3.63,213.1753618,9.575,2012,5,20,644612.1534000005,3929.656599999522,May,Regular Week,Actual
43,2012-05-25,597406.39,0,82.41,3.561,213.1736682,9.575,2012,5,21,604238.3698000002,-6831.979800000205,May,Regular Week,Actual
43,2012-06-01,605078.62,0,80.89,3.501,213.1719747,9.575,2012,6,22,606028.5785999997,-949.9585999996634,June,Regular Week,Actual
43,2012-06-08,643032.51,0,85.73,3.452,213.1702811,9.575,2012,6,23,636489.8812999998,6542.628700000234,June,Regular Week,Actual
43,2012-06-15,634815.1,0,87.75,3.393,213.1786952,9.575,2012,6,24,629285.3955000004,5529.704499999527,June,Regular Week,Actual
43,2012-06-22,613270.79,0,87.51,3.346,213.2123786,9.575,2012,6,25,615180.8640999998,-1910.074099999736,June,Regular Week,Actual
43,2012-06-29,593128.13,0,89.85,3.286,213.2460619,9.575,2012,6,26,604235.0397000005,-11106.909700000542,June,Regular Week,Actual
43,2012-07-06,645618.59,0,82.68,3.227,213.2797452,9.285,2012,7,27,633722.6955000008,11895.894499999122,July,Regular Week,Actual
43,2012-07-13,627634.04,0,78.82,3.256,213.3134286,9.285,2012,7,28,624961.0664999996,2672.9735000004293,July,Regular Week,Actual
43,2012-07-20,596554.05,0,83.83,3.311,213.3219124,9.285,2012,7,29,603778.4298999996,-7224.379899999592,July,Regular Week,Actual
43,2012-07-27,572447.52,0,82.01,3.407,213.3303963,9.285,2012,7,30,583286.1841000007,-10838.664100000635,July,Regular Week,Actual
43,2012-08-03,614378.94,0,85.06,3.417,213.3388802,9.285,2012,8,31,612061.1559999998,2317.7840000001015,August,Regular Week,Actual
43,2012-08-10,643558.78,0,86.36,3.494,213.3473641,9.285,2012,8,32,628459.8125000003,15098.967499999679,August,Regular Week,Actual
43,2012-08-17,640210.85,0,85.66,3.571,213.4226959,9.285,2012,8,33,631179.4446000007,9031.405399999232,August,Regular Week,Actual
43,2012-08-24,598234.64,0,81.65,3.62,213.5481636,9.285,2012,8,34,600397.5521000002,-2162.9121000001905,August,Regular Week,Actual
43,2012-08-31,593141.29,0,81.12,3.638,213.6736313,9.285,2012,8,35,597190.2254999997,-4048.935499999672,August,Regular Week,Actual
43,2012-09-07,663814.18,1,84.99,3.73,213.7990991,9.285,2012,9,36,646733.0580999998,17081.12190000026,September,Holiday Week,Actual
43,2012-09-14,625196.94,0,73.03,3.717,213.9332167,9.285,2012,9,37,624268.7980999997,928.1419000002788,September,Regular Week,Actual
43,2012-09-21,601990.02,0,75.87,3.721,214.1192333,9.285,2012,9,38,608721.6591000011,-6731.639100001077,September,Regular Week,Actual
43,2012-09-28,577792.32,0,77.55,3.666,214.30525,9.285,2012,9,39,593632.5095000004,-15840.189500000444,September,Regular Week,Actual
43,2012-10-05,642614.89,0,74.09,3.617,214.4912667,8.839,2012,10,40,631628.9032000002,10985.986799999839,October,Regular Week,Actual
43,2012-10-12,619369.72,0,71.14,3.601,214.6772833,8.839,2012,10,41,623586.8665999993,-4217.14659999928,October,Regular Week,Actual
43,2012-10-19,623919.23,0,71.25,3.594,214.7212488,8.839,2012,10,42,621405.9033999991,2513.3266000008443,October,Regular Week,Actual
43,2012-10-26,587603.55,0,69.17,3.506,214.7415392,8.839,2012,10,43,598666.5544999992,-11063.004499999108,October,Regular Week,Actual
44,2010-02-05,281090.95,0,31.53,2.666,126.4420645,8.119,2010,2,5,281663.2379999996,-572.287999999593,February,Regular Week,Actual
44,2010-02-12,286857.13,1,33.16,2.671,126.4962581,8.119,2010,2,6,288424.1850999999,-1567.0550999998813,February,Holiday Week,Actual
44,2010-02-19,267956.3,0,35.7,2.654,126.5262857,8.119,2010,2,7,272271.97350000025,-4315.673500000266,February,Regular Week,Actual
44,2010-02-26,273079.07,0,29.98,2.667,126.5522857,8.119,2010,2,8,288764.03489999985,-15684.964899999846,February,Regular Week,Actual
44,2010-03-05,284617.27,0,40.65,2.681,126.5782857,8.119,2010,3,9,282280.2210999996,2337.0489000004018,March,Regular Week,Actual
44,2010-03-12,272190.83,0,37.62,2.733,126.6042857,8.119,2010,3,10,277247.8388999998,-5057.008899999782,March,Regular Week,Actual
44,2010-03-19,269624.2,0,42.49,2.782,126.6066452,8.119,2010,3,11,280576.08149999974,-10951.881499999727,March,Regular Week,Actual
44,2010-03-26,276279.49,0,41.48,2.819,126.6050645,8.119,2010,3,12,279318.0048999996,-3038.5148999996018,March,Regular Week,Actual
44,2010-04-02,286197.5,0,42.15,2.842,126.6034839,7.972,2010,4,13,282935.64749999985,3261.8525000001537,April,Regular Week,Actual
44,2010-04-09,257361.3,0,38.97,2.877,126.6019032,7.972,2010,4,14,266329.31980000023,-8968.019800000242,April,Regular Week,Actual
44,2010-04-16,280048.74,0,50.39,2.915,126.5621,7.972,2010,4,15,276673.89909999963,3374.8409000003594,April,Regular Week,Actual
44,2010-04-23,278287.04,0,55.66,2.936,126.4713333,7.972,2010,4,16,273151.4075,5135.632500000007,April,Regular Week,Actual
44,2010-04-30,272997.65,0,48.33,2.941,126.3805667,7.972,2010,4,17,277918.7164999998,-4921.0664999997825,April,Regular Week,Actual
44,2010-05-07,285379.86,0,44.42,2.948,126.2898,7.972,2010,5,18,281640.72829999984,3739.1317000001436,May,Regular Week,Actual
44,2010-05-14,286515.92,0,50.15,2.962,126.2085484,7.972,2010,5,19,283820.3379000005,2695.5820999994758,May,Regular Week,Actual
44,2010-05-21,267065.35,0,57.71,2.95,126.1843871,7.972,2010,5,20,274854.7947000004,-7789.4447000004,May,Regular Week,Actual
44,2010-05-28,291891.01,0,53.11,2.908,126.1602258,7.972,2010,5,21,286509.9560000003,5381.053999999713,May,Regular Week,Actual
44,2010-06-04,282351.82,0,59.85,2.871,126.1360645,7.972,2010,6,22,285098.3269000002,-2746.5069000002113,June,Regular Week,Actual
44,2010-06-11,296818.2,0,65.24,2.841,126.1119032,7.972,2010,6,23,293608.27969999966,3209.920300000347,June,Regular Week,Actual
44,2010-06-18,293481.36,0,58.41,2.819,126.114,7.972,2010,6,24,290897.74699999974,2583.613000000245,June,Regular Week,Actual
44,2010-06-25,288247.24,0,71.83,2.82,126.1266,7.972,2010,6,25,294807.3657999999,-6560.125799999922,June,Regular Week,Actual
44,2010-07-02,300628.19,0,78.82,2.814,126.1392,7.804,2010,7,26,296513.9256000002,4114.264399999811,July,Regular Week,Actual
44,2010-07-09,280472.78,0,71.33,2.802,126.1518,7.804,2010,7,27,295076.5105999998,-14603.730599999777,July,Regular Week,Actual
44,2010-07-16,297099.95,0,77.79,2.791,126.1498065,7.804,2010,7,28,294329.64899999974,2770.3010000002687,July,Regular Week,Actual
44,2010-07-23,292680.16,0,82.27,2.797,126.1283548,7.804,2010,7,29,291377.0955000001,1303.0644999998622,July,Regular Week,Actual
44,2010-07-30,275020.96,0,78.94,2.797,126.1069032,7.804,2010,7,30,282878.52230000024,-7857.562300000223,July,Regular Week,Actual
44,2010-08-06,296804.49,0,81.24,2.802,126.0854516,7.804,2010,8,31,292034.4026999997,4770.087300000305,August,Regular Week,Actual
44,2010-08-13,291028.09,0,74.93,2.837,126.064,7.804,2010,8,32,290599.4032999999,428.6867000001366,August,Regular Week,Actual
44,2010-08-20,284740.5,0,76.34,2.85,126.0766452,7.804,2010,8,33,288024.05969999987,-3283.559699999867,August,Regular Week,Actual
44,2010-08-27,293155.08,0,75.31,2.854,126.0892903,7.804,2010,8,34,292163.23439999955,991.8456000004662,August,Regular Week,Actual
44,2010-09-03,295880.12,0,65.71,2.868,126.1019355,7.804,2010,9,35,291692.1230000002,4187.996999999799,September,Regular Week,Actual
44,2010-09-10,283455.13,1,65.74,2.87,126.1145806,7.804,2010,9,36,292922.2308000002,-9467.10080000019,September,Holiday Week,Actual
44,2010-09-17,279364.13,0,66.84,2.875,126.1454667,7.804,2010,9,37,282720.2325,-3356.102499999979,September,Regular Week,Actual
44,2010-09-24,281313.78,0,68.22,2.872,126.1900333,7.804,2010,9,38,283668.7433000002,-2354.9633000001777,September,Regular Week,Actual
44,2010-10-01,300152.45,0,68.74,2.853,126.2346,7.61,2010,10,39,295003.1639999997,5149.286000000313,October,Regular Week,Actual
44,2010-10-08,279524.44,0,63.03,2.841,126.2791667,7.61,2010,10,40,282477.11160000024,-2952.6716000002343,October,Regular Week,Actual
44,2010-10-15,268708.43,0,54.12,2.845,126.3266774,7.61,2010,10,41,272542.73569999984,-3834.3056999998516,October,Regular Week,Actual
44,2010-10-22,270110.3,0,56.89,2.849,126.3815484,7.61,2010,10,42,270971.36770000035,-861.0677000003634,October,Regular Week,Actual
44,2010-10-29,286497.49,0,45.12,2.841,126.4364194,7.61,2010,10,43,283001.79559999966,3495.6944000003277,October,Regular Week,Actual
44,2010-11-05,270516.84,0,49.96,2.831,126.4912903,7.61,2010,11,44,275347.9027999998,-4831.062799999781,November,Regular Week,Actual
44,2010-11-12,281909.79,0,42.55,2.831,126.5461613,7.61,2010,11,45,280929.9450999998,979.8449000002001,November,Regular Week,Actual
44,2010-11-19,284322.52,0,42.0,2.842,126.6072,7.61,2010,11,46,282993.49109999975,1329.0289000002667,November,Regular Week,Actual
44,2010-11-26,307646.5,1,28.22,2.83,126.6692667,7.61,2010,11,47,299180.83009999996,8465.669900000037,November,Holiday Week,Actual
44,2010-12-03,264214.12,0,25.8,2.812,126.7313333,7.61,2010,12,48,290696.1407000001,-26482.02070000011,December,Regular Week,Actual
44,2010-12-10,278253.28,0,36.78,2.817,126.7934,7.61,2010,12,49,277353.6506000003,899.6293999997433,December,Regular Week,Actual
44,2010-12-17,278646.35,0,35.21,2.842,126.8794839,7.61,2010,12,50,278510.1043000003,136.24569999967935,December,Regular Week,Actual
44,2010-12-24,365098.24,0,34.9,2.846,126.9835806,7.61,2010,12,51,275352.12280000024,89746.11719999975,December,Regular Week,Actual
44,2010-12-31,241937.11,1,26.79,2.868,127.0876774,7.61,2010,12,52,298382.5263000001,-56445.4163000001,December,Holiday Week,Actual
44,2011-01-07,288320.38,0,16.94,2.891,127.1917742,7.224,2011,1,1,288963.71469999966,-643.3346999996575,January,Regular Week,Actual
44,2011-01-14,292859.36,0,20.6,2.903,127.3009355,7.224,2011,1,2,289369.39849999966,3489.961500000325,January,Regular Week,Actual
44,2011-01-21,276157.8,0,34.8,2.934,127.4404839,7.224,2011,1,3,277679.61860000016,-1521.8186000001733,January,Regular Week,Actual
44,2011-01-28,276011.4,0,31.64,2.96,127.5800323,7.224,2011,1,4,279651.61999999965,-3640.219999999623,January,Regular Week,Actual
44,2011-02-04,293953.08,0,23.35,2.974,127.7195806,7.224,2011,2,5,292532.63059999957,1420.4494000004488,February,Regular Week,Actual
44,2011-02-11,307486.73,1,30.83,3.034,127.859129,7.224,2011,2,6,300219.4225000001,7267.307499999879,February,Holiday Week,Actual
44,2011-02-18,280785.76,0,40.85,3.062,127.99525,7.224,2011,2,7,282359.8893,-1574.1292999999714,February,Regular Week,Actual
44,2011-02-25,279427.93,0,33.17,3.12,128.13,7.224,2011,2,8,281648.1377999998,-2220.2077999998,February,Regular Week,Actual
44,2011-03-04,293984.54,0,34.23,3.23,128.26475,7.224,2011,3,9,288908.23119999963,5076.308800000348,March,Regular Week,Actual
44,2011-03-11,284496.14,0,41.28,3.346,128.3995,7.224,2011,3,10,285707.2916000002,-1211.1516000001575,March,Regular Week,Actual
44,2011-03-18,281699.68,0,44.69,3.407,128.5121935,7.224,2011,3,11,282788.76249999984,-1089.082499999844,March,Regular Week,Actual
44,2011-03-25,285031.81,0,42.38,3.435,128.6160645,7.224,2011,3,12,284633.4192999997,398.39070000028005,March,Regular Week,Actual
44,2011-04-01,281514.26,0,42.49,3.487,128.7199355,6.906,2011,4,13,284580.52970000025,-3066.269700000237,April,Regular Week,Actual
44,2011-04-08,292498.61,0,42.75,3.547,128.8238065,6.906,2011,4,14,288404.8376999999,4093.7723000000697,April,Regular Week,Actual
44,2011-04-15,289667.55,0,41.72,3.616,128.9107333,6.906,2011,4,15,288597.1139000003,1070.4360999997007,April,Regular Week,Actual
44,2011-04-22,280357.3,0,47.55,3.655,128.9553,6.906,2011,4,16,282466.25420000026,-2108.9542000002693,April,Regular Week,Actual
44,2011-04-29,281247.97,0,43.85,3.683,128.9998667,6.906,2011,4,17,285046.34419999993,-3798.374199999962,April,Regular Week,Actual
44,2011-05-06,299354.67,0,47.75,3.744,129.0444333,6.906,2011,5,18,300154.11570000055,-799.4457000005641,May,Regular Week,Actual
44,2011-05-13,307095.31,0,52.4,3.77,129.089,6.906,2011,5,19,306476.28479999973,619.0252000002656,May,Regular Week,Actual
44,2011-05-20,303559.23,0,52.12,3.802,129.0756774,6.906,2011,5,20,305017.62629999995,-1458.396299999964,May,Regular Week,Actual
44,2011-05-27,308442.49,0,54.62,3.778,129.0623548,6.906,2011,5,21,308323.3544999994,119.13550000061514,May,Regular Week,Actual
44,2011-06-03,308950.04,0,52.76,3.752,129.0490323,6.906,2011,6,22,307943.49369999964,1006.5463000003365,June,Regular Week,Actual
44,2011-06-10,308770.42,0,61.39,3.732,129.0357097,6.906,2011,6,23,306871.2091000003,1899.2108999996562,June,Regular Week,Actual
44,2011-06-17,300255.87,0,63.35,3.704,129.0432,6.906,2011,6,24,305828.90510000027,-5573.03510000027,June,Regular Week,Actual
44,2011-06-24,296765.59,0,66.38,3.668,129.0663,6.906,2011,6,25,299716.3466999999,-2950.7566999998526,June,Regular Week,Actual
44,2011-07-01,315273.08,0,74.29,3.613,129.0894,6.56,2011,7,26,306598.2301999996,8674.849800000433,July,Regular Week,Actual
44,2011-07-08,295339.01,0,77.3,3.563,129.1125,6.56,2011,7,27,290429.4279000001,4909.582099999883,July,Regular Week,Actual
44,2011-07-15,289201.21,0,75.59,3.553,129.1338387,6.56,2011,7,28,290985.37750000047,-1784.167500000447,July,Regular Week,Actual
44,2011-07-22,303108.81,0,78.5,3.563,129.1507742,6.56,2011,7,29,288038.2098000001,15070.60019999987,July,Regular Week,Actual
44,2011-07-29,279677.0,0,77.62,3.574,129.1677097,6.56,2011,7,30,287113.3576000001,-7436.357600000105,July,Regular Week,Actual
44,2011-08-05,298080.45,0,75.56,3.595,129.1846452,6.56,2011,8,31,294205.45160000015,3874.998399999866,August,Regular Week,Actual
44,2011-08-12,290399.66,0,75.95,3.606,129.2015806,6.56,2011,8,32,294654.0248,-4254.364800000039,August,Regular Week,Actual
44,2011-08-19,290909.69,0,76.68,3.578,129.2405806,6.56,2011,8,33,292712.61140000034,-1802.9214000003412,August,Regular Week,Actual
44,2011-08-26,324174.79,0,81.53,3.57,129.2832581,6.56,2011,8,34,290499.0166000001,33675.77339999989,August,Regular Week,Actual
44,2011-09-02,309543.52,0,77.0,3.58,129.3259355,6.56,2011,9,35,301830.3903999999,7713.129600000102,September,Regular Week,Actual
44,2011-09-09,295811.25,1,70.19,3.619,129.3686129,6.56,2011,9,36,297572.8629,-1761.6129000000074,September,Holiday Week,Actual
44,2011-09-16,303974.28,0,67.54,3.641,129.4306,6.56,2011,9,37,301988.3055000003,1985.9744999997201,September,Regular Week,Actual
44,2011-09-23,307409.13,0,63.6,3.648,129.5183333,6.56,2011,9,38,306292.03709999984,1117.0929000001634,September,Regular Week,Actual
44,2011-09-30,299757.75,0,68.28,3.623,129.6060667,6.56,2011,9,39,300989.09449999995,-1231.3444999999483,September,Regular Week,Actual
44,2011-10-07,312577.36,0,60.62,3.592,129.6938,6.078,2011,10,40,308548.74289999966,4028.6171000003233,October,Regular Week,Actual
44,2011-10-14,293031.78,0,51.74,3.567,129.7706452,6.078,2011,10,41,297470.4897000001,-4438.709700000065,October,Regular Week,Actual
44,2011-10-21,305969.81,0,54.66,3.579,129.7821613,6.078,2011,10,42,305609.96069999965,359.8493000003509,October,Regular Week,Actual
44,2011-10-28,306336.07,0,47.41,3.567,129.7936774,6.078,2011,10,43,302526.8068000002,3809.263199999812,October,Regular Week,Actual
44,2011-11-04,307126.34,0,43.51,3.538,129.8051935,6.078,2011,11,44,308142.9556999999,-1016.6156999998493,November,Regular Week,Actual
44,2011-11-11,312233.56,0,33.8,3.513,129.8167097,6.078,2011,11,45,310902.2373999997,1331.322600000305,November,Regular Week,Actual
44,2011-11-18,310531.04,0,40.65,3.489,129.8268333,6.078,2011,11,46,309643.5566999997,887.4833000002545,November,Regular Week,Actual
44,2011-11-25,309129.01,1,38.89,3.445,129.8364,6.078,2011,11,47,306973.58720000024,2155.4227999997674,November,Holiday Week,Actual
44,2011-12-02,284309.34,0,33.94,3.389,129.8459667,6.078,2011,12,48,306425.4883,-22116.1483,December,Regular Week,Actual
44,2011-12-09,304300.91,0,24.82,3.341,129.8555333,6.078,2011,12,49,312366.06690000015,-8065.156900000176,December,Regular Week,Actual
44,2011-12-16,311144.16,0,27.85,3.282,129.8980645,6.078,2011,12,50,312019.2423000001,-875.0823000001255,December,Regular Week,Actual
44,2011-12-23,376233.89,0,24.76,3.186,129.9845484,6.078,2011,12,51,348676.5414000003,27557.348599999736,December,Regular Week,Actual
44,2011-12-30,263917.85,1,31.53,3.119,130.0710323,6.078,2011,12,52,291277.4669000004,-27359.61690000043,December,Holiday Week,Actual
44,2012-01-06,325327.93,0,33.8,3.08,130.1575161,5.774,2012,1,1,320205.82259999984,5122.107400000154,January,Regular Week,Actual
44,2012-01-13,312361.88,0,25.61,3.056,130.244,5.774,2012,1,2,325470.8161000003,-13108.936100000283,January,Regular Week,Actual
44,2012-01-20,316948.39,0,32.71,3.047,130.2792258,5.774,2012,1,3,318034.2116000002,-1085.8216000001994,January,Regular Week,Actual
44,2012-01-27,308295.38,0,34.32,3.058,130.3144516,5.774,2012,1,4,312415.77499999985,-4120.394999999844,January,Regular Week,Actual
44,2012-02-03,325986.05,0,31.39,3.077,130.3496774,5.774,2012,2,5,321249.16100000025,4736.888999999734,February,Regular Week,Actual
44,2012-02-10,325377.97,1,33.73,3.116,130.3849032,5.774,2012,2,6,320622.6181999998,4755.351800000179,February,Holiday Week,Actual
44,2012-02-17,320691.21,0,36.57,3.119,130.4546207,5.774,2012,2,7,317773.8124000001,2917.3975999999093,February,Regular Week,Actual
44,2012-02-24,315641.8,0,35.38,3.145,130.5502069,5.774,2012,2,8,316728.9462000002,-1087.146200000192,February,Regular Week,Actual
44,2012-03-02,316687.22,0,32.36,3.242,130.6457931,5.774,2012,3,9,316422.09419999993,265.125800000038,March,Regular Week,Actual
44,2012-03-09,303438.24,0,38.24,3.38,130.7413793,5.774,2012,3,10,308038.94479999965,-4600.704799999658,March,Regular Week,Actual
44,2012-03-16,331965.95,0,52.5,3.529,130.8261935,5.774,2012,3,11,321791.33879999956,10174.61120000045,March,Regular Week,Actual
44,2012-03-23,296947.06,0,47.83,3.671,130.8966452,5.774,2012,3,12,304568.92499999976,-7621.864999999758,March,Regular Week,Actual
44,2012-03-30,310027.29,0,53.2,3.734,130.9670968,5.774,2012,3,13,314409.9458999995,-4382.655899999547,March,Regular Week,Actual
44,2012-04-06,320021.1,0,48.85,3.793,131.0375484,5.621,2012,4,14,317564.85690000036,2456.243099999614,April,Regular Week,Actual
44,2012-04-13,311390.22,0,51.7,3.833,131.108,5.621,2012,4,15,314519.02069999976,-3128.800699999789,April,Regular Week,Actual
44,2012-04-20,323233.8,0,50.24,3.845,131.1173333,5.621,2012,4,16,321657.4128000003,1576.3871999997064,April,Regular Week,Actual
44,2012-04-27,330338.36,0,64.8,3.842,131.1266667,5.621,2012,4,17,332015.3040999997,-1676.9440999997314,April,Regular Week,Actual
44,2012-05-04,326053.28,0,54.41,3.831,131.136,5.621,2012,5,18,328734.2527000001,-2680.9727000001003,May,Regular Week,Actual
44,2012-05-11,341381.08,0,56.47,3.809,131.1453333,5.621,2012,5,19,336713.52609999955,4667.553900000465,May,Regular Week,Actual
44,2012-05-18,334042.43,0,65.17,3.808,131.0983226,5.621,2012,5,20,336054.1749999997,-2011.7449999997043,May,Regular Week,Actual
44,2012-05-25,343268.29,0,62.39,3.801,131.0287742,5.621,2012,5,21,339043.8480999996,4224.441900000384,May,Regular Week,Actual
44,2012-06-01,323410.94,0,61.11,3.788,130.9592258,5.621,2012,6,22,329240.64600000036,-5829.706000000355,June,Regular Week,Actual
44,2012-06-08,340238.38,0,68.4,3.776,130.8896774,5.621,2012,6,23,338805.6394999998,1432.740500000189,June,Regular Week,Actual
44,2012-06-15,338400.82,0,65.97,3.756,130.8295333,5.621,2012,6,24,338377.71270000003,23.107299999974202,June,Regular Week,Actual
44,2012-06-22,336241.0,0,72.89,3.737,130.7929,5.621,2012,6,25,338539.6884999999,-2298.688499999873,June,Regular Week,Actual
44,2012-06-29,338386.08,0,82.0,3.681,130.7562667,5.621,2012,6,26,340757.3829999994,-2371.302999999374,June,Regular Week,Actual
44,2012-07-06,358461.58,0,79.23,3.63,130.7196333,5.407,2012,7,27,349071.78849999944,9389.791500000574,July,Regular Week,Actual
44,2012-07-13,336479.49,0,83.68,3.595,130.683,5.407,2012,7,28,338643.80619999947,-2164.3161999994772,July,Regular Week,Actual
44,2012-07-20,337819.16,0,75.69,3.556,130.7012903,5.407,2012,7,29,332428.97100000037,5390.188999999606,July,Regular Week,Actual
44,2012-07-27,319855.26,0,80.42,3.537,130.7195806,5.407,2012,7,30,325025.9392000005,-5170.679200000479,July,Regular Week,Actual
44,2012-08-03,342385.38,0,81.99,3.512,130.737871,5.407,2012,8,31,327994.0326000001,14391.347399999911,August,Regular Week,Actual
44,2012-08-10,333594.81,0,81.69,3.509,130.7561613,5.407,2012,8,32,331479.2877999999,2115.522200000123,August,Regular Week,Actual
44,2012-08-17,327389.51,0,79.4,3.545,130.7909677,5.407,2012,8,33,329126.90180000046,-1737.3918000004487,August,Regular Week,Actual
44,2012-08-24,337985.74,0,77.37,3.582,130.8381613,5.407,2012,8,34,337648.0036999996,337.736300000397,August,Regular Week,Actual
44,2012-08-31,339490.69,0,79.18,3.624,130.8853548,5.407,2012,8,35,341824.13610000006,-2333.4461000000592,August,Regular Week,Actual
44,2012-09-07,338737.33,1,70.65,3.689,130.9325484,5.407,2012,9,36,342016.6443000002,-3279.314300000202,September,Holiday Week,Actual
44,2012-09-14,347726.67,0,68.55,3.749,130.9776667,5.407,2012,9,37,344748.6350000005,2978.0349999995087,September,Regular Week,Actual
44,2012-09-21,336017.6,0,67.96,3.821,131.0103333,5.407,2012,9,38,341624.50090000057,-5606.90090000059,September,Regular Week,Actual
44,2012-09-28,355307.94,0,64.8,3.821,131.043,5.407,2012,9,39,348548.56170000037,6759.378299999633,September,Regular Week,Actual
44,2012-10-05,337390.44,0,61.79,3.815,131.0756667,5.217,2012,10,40,340697.8814000003,-3307.4414000003017,October,Regular Week,Actual
44,2012-10-12,337796.13,0,55.1,3.797,131.1083333,5.217,2012,10,41,335178.36799999984,2617.7620000001625,October,Regular Week,Actual
44,2012-10-19,323766.77,0,52.06,3.781,131.1499677,5.217,2012,10,42,329513.1162999998,-5746.346299999801,October,Regular Week,Actual
44,2012-10-26,361067.07,0,46.97,3.755,131.1930968,5.217,2012,10,43,330608.35689999996,30458.71310000005,October,Regular Week,Actual
45,2010-02-05,890689.51,0,27.31,2.784,181.8711898,8.992,2010,2,5,699831.0203999998,190858.4896000002,February,Regular Week,Actual
45,2010-02-12,656988.64,1,27.73,2.773,181.982317,8.992,2010,2,6,699842.9826000001,-42854.34260000009,February,Holiday Week,Actual
45,2010-02-19,841264.04,0,31.27,2.745,182.0347816,8.992,2010,2,7,805324.2374000002,35939.80259999982,February,Regular Week,Actual
45,2010-02-26,741891.65,0,34.89,2.754,182.0774691,8.992,2010,2,8,758093.844,-16202.194000000018,February,Regular Week,Actual
45,2010-03-05,777951.22,0,37.13,2.777,182.1201566,8.992,2010,3,9,768983.3599999994,8967.860000000568,March,Regular Week,Actual
45,2010-03-12,765687.42,0,45.8,2.818,182.1628441,8.992,2010,3,10,767074.0116000007,-1386.5916000006255,March,Regular Week,Actual
45,2010-03-19,773819.49,0,48.79,2.844,182.0779857,8.992,2010,3,11,771693.2599000001,2126.230099999928,March,Regular Week,Actual
45,2010-03-26,782563.38,0,54.36,2.854,181.9718697,8.992,2010,3,12,777445.1884000003,5118.191599999671,March,Regular Week,Actual
45,2010-04-02,877235.96,0,47.74,2.85,181.8657537,8.899,2010,4,13,764338.1954999998,112897.76450000016,April,Regular Week,Actual
45,2010-04-09,833782.7,0,65.45,2.869,181.7596377,8.899,2010,4,14,783910.6855999999,49872.0144000001,April,Regular Week,Actual
45,2010-04-16,782221.96,0,54.28,2.899,181.6924769,8.899,2010,4,15,770068.2619999996,12153.698000000324,April,Regular Week,Actual
45,2010-04-23,749779.1,0,53.47,2.902,181.6772564,8.899,2010,4,16,763171.1042999998,-13392.004299999797,April,Regular Week,Actual
45,2010-04-30,737265.57,0,53.15,2.921,181.6620359,8.899,2010,4,17,750239.4494999996,-12973.87949999969,April,Regular Week,Actual
45,2010-05-07,812190.76,0,70.75,2.966,181.6468154,8.899,2010,5,18,790909.9631000003,21280.796899999725,May,Regular Week,Actual
45,2010-05-14,758182.2,0,54.26,2.982,181.6612792,8.899,2010,5,19,757759.1465000006,423.0534999993397,May,Regular Week,Actual
45,2010-05-21,747888.25,0,62.62,2.958,181.8538486,8.899,2010,5,20,759238.0161000002,-11349.76610000024,May,Regular Week,Actual
45,2010-05-28,801098.43,0,69.27,2.899,182.0464181,8.899,2010,5,21,795388.2960000006,5710.133999999496,May,Regular Week,Actual
45,2010-06-04,837548.62,0,75.93,2.847,182.2389876,8.899,2010,6,22,797998.9145000007,39549.70549999934,June,Regular Week,Actual
45,2010-06-11,794698.77,0,69.71,2.809,182.4315571,8.899,2010,6,23,797902.2250000006,-3203.45500000054,June,Regular Week,Actual
45,2010-06-18,815130.5,0,72.62,2.78,182.4424199,8.899,2010,6,24,805106.2200000002,10024.279999999795,June,Regular Week,Actual
45,2010-06-25,792299.15,0,79.32,2.808,182.3806,8.899,2010,6,25,796739.289100001,-4440.139100000961,June,Regular Week,Actual
45,2010-07-02,800147.84,0,76.61,2.815,182.3187801,8.743,2010,7,26,797711.0169000014,2436.8230999985244,July,Regular Week,Actual
45,2010-07-09,787062.0,0,82.45,2.793,182.2569603,8.743,2010,7,27,790508.4565000003,-3446.4565000003204,July,Regular Week,Actual
45,2010-07-16,723708.99,0,77.84,2.783,182.2604411,8.743,2010,7,28,733810.0059999999,-10101.015999999945,July,Regular Week,Actual
45,2010-07-23,714601.11,0,81.46,2.771,182.3509895,8.743,2010,7,29,720804.7422999996,-6203.63229999959,July,Regular Week,Actual
45,2010-07-30,716859.27,0,79.78,2.781,182.4415378,8.743,2010,7,30,721361.2546000007,-4501.9846000006655,July,Regular Week,Actual
45,2010-08-06,746517.32,0,77.17,2.784,182.5320862,8.743,2010,8,31,739958.8989999996,6558.421000000322,August,Regular Week,Actual
45,2010-08-13,722262.21,0,78.44,2.805,182.6226346,8.743,2010,8,32,725956.1626,-3693.952600000077,August,Regular Week,Actual
45,2010-08-20,708568.29,0,76.01,2.779,182.6165205,8.743,2010,8,33,718707.5309,-10139.240899999975,August,Regular Week,Actual
45,2010-08-27,721744.33,0,71.36,2.755,182.6104063,8.743,2010,8,34,727842.0813999992,-6097.751399999252,August,Regular Week,Actual
45,2010-09-03,790144.7,0,78.37,2.715,182.6042922,8.743,2010,9,35,764417.8932000009,25726.80679999909,September,Regular Week,Actual
45,2010-09-10,721460.22,1,70.87,2.699,182.598178,8.743,2010,9,36,722782.9816999995,-1322.7616999995662,September,Holiday Week,Actual
45,2010-09-17,716987.58,0,66.55,2.706,182.622509,8.743,2010,9,37,707408.8922999989,9578.687700001057,September,Regular Week,Actual
45,2010-09-24,678228.58,0,68.59,2.713,182.6696737,8.743,2010,9,38,694977.4470999991,-16748.8670999991,September,Regular Week,Actual
45,2010-10-01,690007.76,0,70.58,2.707,182.7168385,8.724,2010,10,39,694999.6794999994,-4991.919499999378,October,Regular Week,Actual
45,2010-10-08,745782.1,0,56.49,2.764,182.7640032,8.724,2010,10,40,735319.4555999999,10462.644400000107,October,Regular Week,Actual
45,2010-10-15,715263.3,0,58.61,2.868,182.8106203,8.724,2010,10,41,723564.413899999,-8301.113899998949,October,Regular Week,Actual
45,2010-10-22,730899.37,0,53.15,2.917,182.8558685,8.724,2010,10,42,732226.5107999991,-1327.1407999991206,October,Regular Week,Actual
45,2010-10-29,732859.76,0,61.3,2.921,182.9011166,8.724,2010,10,43,735195.8993999999,-2336.139399999869,October,Regular Week,Actual
45,2010-11-05,764014.06,0,45.65,2.917,182.9463648,8.724,2010,11,44,765270.4970000007,-1256.4370000006165,November,Regular Week,Actual
45,2010-11-12,765648.93,0,46.14,2.931,182.9916129,8.724,2010,11,45,768177.7969000008,-2528.866900000721,November,Regular Week,Actual
45,2010-11-19,723987.85,0,50.02,3.0,182.8989385,8.724,2010,11,46,739899.2840999999,-15911.434099999955,November,Regular Week,Actual
45,2010-11-26,1182500.16,1,46.15,3.039,182.7832769,8.724,2010,11,47,1116383.4495999983,66116.71040000161,November,Holiday Week,Actual
45,2010-12-03,879244.9,0,40.93,3.046,182.6676154,8.724,2010,12,48,957316.7959000006,-78071.89590000059,December,Regular Week,Actual
45,2010-12-10,1002364.34,0,30.54,3.109,182.5519538,8.724,2010,12,49,1036329.7824000013,-33965.44240000134,December,Regular Week,Actual
45,2010-12-17,1123282.85,0,30.51,3.14,182.517732,8.724,2010,12,50,1155539.5031999995,-32256.65319999936,December,Regular Week,Actual
45,2010-12-24,1682862.03,0,30.59,3.141,182.54459,8.724,2010,12,51,1422051.0863000003,260810.9436999997,December,Regular Week,Actual
45,2010-12-31,679156.2,1,29.67,3.179,182.5714479,8.724,2010,12,52,859611.8610000011,-180455.66100000113,December,Holiday Week,Actual
45,2011-01-07,680254.35,0,34.32,3.193,182.5983058,8.549,2011,1,1,683827.8064999997,-3573.4564999997383,January,Regular Week,Actual
45,2011-01-14,654018.95,0,24.78,3.205,182.6585782,8.549,2011,1,2,659042.5579000005,-5023.607900000527,January,Regular Week,Actual
45,2011-01-21,644285.33,0,30.55,3.229,182.9193368,8.549,2011,1,3,659617.9456999995,-15332.6156999995,January,Regular Week,Actual
45,2011-01-28,617207.58,0,24.05,3.237,183.1800955,8.549,2011,1,4,633324.0261999993,-16116.446199999307,January,Regular Week,Actual
45,2011-02-04,759442.33,0,28.73,3.231,183.4408542,8.549,2011,2,5,732261.0939999991,27181.23600000085,February,Regular Week,Actual
45,2011-02-11,766456.0,1,30.3,3.239,183.7016129,8.549,2011,2,6,756139.3846999997,10316.615300000296,February,Holiday Week,Actual
45,2011-02-18,802253.41,0,40.7,3.245,183.9371353,8.549,2011,2,7,788481.264899999,13772.145100001013,February,Regular Week,Actual
45,2011-02-25,733716.78,0,35.78,3.274,184.1625632,8.549,2011,2,8,746139.8397000002,-12423.059700000216,February,Regular Week,Actual
45,2011-03-04,761880.36,0,38.65,3.433,184.3879911,8.549,2011,3,9,752024.4311999999,9855.92880000011,March,Regular Week,Actual
45,2011-03-11,714014.73,0,45.01,3.582,184.613419,8.549,2011,3,10,730710.6359999992,-16695.90599999926,March,Regular Week,Actual
45,2011-03-18,733564.77,0,46.66,3.631,184.809719,8.549,2011,3,11,738409.8019999999,-4845.03199999989,March,Regular Week,Actual
45,2011-03-25,719737.25,0,41.76,3.625,184.9943679,8.549,2011,3,12,726126.2059000001,-6388.955900000059,March,Regular Week,Actual
45,2011-04-01,712425.76,0,37.27,3.638,185.1790167,8.521,2011,4,13,721240.4329999998,-8814.672999999835,April,Regular Week,Actual
45,2011-04-08,750182.71,0,48.71,3.72,185.3636656,8.521,2011,4,14,754720.9008000002,-4538.190800000215,April,Regular Week,Actual
45,2011-04-15,765270.02,0,53.69,3.821,185.5339821,8.521,2011,4,15,768525.0121000004,-3254.9921000003815,April,Regular Week,Actual
45,2011-04-22,813630.44,0,53.04,3.892,185.6684673,8.521,2011,4,16,779044.7124000002,34585.72759999975,April,Regular Week,Actual
45,2011-04-29,786561.61,0,66.18,3.962,185.8029526,8.521,2011,4,17,797867.9889000001,-11306.378900000127,April,Regular Week,Actual
45,2011-05-06,810150.64,0,58.21,4.046,185.9374378,8.521,2011,5,18,803114.9016000004,7035.738399999565,May,Regular Week,Actual
45,2011-05-13,793889.1,0,60.38,4.066,186.0719231,8.521,2011,5,19,795773.0676000002,-1883.9676000002073,May,Regular Week,Actual
45,2011-05-20,727163.67,0,62.28,4.062,185.9661154,8.521,2011,5,20,796471.4135000003,-69307.74350000022,May,Regular Week,Actual
45,2011-05-27,817653.25,0,69.7,3.985,185.8603077,8.521,2011,5,21,833632.392500001,-15979.142500001006,May,Regular Week,Actual
45,2011-06-03,877423.45,0,76.38,3.922,185.7545,8.521,2011,6,22,848725.8151000013,28697.634899998666,June,Regular Week,Actual
45,2011-06-10,814395.17,0,73.88,3.881,185.6486923,8.521,2011,6,23,811926.8174000011,2468.352599998936,June,Regular Week,Actual
45,2011-06-17,811153.67,0,69.32,3.842,185.6719333,8.521,2011,6,24,804481.5307000012,6672.139299998875,June,Regular Week,Actual
45,2011-06-24,762861.78,0,74.85,3.804,185.7919609,8.521,2011,6,25,780526.7869000008,-17665.006900000735,June,Regular Week,Actual
45,2011-07-01,791495.25,0,74.04,3.748,185.9119885,8.625,2011,7,26,788996.4736000003,2498.7763999997405,July,Regular Week,Actual
45,2011-07-08,768718.11,0,77.49,3.711,186.032016,8.625,2011,7,27,799330.0600000004,-30611.95000000042,July,Regular Week,Actual
45,2011-07-15,748435.2,0,78.47,3.76,186.1399808,8.625,2011,7,28,744608.4799000008,3826.7200999991037,July,Regular Week,Actual
45,2011-07-22,741625.25,0,82.33,3.811,186.2177885,8.625,2011,7,29,737597.8453,4027.4046999999555,July,Regular Week,Actual
45,2011-07-29,704680.97,0,81.31,3.829,186.2955962,8.625,2011,7,30,719220.9359999996,-14539.965999999666,July,Regular Week,Actual
45,2011-08-05,765996.92,0,78.22,3.842,186.3734038,8.625,2011,8,31,749579.5713000009,16417.34869999916,August,Regular Week,Actual
45,2011-08-12,724180.89,0,77.0,3.812,186.4512115,8.625,2011,8,32,725572.0746000004,-1391.1846000003861,August,Regular Week,Actual
45,2011-08-19,712362.72,0,72.98,3.747,186.5093071,8.625,2011,8,33,723019.3187,-10656.598699999973,August,Regular Week,Actual
45,2011-08-26,833979.01,0,72.55,3.704,186.5641172,8.625,2011,8,34,794008.5503000004,39970.45969999966,August,Regular Week,Actual
45,2011-09-02,726482.39,0,70.63,3.703,186.6189274,8.625,2011,9,35,738377.3672000004,-11894.97720000043,September,Regular Week,Actual
45,2011-09-09,746129.56,1,71.48,3.738,186.6737376,8.625,2011,9,36,741030.6358000007,5098.92419999931,September,Holiday Week,Actual
45,2011-09-16,711367.56,0,69.17,3.742,186.8024,8.625,2011,9,37,713532.7819000008,-2165.2219000007026,September,Regular Week,Actual
45,2011-09-23,714106.42,0,63.75,3.711,187.0295321,8.625,2011,9,38,719355.6570000009,-5249.237000000896,September,Regular Week,Actual
45,2011-09-30,698986.34,0,70.66,3.645,187.2566641,8.625,2011,9,39,710089.6167000014,-11103.276700001443,September,Regular Week,Actual
45,2011-10-07,753447.05,0,55.82,3.583,187.4837962,8.523,2011,10,40,752324.702899999,1122.3471000010613,October,Regular Week,Actual
45,2011-10-14,720946.99,0,63.82,3.541,187.6917481,8.523,2011,10,41,735590.5445000001,-14643.554500000086,October,Regular Week,Actual
45,2011-10-21,771686.4,0,59.6,3.57,187.7846197,8.523,2011,10,42,760715.6961999998,10970.70380000025,October,Regular Week,Actual
45,2011-10-28,781694.57,0,51.78,3.569,187.8774913,8.523,2011,10,43,767369.4143000001,14325.155699999887,October,Regular Week,Actual
45,2011-11-04,833429.22,0,43.92,3.551,187.9703629,8.523,2011,11,44,817659.4771999994,15769.74280000059,November,Regular Week,Actual
45,2011-11-11,808624.82,0,47.65,3.53,188.0632345,8.523,2011,11,45,796388.9851999995,12235.834800000419,November,Regular Week,Actual
45,2011-11-18,773603.77,0,51.34,3.53,188.1983654,8.523,2011,11,46,779690.4189,-6086.648900000029,November,Regular Week,Actual
45,2011-11-25,1170672.94,1,48.71,3.492,188.3504,8.523,2011,11,47,1115007.4629999988,55665.47700000112,November,Holiday Week,Actual
45,2011-12-02,875699.81,0,50.19,3.452,188.5024346,8.523,2011,12,48,951132.4164000006,-75432.60640000051,December,Regular Week,Actual
45,2011-12-09,957155.31,0,46.57,3.415,188.6544692,8.523,2011,12,49,1010814.542400001,-53659.23240000091,December,Regular Week,Actual
45,2011-12-16,1078905.68,0,39.93,3.413,188.7979349,8.523,2011,12,50,1057560.9865000017,21344.69349999819,December,Regular Week,Actual
45,2011-12-23,1521957.99,0,42.27,3.389,188.9299752,8.523,2011,12,51,1306219.7403999993,215738.24960000068,December,Regular Week,Actual
45,2011-12-30,869403.63,1,37.79,3.389,189.0620155,8.523,2011,12,52,988106.8966999997,-118703.26669999969,December,Holiday Week,Actual
45,2012-01-06,714081.05,0,35.88,3.422,189.1940558,8.424,2012,1,1,705666.6623999993,8414.387600000715,January,Regular Week,Actual
45,2012-01-13,676615.53,0,41.18,3.513,189.3260962,8.424,2012,1,2,684260.7866000005,-7645.25660000043,January,Regular Week,Actual
45,2012-01-20,700392.21,0,31.85,3.533,189.4214733,8.424,2012,1,3,688789.6990000004,11602.510999999591,January,Regular Week,Actual
45,2012-01-27,624081.64,0,37.93,3.567,189.5168505,8.424,2012,1,4,654506.1526000004,-30424.512600000366,January,Regular Week,Actual
45,2012-02-03,757330.95,0,42.96,3.617,189.6122277,8.424,2012,2,5,758260.9151000007,-929.9651000007289,February,Regular Week,Actual
45,2012-02-10,803657.12,1,37.0,3.64,189.7076048,8.424,2012,2,6,788769.8899999999,14887.230000000098,February,Holiday Week,Actual
45,2012-02-17,858853.75,0,36.85,3.695,189.8424834,8.424,2012,2,7,833965.646,24888.10400000005,February,Regular Week,Actual
45,2012-02-24,753060.78,0,42.86,3.739,190.0069881,8.424,2012,2,8,776988.5094000003,-23927.729400000302,February,Regular Week,Actual
45,2012-03-02,782796.01,0,41.55,3.816,190.1714927,8.424,2012,3,9,784297.832,-1501.8220000000438,March,Regular Week,Actual
45,2012-03-09,776968.87,0,45.52,3.848,190.3359973,8.424,2012,3,10,790142.3058,-13173.435799999977,March,Regular Week,Actual
45,2012-03-16,788340.23,0,50.56,3.862,190.4618964,8.424,2012,3,11,788834.7967999997,-494.56679999968037,March,Regular Week,Actual
45,2012-03-23,791835.37,0,59.45,3.9,190.5363213,8.424,2012,3,12,792455.2806999998,-619.9106999997748,March,Regular Week,Actual
45,2012-03-30,777254.06,0,50.04,3.953,190.6107463,8.424,2012,3,13,800750.1719000009,-23496.111900000833,March,Regular Week,Actual
45,2012-04-06,899479.43,0,49.73,3.996,190.6851712,8.567,2012,4,14,852305.3615000008,47174.06849999924,April,Regular Week,Actual
45,2012-04-13,781970.6,0,51.83,4.044,190.7595962,8.567,2012,4,15,775944.6092000001,6025.990799999912,April,Regular Week,Actual
45,2012-04-20,776661.74,0,63.13,4.027,190.8138013,8.567,2012,4,16,780719.6538999998,-4057.9138999998104,April,Regular Week,Actual
45,2012-04-27,711571.88,0,53.2,4.004,190.8680064,8.567,2012,4,17,734401.2449000003,-22829.364900000277,April,Regular Week,Actual
45,2012-05-04,782300.68,0,55.21,3.951,190.9222115,8.567,2012,5,18,770252.5266000006,12048.153399999486,May,Regular Week,Actual
45,2012-05-11,770487.37,0,61.24,3.889,190.9764167,8.567,2012,5,19,774786.3978999999,-4299.02789999987,May,Regular Week,Actual
45,2012-05-18,800842.28,0,66.3,3.848,190.9964479,8.567,2012,5,20,798660.6587000006,2181.621299999417,May,Regular Week,Actual
45,2012-05-25,817741.17,0,67.21,3.798,191.0028096,8.567,2012,5,21,813294.565800001,4446.604199999012,May,Regular Week,Actual
45,2012-06-01,837144.63,0,74.48,3.742,191.0091712,8.567,2012,6,22,826624.3475000005,10520.282499999506,June,Regular Week,Actual
45,2012-06-08,795133.0,0,64.3,3.689,191.0155329,8.567,2012,6,23,790015.9825,5117.017499999958,June,Regular Week,Actual
45,2012-06-15,821498.18,0,71.93,3.62,191.0299731,8.567,2012,6,24,819070.0951999995,2428.0848000005353,June,Regular Week,Actual
45,2012-06-22,822569.16,0,74.22,3.564,191.0646096,8.567,2012,6,25,818161.1214999987,4408.038500001305,June,Regular Week,Actual
45,2012-06-29,773367.71,0,75.22,3.506,191.0992462,8.567,2012,6,26,813265.7903,-39898.08030000003,June,Regular Week,Actual
45,2012-07-06,843361.1,0,82.99,3.475,191.1338827,8.684,2012,7,27,823162.1528999998,20198.947100000223,July,Regular Week,Actual
45,2012-07-13,749817.08,0,79.97,3.523,191.1685192,8.684,2012,7,28,747426.5598999991,2390.5201000008965,July,Regular Week,Actual
45,2012-07-20,737613.65,0,78.89,3.567,191.1670428,8.684,2012,7,29,734444.5781999993,3169.0718000007328,July,Regular Week,Actual
45,2012-07-27,711671.58,0,77.2,3.647,191.1655664,8.684,2012,7,30,720291.7159999992,-8620.135999999242,July,Regular Week,Actual
45,2012-08-03,725729.51,0,76.58,3.654,191.16409,8.684,2012,8,31,725033.5372999996,695.9727000003913,August,Regular Week,Actual
45,2012-08-10,733037.32,0,78.65,3.722,191.1626135,8.684,2012,8,32,726808.7995999999,6228.520400000038,August,Regular Week,Actual
45,2012-08-17,722496.93,0,75.71,3.807,191.2284919,8.684,2012,8,33,721351.1282999999,1145.8017000001855,August,Regular Week,Actual
45,2012-08-24,718232.26,0,72.62,3.834,191.3448865,8.684,2012,8,34,725097.0779999999,-6864.817999999854,August,Regular Week,Actual
45,2012-08-31,734297.87,0,75.09,3.867,191.461281,8.684,2012,8,35,736217.5752000001,-1919.705200000084,August,Regular Week,Actual
45,2012-09-07,766512.66,1,75.7,3.911,191.5776756,8.684,2012,9,36,749323.3975999993,17189.262400000705,September,Holiday Week,Actual
45,2012-09-14,702238.27,0,67.87,3.948,191.69985,8.684,2012,9,37,710685.0700000008,-8446.800000000745,September,Regular Week,Actual
45,2012-09-21,723086.2,0,65.32,4.038,191.8567038,8.684,2012,9,38,715040.0059000008,8046.194099999149,September,Regular Week,Actual
45,2012-09-28,713173.95,0,64.88,3.997,192.0135577,8.684,2012,9,39,716034.8620000009,-2860.9120000009425,September,Regular Week,Actual
45,2012-10-05,733455.07,0,64.89,3.985,192.1704115,8.667,2012,10,40,720772.6963000009,12682.373699999065,October,Regular Week,Actual
45,2012-10-12,734464.36,0,54.47,4.0,192.3272654,8.667,2012,10,41,732193.4989999997,2270.8610000002664,October,Regular Week,Actual
45,2012-10-19,718125.53,0,56.47,3.969,192.3308542,8.667,2012,10,42,726682.6460000002,-8557.116000000155,October,Regular Week,Actual
45,2012-10-26,760281.43,0,58.85,3.882,192.3088989,8.667,2012,10,43,744440.2169000005,15841.213099999586,October,Regular Week,Actual
